tid,tournament_name,start_date,event_day,month,round,table,player_id,player_name,player_deck,opponent_id,opponent_name,opponent_deck,result
liga-2x2-online-s1-e01,Liga 2x2 Online S1-E01,2026-01-29,2026-01-29,2026-01,1,1,rxCHpUnI6BhF3aqnDJUX#2,Andressa,,rxCHpUnI6BhF3aqnDJUX#1,Carbeauty,,win
liga-2x2-online-s1-e01,Liga 2x2 Online S1-E01,2026-01-29,2026-01-29,2026-01,1,1,rxCHpUnI6BhF3aqnDJUX#2,Andressa,,znBL3tiqw1dZD2kq4HXa#1,Fabio,,win
liga-2x2-online-s1-e01,Liga 2x2 Online S1-E01,2026-01-29,2026-01-29,2026-01,1,1,rxCHpUnI6BhF3aqnDJUX#2,Andressa,,znBL3tiqw1dZD2kq4HXa#2,Luiz,,win
liga-2x2-online-s1-e01,Liga 2x2 Online S1-E01,2026-01-29,2026-01-29,2026-01,1,1,rxCHpUnI6BhF3aqnDJUX#1,Carbeauty,,rxCHpUnI6BhF3aqnDJUX#2,Andressa,,win
liga-2x2-online-s1-e01,Liga 2x2 Online S1-E01,2026-01-29,2026-01-29,2026-01,1,1,rxCHpUnI6BhF3aqnDJUX#1,Carbeauty,,znBL3tiqw1dZD2kq4HXa#1,Fabio,,win
liga-2x2-online-s1-e01,Liga 2x2 Online S1-E01,2026-01-29,2026-01-29,2026-01,1,1,rxCHpUnI6BhF3aqnDJUX#1,Carbeauty,,znBL3tiqw1dZD2kq4HXa#2,Luiz,,win
liga-2x2-online-s1-e01,Liga 2x2 Online S1-E01,2026-01-29,2026-01-29,2026-01,1,1,znBL3tiqw1dZD2kq4HXa#1,Fabio,,rxCHpUnI6BhF3aqnDJUX#2,Andressa,,lose
liga-2x2-online-s1-e01,Liga 2x2 Online S1-E01,2026-01-29,2026-01-29,2026-01,1,1,znBL3tiqw1dZD2kq4HXa#1,Fabio,,rxCHpUnI6BhF3aqnDJUX#1,Carbeauty,,lose
liga-2x2-online-s1-e01,Liga 2x2 Online S1-E01,2026-01-29,2026-01-29,2026-01,1,1,znBL3tiqw1dZD2kq4HXa#1,Fabio,,znBL3tiqw1dZD2kq4HXa#2,Luiz,,lose
liga-2x2-online-s1-e01,Liga 2x2 Online S1-E01,2026-01-29,2026-01-29,2026-01,1,1,znBL3tiqw1dZD2kq4HXa#2,Luiz,,rxCHpUnI6BhF3aqnDJUX#2,Andressa,,lose
liga-2x2-online-s1-e01,Liga 2x2 Online S1-E01,2026-01-29,2026-01-29,2026-01,1,1,znBL3tiqw1dZD2kq4HXa#2,Luiz,,rxCHpUnI6BhF3aqnDJUX#1,Carbeauty,,lose
liga-2x2-online-s1-e01,Liga 2x2 Online S1-E01,2026-01-29,2026-01-29,2026-01,1,1,znBL3tiqw1dZD2kq4HXa#2,Luiz,,znBL3tiqw1dZD2kq4HXa#1,Fabio,,lose
liga-2x2-online-s1-e01,Liga 2x2 Online S1-E01,2026-01-29,2026-01-29,2026-01,1,2,l0Uc9FBlfz6gAsFTSH9U#2,Boone,,uRPALW9SRbM8DFGEbBeQ#1,Felipe Familiar,,draw
liga-2x2-online-s1-e01,Liga 2x2 Online S1-E01,2026-01-29,2026-01-29,2026-01,1,2,l0Uc9FBlfz6gAsFTSH9U#2,Boone,,uRPALW9SRbM8DFGEbBeQ#2,Langa,,draw
liga-2x2-online-s1-e01,Liga 2x2 Online S1-E01,2026-01-29,2026-01-29,2026-01,1,2,l0Uc9FBlfz6gAsFTSH9U#2,Boone,,l0Uc9FBlfz6gAsFTSH9U#1,Reva,,draw
liga-2x2-online-s1-e01,Liga 2x2 Online S1-E01,2026-01-29,2026-01-29,2026-01,1,2,uRPALW9SRbM8DFGEbBeQ#1,Felipe Familiar,,l0Uc9FBlfz6gAsFTSH9U#2,Boone,,draw
liga-2x2-online-s1-e01,Liga 2x2 Online S1-E01,2026-01-29,2026-01-29,2026-01,1,2,uRPALW9SRbM8DFGEbBeQ#1,Felipe Familiar,,uRPALW9SRbM8DFGEbBeQ#2,Langa,,draw
liga-2x2-online-s1-e01,Liga 2x2 Online S1-E01,2026-01-29,2026-01-29,2026-01,1,2,uRPALW9SRbM8DFGEbBeQ#1,Felipe Familiar,,l0Uc9FBlfz6gAsFTSH9U#1,Reva,,draw
liga-2x2-online-s1-e01,Liga 2x2 Online S1-E01,2026-01-29,2026-01-29,2026-01,1,2,uRPALW9SRbM8DFGEbBeQ#2,Langa,,l0Uc9FBlfz6gAsFTSH9U#2,Boone,,draw
liga-2x2-online-s1-e01,Liga 2x2 Online S1-E01,2026-01-29,2026-01-29,2026-01,1,2,uRPALW9SRbM8DFGEbBeQ#2,Langa,,uRPALW9SRbM8DFGEbBeQ#1,Felipe Familiar,,draw
liga-2x2-online-s1-e01,Liga 2x2 Online S1-E01,2026-01-29,2026-01-29,2026-01,1,2,uRPALW9SRbM8DFGEbBeQ#2,Langa,,l0Uc9FBlfz6gAsFTSH9U#1,Reva,,draw
liga-2x2-online-s1-e01,Liga 2x2 Online S1-E01,2026-01-29,2026-01-29,2026-01,1,2,l0Uc9FBlfz6gAsFTSH9U#1,Reva,,l0Uc9FBlfz6gAsFTSH9U#2,Boone,,draw
liga-2x2-online-s1-e01,Liga 2x2 Online S1-E01,2026-01-29,2026-01-29,2026-01,1,2,l0Uc9FBlfz6gAsFTSH9U#1,Reva,,uRPALW9SRbM8DFGEbBeQ#1,Felipe Familiar,,draw
liga-2x2-online-s1-e01,Liga 2x2 Online S1-E01,2026-01-29,2026-01-29,2026-01,1,2,l0Uc9FBlfz6gAsFTSH9U#1,Reva,,uRPALW9SRbM8DFGEbBeQ#2,Langa,,draw
liga-2x2-online-s1-e01,Liga 2x2 Online S1-E01,2026-01-29,2026-01-29,2026-01,1,3,XFnj6iHRxlA9M4LynmFv#2,Jorel,,rsVhe5vz4jEHBziw1Y0v#1,Juliano,,lose
liga-2x2-online-s1-e01,Liga 2x2 Online S1-E01,2026-01-29,2026-01-29,2026-01,1,3,XFnj6iHRxlA9M4LynmFv#2,Jorel,,XFnj6iHRxlA9M4LynmFv#1,Martin,,lose
liga-2x2-online-s1-e01,Liga 2x2 Online S1-E01,2026-01-29,2026-01-29,2026-01,1,3,XFnj6iHRxlA9M4LynmFv#2,Jorel,,rsVhe5vz4jEHBziw1Y0v#2,Mateus,,lose
liga-2x2-online-s1-e01,Liga 2x2 Online S1-E01,2026-01-29,2026-01-29,2026-01,1,3,rsVhe5vz4jEHBziw1Y0v#1,Juliano,,XFnj6iHRxlA9M4LynmFv#2,Jorel,,win
liga-2x2-online-s1-e01,Liga 2x2 Online S1-E01,2026-01-29,2026-01-29,2026-01,1,3,rsVhe5vz4jEHBziw1Y0v#1,Juliano,,XFnj6iHRxlA9M4LynmFv#1,Martin,,win
liga-2x2-online-s1-e01,Liga 2x2 Online S1-E01,2026-01-29,2026-01-29,2026-01,1,3,rsVhe5vz4jEHBziw1Y0v#1,Juliano,,rsVhe5vz4jEHBziw1Y0v#2,Mateus,,win
liga-2x2-online-s1-e01,Liga 2x2 Online S1-E01,2026-01-29,2026-01-29,2026-01,1,3,XFnj6iHRxlA9M4LynmFv#1,Martin,,XFnj6iHRxlA9M4LynmFv#2,Jorel,,lose
liga-2x2-online-s1-e01,Liga 2x2 Online S1-E01,2026-01-29,2026-01-29,2026-01,1,3,XFnj6iHRxlA9M4LynmFv#1,Martin,,rsVhe5vz4jEHBziw1Y0v#1,Juliano,,lose
liga-2x2-online-s1-e01,Liga 2x2 Online S1-E01,2026-01-29,2026-01-29,2026-01,1,3,XFnj6iHRxlA9M4LynmFv#1,Martin,,rsVhe5vz4jEHBziw1Y0v#2,Mateus,,lose
liga-2x2-online-s1-e01,Liga 2x2 Online S1-E01,2026-01-29,2026-01-29,2026-01,1,3,rsVhe5vz4jEHBziw1Y0v#2,Mateus,,XFnj6iHRxlA9M4LynmFv#2,Jorel,,win
liga-2x2-online-s1-e01,Liga 2x2 Online S1-E01,2026-01-29,2026-01-29,2026-01,1,3,rsVhe5vz4jEHBziw1Y0v#2,Mateus,,rsVhe5vz4jEHBziw1Y0v#1,Juliano,,win
liga-2x2-online-s1-e01,Liga 2x2 Online S1-E01,2026-01-29,2026-01-29,2026-01,1,3,rsVhe5vz4jEHBziw1Y0v#2,Mateus,,XFnj6iHRxlA9M4LynmFv#1,Martin,,win
liga-2x2-online-s1-e01,Liga 2x2 Online S1-E01,2026-01-29,2026-01-29,2026-01,1,4,X5LrLopnvGARQgwpYJEb#2,Erick,,X5LrLopnvGARQgwpYJEb#1,Glauber,,lose
liga-2x2-online-s1-e01,Liga 2x2 Online S1-E01,2026-01-29,2026-01-29,2026-01,1,4,X5LrLopnvGARQgwpYJEb#2,Erick,,j2QCbi8rckQctKFUxHEn#1,Samuel,,lose
liga-2x2-online-s1-e01,Liga 2x2 Online S1-E01,2026-01-29,2026-01-29,2026-01,1,4,X5LrLopnvGARQgwpYJEb#2,Erick,,j2QCbi8rckQctKFUxHEn#2,Thiago,,lose
liga-2x2-online-s1-e01,Liga 2x2 Online S1-E01,2026-01-29,2026-01-29,2026-01,1,4,X5LrLopnvGARQgwpYJEb#1,Glauber,,X5LrLopnvGARQgwpYJEb#2,Erick,,lose
liga-2x2-online-s1-e01,Liga 2x2 Online S1-E01,2026-01-29,2026-01-29,2026-01,1,4,X5LrLopnvGARQgwpYJEb#1,Glauber,,j2QCbi8rckQctKFUxHEn#1,Samuel,,lose
liga-2x2-online-s1-e01,Liga 2x2 Online S1-E01,2026-01-29,2026-01-29,2026-01,1,4,X5LrLopnvGARQgwpYJEb#1,Glauber,,j2QCbi8rckQctKFUxHEn#2,Thiago,,lose
liga-2x2-online-s1-e01,Liga 2x2 Online S1-E01,2026-01-29,2026-01-29,2026-01,1,4,j2QCbi8rckQctKFUxHEn#1,Samuel,,X5LrLopnvGARQgwpYJEb#2,Erick,,win
liga-2x2-online-s1-e01,Liga 2x2 Online S1-E01,2026-01-29,2026-01-29,2026-01,1,4,j2QCbi8rckQctKFUxHEn#1,Samuel,,X5LrLopnvGARQgwpYJEb#1,Glauber,,win
liga-2x2-online-s1-e01,Liga 2x2 Online S1-E01,2026-01-29,2026-01-29,2026-01,1,4,j2QCbi8rckQctKFUxHEn#1,Samuel,,j2QCbi8rckQctKFUxHEn#2,Thiago,,win
liga-2x2-online-s1-e01,Liga 2x2 Online S1-E01,2026-01-29,2026-01-29,2026-01,1,4,j2QCbi8rckQctKFUxHEn#2,Thiago,,X5LrLopnvGARQgwpYJEb#2,Erick,,win
liga-2x2-online-s1-e01,Liga 2x2 Online S1-E01,2026-01-29,2026-01-29,2026-01,1,4,j2QCbi8rckQctKFUxHEn#2,Thiago,,X5LrLopnvGARQgwpYJEb#1,Glauber,,win
liga-2x2-online-s1-e01,Liga 2x2 Online S1-E01,2026-01-29,2026-01-29,2026-01,1,4,j2QCbi8rckQctKFUxHEn#2,Thiago,,j2QCbi8rckQctKFUxHEn#1,Samuel,,win
liga-2x2-online-s1-e01,Liga 2x2 Online S1-E01,2026-01-29,2026-01-29,2026-01,1,5,cK00lRZ181cMm1O6Qll4#2,Bauer,,1zFIu3Ek4VIawnKRq54V#1,Chueiry,,win
liga-2x2-online-s1-e01,Liga 2x2 Online S1-E01,2026-01-29,2026-01-29,2026-01,1,5,cK00lRZ181cMm1O6Qll4#2,Bauer,,cK00lRZ181cMm1O6Qll4#1,Marcos Sartori,,win
liga-2x2-online-s1-e01,Liga 2x2 Online S1-E01,2026-01-29,2026-01-29,2026-01,1,5,cK00lRZ181cMm1O6Qll4#2,Bauer,,1zFIu3Ek4VIawnKRq54V#2,Vicente,,win
liga-2x2-online-s1-e01,Liga 2x2 Online S1-E01,2026-01-29,2026-01-29,2026-01,1,5,1zFIu3Ek4VIawnKRq54V#1,Chueiry,,cK00lRZ181cMm1O6Qll4#2,Bauer,,lose
liga-2x2-online-s1-e01,Liga 2x2 Online S1-E01,2026-01-29,2026-01-29,2026-01,1,5,1zFIu3Ek4VIawnKRq54V#1,Chueiry,,cK00lRZ181cMm1O6Qll4#1,Marcos Sartori,,lose
liga-2x2-online-s1-e01,Liga 2x2 Online S1-E01,2026-01-29,2026-01-29,2026-01,1,5,1zFIu3Ek4VIawnKRq54V#1,Chueiry,,1zFIu3Ek4VIawnKRq54V#2,Vicente,,lose
liga-2x2-online-s1-e01,Liga 2x2 Online S1-E01,2026-01-29,2026-01-29,2026-01,1,5,cK00lRZ181cMm1O6Qll4#1,Marcos Sartori,,cK00lRZ181cMm1O6Qll4#2,Bauer,,win
liga-2x2-online-s1-e01,Liga 2x2 Online S1-E01,2026-01-29,2026-01-29,2026-01,1,5,cK00lRZ181cMm1O6Qll4#1,Marcos Sartori,,1zFIu3Ek4VIawnKRq54V#1,Chueiry,,win
liga-2x2-online-s1-e01,Liga 2x2 Online S1-E01,2026-01-29,2026-01-29,2026-01,1,5,cK00lRZ181cMm1O6Qll4#1,Marcos Sartori,,1zFIu3Ek4VIawnKRq54V#2,Vicente,,win
liga-2x2-online-s1-e01,Liga 2x2 Online S1-E01,2026-01-29,2026-01-29,2026-01,1,5,1zFIu3Ek4VIawnKRq54V#2,Vicente,,cK00lRZ181cMm1O6Qll4#2,Bauer,,lose
liga-2x2-online-s1-e01,Liga 2x2 Online S1-E01,2026-01-29,2026-01-29,2026-01,1,5,1zFIu3Ek4VIawnKRq54V#2,Vicente,,1zFIu3Ek4VIawnKRq54V#1,Chueiry,,lose
liga-2x2-online-s1-e01,Liga 2x2 Online S1-E01,2026-01-29,2026-01-29,2026-01,1,5,1zFIu3Ek4VIawnKRq54V#2,Vicente,,cK00lRZ181cMm1O6Qll4#1,Marcos Sartori,,lose
liga-2x2-online-s1-e01,Liga 2x2 Online S1-E01,2026-01-29,2026-01-29,2026-01,2,1,rxCHpUnI6BhF3aqnDJUX#2,Andressa,,rxCHpUnI6BhF3aqnDJUX#1,Carbeauty,,win
liga-2x2-online-s1-e01,Liga 2x2 Online S1-E01,2026-01-29,2026-01-29,2026-01,2,1,rxCHpUnI6BhF3aqnDJUX#2,Andressa,,rsVhe5vz4jEHBziw1Y0v#1,Juliano,,win
liga-2x2-online-s1-e01,Liga 2x2 Online S1-E01,2026-01-29,2026-01-29,2026-01,2,1,rxCHpUnI6BhF3aqnDJUX#2,Andressa,,rsVhe5vz4jEHBziw1Y0v#2,Mateus,,win
liga-2x2-online-s1-e01,Liga 2x2 Online S1-E01,2026-01-29,2026-01-29,2026-01,2,1,rxCHpUnI6BhF3aqnDJUX#1,Carbeauty,,rxCHpUnI6BhF3aqnDJUX#2,Andressa,,win
liga-2x2-online-s1-e01,Liga 2x2 Online S1-E01,2026-01-29,2026-01-29,2026-01,2,1,rxCHpUnI6BhF3aqnDJUX#1,Carbeauty,,rsVhe5vz4jEHBziw1Y0v#1,Juliano,,win
liga-2x2-online-s1-e01,Liga 2x2 Online S1-E01,2026-01-29,2026-01-29,2026-01,2,1,rxCHpUnI6BhF3aqnDJUX#1,Carbeauty,,rsVhe5vz4jEHBziw1Y0v#2,Mateus,,win
liga-2x2-online-s1-e01,Liga 2x2 Online S1-E01,2026-01-29,2026-01-29,2026-01,2,1,rsVhe5vz4jEHBziw1Y0v#1,Juliano,,rxCHpUnI6BhF3aqnDJUX#2,Andressa,,lose
liga-2x2-online-s1-e01,Liga 2x2 Online S1-E01,2026-01-29,2026-01-29,2026-01,2,1,rsVhe5vz4jEHBziw1Y0v#1,Juliano,,rxCHpUnI6BhF3aqnDJUX#1,Carbeauty,,lose
liga-2x2-online-s1-e01,Liga 2x2 Online S1-E01,2026-01-29,2026-01-29,2026-01,2,1,rsVhe5vz4jEHBziw1Y0v#1,Juliano,,rsVhe5vz4jEHBziw1Y0v#2,Mateus,,lose
liga-2x2-online-s1-e01,Liga 2x2 Online S1-E01,2026-01-29,2026-01-29,2026-01,2,1,rsVhe5vz4jEHBziw1Y0v#2,Mateus,,rxCHpUnI6BhF3aqnDJUX#2,Andressa,,lose
liga-2x2-online-s1-e01,Liga 2x2 Online S1-E01,2026-01-29,2026-01-29,2026-01,2,1,rsVhe5vz4jEHBziw1Y0v#2,Mateus,,rxCHpUnI6BhF3aqnDJUX#1,Carbeauty,,lose
liga-2x2-online-s1-e01,Liga 2x2 Online S1-E01,2026-01-29,2026-01-29,2026-01,2,1,rsVhe5vz4jEHBziw1Y0v#2,Mateus,,rsVhe5vz4jEHBziw1Y0v#1,Juliano,,lose
liga-2x2-online-s1-e01,Liga 2x2 Online S1-E01,2026-01-29,2026-01-29,2026-01,2,2,cK00lRZ181cMm1O6Qll4#2,Bauer,,cK00lRZ181cMm1O6Qll4#1,Marcos Sartori,,win
liga-2x2-online-s1-e01,Liga 2x2 Online S1-E01,2026-01-29,2026-01-29,2026-01,2,2,cK00lRZ181cMm1O6Qll4#2,Bauer,,j2QCbi8rckQctKFUxHEn#1,Samuel,,win
liga-2x2-online-s1-e01,Liga 2x2 Online S1-E01,2026-01-29,2026-01-29,2026-01,2,2,cK00lRZ181cMm1O6Qll4#2,Bauer,,j2QCbi8rckQctKFUxHEn#2,Thiago,,win
liga-2x2-online-s1-e01,Liga 2x2 Online S1-E01,2026-01-29,2026-01-29,2026-01,2,2,cK00lRZ181cMm1O6Qll4#1,Marcos Sartori,,cK00lRZ181cMm1O6Qll4#2,Bauer,,win
liga-2x2-online-s1-e01,Liga 2x2 Online S1-E01,2026-01-29,2026-01-29,2026-01,2,2,cK00lRZ181cMm1O6Qll4#1,Marcos Sartori,,j2QCbi8rckQctKFUxHEn#1,Samuel,,win
liga-2x2-online-s1-e01,Liga 2x2 Online S1-E01,2026-01-29,2026-01-29,2026-01,2,2,cK00lRZ181cMm1O6Qll4#1,Marcos Sartori,,j2QCbi8rckQctKFUxHEn#2,Thiago,,win
liga-2x2-online-s1-e01,Liga 2x2 Online S1-E01,2026-01-29,2026-01-29,2026-01,2,2,j2QCbi8rckQctKFUxHEn#1,Samuel,,cK00lRZ181cMm1O6Qll4#2,Bauer,,lose
liga-2x2-online-s1-e01,Liga 2x2 Online S1-E01,2026-01-29,2026-01-29,2026-01,2,2,j2QCbi8rckQctKFUxHEn#1,Samuel,,cK00lRZ181cMm1O6Qll4#1,Marcos Sartori,,lose
liga-2x2-online-s1-e01,Liga 2x2 Online S1-E01,2026-01-29,2026-01-29,2026-01,2,2,j2QCbi8rckQctKFUxHEn#1,Samuel,,j2QCbi8rckQctKFUxHEn#2,Thiago,,lose
liga-2x2-online-s1-e01,Liga 2x2 Online S1-E01,2026-01-29,2026-01-29,2026-01,2,2,j2QCbi8rckQctKFUxHEn#2,Thiago,,cK00lRZ181cMm1O6Qll4#2,Bauer,,lose
liga-2x2-online-s1-e01,Liga 2x2 Online S1-E01,2026-01-29,2026-01-29,2026-01,2,2,j2QCbi8rckQctKFUxHEn#2,Thiago,,cK00lRZ181cMm1O6Qll4#1,Marcos Sartori,,lose
liga-2x2-online-s1-e01,Liga 2x2 Online S1-E01,2026-01-29,2026-01-29,2026-01,2,2,j2QCbi8rckQctKFUxHEn#2,Thiago,,j2QCbi8rckQctKFUxHEn#1,Samuel,,lose
liga-2x2-online-s1-e01,Liga 2x2 Online S1-E01,2026-01-29,2026-01-29,2026-01,2,3,l0Uc9FBlfz6gAsFTSH9U#2,Boone,,XFnj6iHRxlA9M4LynmFv#2,Jorel,,lose
liga-2x2-online-s1-e01,Liga 2x2 Online S1-E01,2026-01-29,2026-01-29,2026-01,2,3,l0Uc9FBlfz6gAsFTSH9U#2,Boone,,XFnj6iHRxlA9M4LynmFv#1,Martin,,lose
liga-2x2-online-s1-e01,Liga 2x2 Online S1-E01,2026-01-29,2026-01-29,2026-01,2,3,l0Uc9FBlfz6gAsFTSH9U#2,Boone,,l0Uc9FBlfz6gAsFTSH9U#1,Reva,,lose
liga-2x2-online-s1-e01,Liga 2x2 Online S1-E01,2026-01-29,2026-01-29,2026-01,2,3,XFnj6iHRxlA9M4LynmFv#2,Jorel,,l0Uc9FBlfz6gAsFTSH9U#2,Boone,,win
liga-2x2-online-s1-e01,Liga 2x2 Online S1-E01,2026-01-29,2026-01-29,2026-01,2,3,XFnj6iHRxlA9M4LynmFv#2,Jorel,,XFnj6iHRxlA9M4LynmFv#1,Martin,,win
liga-2x2-online-s1-e01,Liga 2x2 Online S1-E01,2026-01-29,2026-01-29,2026-01,2,3,XFnj6iHRxlA9M4LynmFv#2,Jorel,,l0Uc9FBlfz6gAsFTSH9U#1,Reva,,win
liga-2x2-online-s1-e01,Liga 2x2 Online S1-E01,2026-01-29,2026-01-29,2026-01,2,3,XFnj6iHRxlA9M4LynmFv#1,Martin,,l0Uc9FBlfz6gAsFTSH9U#2,Boone,,win
liga-2x2-online-s1-e01,Liga 2x2 Online S1-E01,2026-01-29,2026-01-29,2026-01,2,3,XFnj6iHRxlA9M4LynmFv#1,Martin,,XFnj6iHRxlA9M4LynmFv#2,Jorel,,win
liga-2x2-online-s1-e01,Liga 2x2 Online S1-E01,2026-01-29,2026-01-29,2026-01,2,3,XFnj6iHRxlA9M4LynmFv#1,Martin,,l0Uc9FBlfz6gAsFTSH9U#1,Reva,,win
liga-2x2-online-s1-e01,Liga 2x2 Online S1-E01,2026-01-29,2026-01-29,2026-01,2,3,l0Uc9FBlfz6gAsFTSH9U#1,Reva,,l0Uc9FBlfz6gAsFTSH9U#2,Boone,,lose
liga-2x2-online-s1-e01,Liga 2x2 Online S1-E01,2026-01-29,2026-01-29,2026-01,2,3,l0Uc9FBlfz6gAsFTSH9U#1,Reva,,XFnj6iHRxlA9M4LynmFv#2,Jorel,,lose
liga-2x2-online-s1-e01,Liga 2x2 Online S1-E01,2026-01-29,2026-01-29,2026-01,2,3,l0Uc9FBlfz6gAsFTSH9U#1,Reva,,XFnj6iHRxlA9M4LynmFv#1,Martin,,lose
liga-2x2-online-s1-e01,Liga 2x2 Online S1-E01,2026-01-29,2026-01-29,2026-01,2,4,X5LrLopnvGARQgwpYJEb#2,Erick,,uRPALW9SRbM8DFGEbBeQ#1,Felipe Familiar,,lose
liga-2x2-online-s1-e01,Liga 2x2 Online S1-E01,2026-01-29,2026-01-29,2026-01,2,4,X5LrLopnvGARQgwpYJEb#2,Erick,,X5LrLopnvGARQgwpYJEb#1,Glauber,,lose
liga-2x2-online-s1-e01,Liga 2x2 Online S1-E01,2026-01-29,2026-01-29,2026-01,2,4,X5LrLopnvGARQgwpYJEb#2,Erick,,uRPALW9SRbM8DFGEbBeQ#2,Langa,,lose
liga-2x2-online-s1-e01,Liga 2x2 Online S1-E01,2026-01-29,2026-01-29,2026-01,2,4,uRPALW9SRbM8DFGEbBeQ#1,Felipe Familiar,,X5LrLopnvGARQgwpYJEb#2,Erick,,win
liga-2x2-online-s1-e01,Liga 2x2 Online S1-E01,2026-01-29,2026-01-29,2026-01,2,4,uRPALW9SRbM8DFGEbBeQ#1,Felipe Familiar,,X5LrLopnvGARQgwpYJEb#1,Glauber,,win
liga-2x2-online-s1-e01,Liga 2x2 Online S1-E01,2026-01-29,2026-01-29,2026-01,2,4,uRPALW9SRbM8DFGEbBeQ#1,Felipe Familiar,,uRPALW9SRbM8DFGEbBeQ#2,Langa,,win
liga-2x2-online-s1-e01,Liga 2x2 Online S1-E01,2026-01-29,2026-01-29,2026-01,2,4,X5LrLopnvGARQgwpYJEb#1,Glauber,,X5LrLopnvGARQgwpYJEb#2,Erick,,lose
liga-2x2-online-s1-e01,Liga 2x2 Online S1-E01,2026-01-29,2026-01-29,2026-01,2,4,X5LrLopnvGARQgwpYJEb#1,Glauber,,uRPALW9SRbM8DFGEbBeQ#1,Felipe Familiar,,lose
liga-2x2-online-s1-e01,Liga 2x2 Online S1-E01,2026-01-29,2026-01-29,2026-01,2,4,X5LrLopnvGARQgwpYJEb#1,Glauber,,uRPALW9SRbM8DFGEbBeQ#2,Langa,,lose
liga-2x2-online-s1-e01,Liga 2x2 Online S1-E01,2026-01-29,2026-01-29,2026-01,2,4,uRPALW9SRbM8DFGEbBeQ#2,Langa,,X5LrLopnvGARQgwpYJEb#2,Erick,,win
liga-2x2-online-s1-e01,Liga 2x2 Online S1-E01,2026-01-29,2026-01-29,2026-01,2,4,uRPALW9SRbM8DFGEbBeQ#2,Langa,,uRPALW9SRbM8DFGEbBeQ#1,Felipe Familiar,,win
liga-2x2-online-s1-e01,Liga 2x2 Online S1-E01,2026-01-29,2026-01-29,2026-01,2,4,uRPALW9SRbM8DFGEbBeQ#2,Langa,,X5LrLopnvGARQgwpYJEb#1,Glauber,,win
liga-2x2-online-s1-e01,Liga 2x2 Online S1-E01,2026-01-29,2026-01-29,2026-01,2,5,1zFIu3Ek4VIawnKRq54V#1,Chueiry,,znBL3tiqw1dZD2kq4HXa#1,Fabio,,lose
liga-2x2-online-s1-e01,Liga 2x2 Online S1-E01,2026-01-29,2026-01-29,2026-01,2,5,1zFIu3Ek4VIawnKRq54V#1,Chueiry,,znBL3tiqw1dZD2kq4HXa#2,Luiz,,lose
liga-2x2-online-s1-e01,Liga 2x2 Online S1-E01,2026-01-29,2026-01-29,2026-01,2,5,1zFIu3Ek4VIawnKRq54V#1,Chueiry,,1zFIu3Ek4VIawnKRq54V#2,Vicente,,lose
liga-2x2-online-s1-e01,Liga 2x2 Online S1-E01,2026-01-29,2026-01-29,2026-01,2,5,znBL3tiqw1dZD2kq4HXa#1,Fabio,,1zFIu3Ek4VIawnKRq54V#1,Chueiry,,win
liga-2x2-online-s1-e01,Liga 2x2 Online S1-E01,2026-01-29,2026-01-29,2026-01,2,5,znBL3tiqw1dZD2kq4HXa#1,Fabio,,znBL3tiqw1dZD2kq4HXa#2,Luiz,,win
liga-2x2-online-s1-e01,Liga 2x2 Online S1-E01,2026-01-29,2026-01-29,2026-01,2,5,znBL3tiqw1dZD2kq4HXa#1,Fabio,,1zFIu3Ek4VIawnKRq54V#2,Vicente,,win
liga-2x2-online-s1-e01,Liga 2x2 Online S1-E01,2026-01-29,2026-01-29,2026-01,2,5,znBL3tiqw1dZD2kq4HXa#2,Luiz,,1zFIu3Ek4VIawnKRq54V#1,Chueiry,,win
liga-2x2-online-s1-e01,Liga 2x2 Online S1-E01,2026-01-29,2026-01-29,2026-01,2,5,znBL3tiqw1dZD2kq4HXa#2,Luiz,,znBL3tiqw1dZD2kq4HXa#1,Fabio,,win
liga-2x2-online-s1-e01,Liga 2x2 Online S1-E01,2026-01-29,2026-01-29,2026-01,2,5,znBL3tiqw1dZD2kq4HXa#2,Luiz,,1zFIu3Ek4VIawnKRq54V#2,Vicente,,win
liga-2x2-online-s1-e01,Liga 2x2 Online S1-E01,2026-01-29,2026-01-29,2026-01,2,5,1zFIu3Ek4VIawnKRq54V#2,Vicente,,1zFIu3Ek4VIawnKRq54V#1,Chueiry,,lose
liga-2x2-online-s1-e01,Liga 2x2 Online S1-E01,2026-01-29,2026-01-29,2026-01,2,5,1zFIu3Ek4VIawnKRq54V#2,Vicente,,znBL3tiqw1dZD2kq4HXa#1,Fabio,,lose
liga-2x2-online-s1-e01,Liga 2x2 Online S1-E01,2026-01-29,2026-01-29,2026-01,2,5,1zFIu3Ek4VIawnKRq54V#2,Vicente,,znBL3tiqw1dZD2kq4HXa#2,Luiz,,lose
liga-2x2-online-s1-e01,Liga 2x2 Online S1-E01,2026-01-29,2026-01-29,2026-01,3,1,rxCHpUnI6BhF3aqnDJUX#2,Andressa,,cK00lRZ181cMm1O6Qll4#2,Bauer,,draw
liga-2x2-online-s1-e01,Liga 2x2 Online S1-E01,2026-01-29,2026-01-29,2026-01,3,1,rxCHpUnI6BhF3aqnDJUX#2,Andressa,,rxCHpUnI6BhF3aqnDJUX#1,Carbeauty,,draw
liga-2x2-online-s1-e01,Liga 2x2 Online S1-E01,2026-01-29,2026-01-29,2026-01,3,1,rxCHpUnI6BhF3aqnDJUX#2,Andressa,,cK00lRZ181cMm1O6Qll4#1,Marcos Sartori,,draw
liga-2x2-online-s1-e01,Liga 2x2 Online S1-E01,2026-01-29,2026-01-29,2026-01,3,1,cK00lRZ181cMm1O6Qll4#2,Bauer,,rxCHpUnI6BhF3aqnDJUX#2,Andressa,,draw
liga-2x2-online-s1-e01,Liga 2x2 Online S1-E01,2026-01-29,2026-01-29,2026-01,3,1,cK00lRZ181cMm1O6Qll4#2,Bauer,,rxCHpUnI6BhF3aqnDJUX#1,Carbeauty,,draw
liga-2x2-online-s1-e01,Liga 2x2 Online S1-E01,2026-01-29,2026-01-29,2026-01,3,1,cK00lRZ181cMm1O6Qll4#2,Bauer,,cK00lRZ181cMm1O6Qll4#1,Marcos Sartori,,draw
liga-2x2-online-s1-e01,Liga 2x2 Online S1-E01,2026-01-29,2026-01-29,2026-01,3,1,rxCHpUnI6BhF3aqnDJUX#1,Carbeauty,,rxCHpUnI6BhF3aqnDJUX#2,Andressa,,draw
liga-2x2-online-s1-e01,Liga 2x2 Online S1-E01,2026-01-29,2026-01-29,2026-01,3,1,rxCHpUnI6BhF3aqnDJUX#1,Carbeauty,,cK00lRZ181cMm1O6Qll4#2,Bauer,,draw
liga-2x2-online-s1-e01,Liga 2x2 Online S1-E01,2026-01-29,2026-01-29,2026-01,3,1,rxCHpUnI6BhF3aqnDJUX#1,Carbeauty,,cK00lRZ181cMm1O6Qll4#1,Marcos Sartori,,draw
liga-2x2-online-s1-e01,Liga 2x2 Online S1-E01,2026-01-29,2026-01-29,2026-01,3,1,cK00lRZ181cMm1O6Qll4#1,Marcos Sartori,,rxCHpUnI6BhF3aqnDJUX#2,Andressa,,draw
liga-2x2-online-s1-e01,Liga 2x2 Online S1-E01,2026-01-29,2026-01-29,2026-01,3,1,cK00lRZ181cMm1O6Qll4#1,Marcos Sartori,,cK00lRZ181cMm1O6Qll4#2,Bauer,,draw
liga-2x2-online-s1-e01,Liga 2x2 Online S1-E01,2026-01-29,2026-01-29,2026-01,3,1,cK00lRZ181cMm1O6Qll4#1,Marcos Sartori,,rxCHpUnI6BhF3aqnDJUX#1,Carbeauty,,draw
liga-2x2-online-s1-e01,Liga 2x2 Online S1-E01,2026-01-29,2026-01-29,2026-01,3,2,uRPALW9SRbM8DFGEbBeQ#1,Felipe Familiar,,rsVhe5vz4jEHBziw1Y0v#1,Juliano,,lose
liga-2x2-online-s1-e01,Liga 2x2 Online S1-E01,2026-01-29,2026-01-29,2026-01,3,2,uRPALW9SRbM8DFGEbBeQ#1,Felipe Familiar,,uRPALW9SRbM8DFGEbBeQ#2,Langa,,lose
liga-2x2-online-s1-e01,Liga 2x2 Online S1-E01,2026-01-29,2026-01-29,2026-01,3,2,uRPALW9SRbM8DFGEbBeQ#1,Felipe Familiar,,rsVhe5vz4jEHBziw1Y0v#2,Mateus,,lose
liga-2x2-online-s1-e01,Liga 2x2 Online S1-E01,2026-01-29,2026-01-29,2026-01,3,2,rsVhe5vz4jEHBziw1Y0v#1,Juliano,,uRPALW9SRbM8DFGEbBeQ#1,Felipe Familiar,,win
liga-2x2-online-s1-e01,Liga 2x2 Online S1-E01,2026-01-29,2026-01-29,2026-01,3,2,rsVhe5vz4jEHBziw1Y0v#1,Juliano,,uRPALW9SRbM8DFGEbBeQ#2,Langa,,win
liga-2x2-online-s1-e01,Liga 2x2 Online S1-E01,2026-01-29,2026-01-29,2026-01,3,2,rsVhe5vz4jEHBziw1Y0v#1,Juliano,,rsVhe5vz4jEHBziw1Y0v#2,Mateus,,win
liga-2x2-online-s1-e01,Liga 2x2 Online S1-E01,2026-01-29,2026-01-29,2026-01,3,2,uRPALW9SRbM8DFGEbBeQ#2,Langa,,uRPALW9SRbM8DFGEbBeQ#1,Felipe Familiar,,lose
liga-2x2-online-s1-e01,Liga 2x2 Online S1-E01,2026-01-29,2026-01-29,2026-01,3,2,uRPALW9SRbM8DFGEbBeQ#2,Langa,,rsVhe5vz4jEHBziw1Y0v#1,Juliano,,lose
liga-2x2-online-s1-e01,Liga 2x2 Online S1-E01,2026-01-29,2026-01-29,2026-01,3,2,uRPALW9SRbM8DFGEbBeQ#2,Langa,,rsVhe5vz4jEHBziw1Y0v#2,Mateus,,lose
liga-2x2-online-s1-e01,Liga 2x2 Online S1-E01,2026-01-29,2026-01-29,2026-01,3,2,rsVhe5vz4jEHBziw1Y0v#2,Mateus,,uRPALW9SRbM8DFGEbBeQ#1,Felipe Familiar,,win
liga-2x2-online-s1-e01,Liga 2x2 Online S1-E01,2026-01-29,2026-01-29,2026-01,3,2,rsVhe5vz4jEHBziw1Y0v#2,Mateus,,rsVhe5vz4jEHBziw1Y0v#1,Juliano,,win
liga-2x2-online-s1-e01,Liga 2x2 Online S1-E01,2026-01-29,2026-01-29,2026-01,3,2,rsVhe5vz4jEHBziw1Y0v#2,Mateus,,uRPALW9SRbM8DFGEbBeQ#2,Langa,,win
liga-2x2-online-s1-e01,Liga 2x2 Online S1-E01,2026-01-29,2026-01-29,2026-01,3,3,znBL3tiqw1dZD2kq4HXa#1,Fabio,,XFnj6iHRxlA9M4LynmFv#2,Jorel,,draw
liga-2x2-online-s1-e01,Liga 2x2 Online S1-E01,2026-01-29,2026-01-29,2026-01,3,3,znBL3tiqw1dZD2kq4HXa#1,Fabio,,znBL3tiqw1dZD2kq4HXa#2,Luiz,,draw
liga-2x2-online-s1-e01,Liga 2x2 Online S1-E01,2026-01-29,2026-01-29,2026-01,3,3,znBL3tiqw1dZD2kq4HXa#1,Fabio,,XFnj6iHRxlA9M4LynmFv#1,Martin,,draw
liga-2x2-online-s1-e01,Liga 2x2 Online S1-E01,2026-01-29,2026-01-29,2026-01,3,3,XFnj6iHRxlA9M4LynmFv#2,Jorel,,znBL3tiqw1dZD2kq4HXa#1,Fabio,,draw
liga-2x2-online-s1-e01,Liga 2x2 Online S1-E01,2026-01-29,2026-01-29,2026-01,3,3,XFnj6iHRxlA9M4LynmFv#2,Jorel,,znBL3tiqw1dZD2kq4HXa#2,Luiz,,draw
liga-2x2-online-s1-e01,Liga 2x2 Online S1-E01,2026-01-29,2026-01-29,2026-01,3,3,XFnj6iHRxlA9M4LynmFv#2,Jorel,,XFnj6iHRxlA9M4LynmFv#1,Martin,,draw
liga-2x2-online-s1-e01,Liga 2x2 Online S1-E01,2026-01-29,2026-01-29,2026-01,3,3,znBL3tiqw1dZD2kq4HXa#2,Luiz,,znBL3tiqw1dZD2kq4HXa#1,Fabio,,draw
liga-2x2-online-s1-e01,Liga 2x2 Online S1-E01,2026-01-29,2026-01-29,2026-01,3,3,znBL3tiqw1dZD2kq4HXa#2,Luiz,,XFnj6iHRxlA9M4LynmFv#2,Jorel,,draw
liga-2x2-online-s1-e01,Liga 2x2 Online S1-E01,2026-01-29,2026-01-29,2026-01,3,3,znBL3tiqw1dZD2kq4HXa#2,Luiz,,XFnj6iHRxlA9M4LynmFv#1,Martin,,draw
liga-2x2-online-s1-e01,Liga 2x2 Online S1-E01,2026-01-29,2026-01-29,2026-01,3,3,XFnj6iHRxlA9M4LynmFv#1,Martin,,znBL3tiqw1dZD2kq4HXa#1,Fabio,,draw
liga-2x2-online-s1-e01,Liga 2x2 Online S1-E01,2026-01-29,2026-01-29,2026-01,3,3,XFnj6iHRxlA9M4LynmFv#1,Martin,,XFnj6iHRxlA9M4LynmFv#2,Jorel,,draw
liga-2x2-online-s1-e01,Liga 2x2 Online S1-E01,2026-01-29,2026-01-29,2026-01,3,3,XFnj6iHRxlA9M4LynmFv#1,Martin,,znBL3tiqw1dZD2kq4HXa#2,Luiz,,draw
liga-2x2-online-s1-e01,Liga 2x2 Online S1-E01,2026-01-29,2026-01-29,2026-01,3,4,l0Uc9FBlfz6gAsFTSH9U#2,Boone,,l0Uc9FBlfz6gAsFTSH9U#1,Reva,,lose
liga-2x2-online-s1-e01,Liga 2x2 Online S1-E01,2026-01-29,2026-01-29,2026-01,3,4,l0Uc9FBlfz6gAsFTSH9U#2,Boone,,j2QCbi8rckQctKFUxHEn#1,Samuel,,lose
liga-2x2-online-s1-e01,Liga 2x2 Online S1-E01,2026-01-29,2026-01-29,2026-01,3,4,l0Uc9FBlfz6gAsFTSH9U#2,Boone,,j2QCbi8rckQctKFUxHEn#2,Thiago,,lose
liga-2x2-online-s1-e01,Liga 2x2 Online S1-E01,2026-01-29,2026-01-29,2026-01,3,4,l0Uc9FBlfz6gAsFTSH9U#1,Reva,,l0Uc9FBlfz6gAsFTSH9U#2,Boone,,lose
liga-2x2-online-s1-e01,Liga 2x2 Online S1-E01,2026-01-29,2026-01-29,2026-01,3,4,l0Uc9FBlfz6gAsFTSH9U#1,Reva,,j2QCbi8rckQctKFUxHEn#1,Samuel,,lose
liga-2x2-online-s1-e01,Liga 2x2 Online S1-E01,2026-01-29,2026-01-29,2026-01,3,4,l0Uc9FBlfz6gAsFTSH9U#1,Reva,,j2QCbi8rckQctKFUxHEn#2,Thiago,,lose
liga-2x2-online-s1-e01,Liga 2x2 Online S1-E01,2026-01-29,2026-01-29,2026-01,3,4,j2QCbi8rckQctKFUxHEn#1,Samuel,,l0Uc9FBlfz6gAsFTSH9U#2,Boone,,win
liga-2x2-online-s1-e01,Liga 2x2 Online S1-E01,2026-01-29,2026-01-29,2026-01,3,4,j2QCbi8rckQctKFUxHEn#1,Samuel,,l0Uc9FBlfz6gAsFTSH9U#1,Reva,,win
liga-2x2-online-s1-e01,Liga 2x2 Online S1-E01,2026-01-29,2026-01-29,2026-01,3,4,j2QCbi8rckQctKFUxHEn#1,Samuel,,j2QCbi8rckQctKFUxHEn#2,Thiago,,win
liga-2x2-online-s1-e01,Liga 2x2 Online S1-E01,2026-01-29,2026-01-29,2026-01,3,4,j2QCbi8rckQctKFUxHEn#2,Thiago,,l0Uc9FBlfz6gAsFTSH9U#2,Boone,,win
liga-2x2-online-s1-e01,Liga 2x2 Online S1-E01,2026-01-29,2026-01-29,2026-01,3,4,j2QCbi8rckQctKFUxHEn#2,Thiago,,l0Uc9FBlfz6gAsFTSH9U#1,Reva,,win
liga-2x2-online-s1-e01,Liga 2x2 Online S1-E01,2026-01-29,2026-01-29,2026-01,3,4,j2QCbi8rckQctKFUxHEn#2,Thiago,,j2QCbi8rckQctKFUxHEn#1,Samuel,,win
liga-2x2-online-s1-e01,Liga 2x2 Online S1-E01,2026-01-29,2026-01-29,2026-01,3,5,1zFIu3Ek4VIawnKRq54V#1,Chueiry,,X5LrLopnvGARQgwpYJEb#2,Erick,,lose
liga-2x2-online-s1-e01,Liga 2x2 Online S1-E01,2026-01-29,2026-01-29,2026-01,3,5,1zFIu3Ek4VIawnKRq54V#1,Chueiry,,X5LrLopnvGARQgwpYJEb#1,Glauber,,lose
liga-2x2-online-s1-e01,Liga 2x2 Online S1-E01,2026-01-29,2026-01-29,2026-01,3,5,1zFIu3Ek4VIawnKRq54V#1,Chueiry,,1zFIu3Ek4VIawnKRq54V#2,Vicente,,lose
liga-2x2-online-s1-e01,Liga 2x2 Online S1-E01,2026-01-29,2026-01-29,2026-01,3,5,X5LrLopnvGARQgwpYJEb#2,Erick,,1zFIu3Ek4VIawnKRq54V#1,Chueiry,,win
liga-2x2-online-s1-e01,Liga 2x2 Online S1-E01,2026-01-29,2026-01-29,2026-01,3,5,X5LrLopnvGARQgwpYJEb#2,Erick,,X5LrLopnvGARQgwpYJEb#1,Glauber,,win
liga-2x2-online-s1-e01,Liga 2x2 Online S1-E01,2026-01-29,2026-01-29,2026-01,3,5,X5LrLopnvGARQgwpYJEb#2,Erick,,1zFIu3Ek4VIawnKRq54V#2,Vicente,,win
liga-2x2-online-s1-e01,Liga 2x2 Online S1-E01,2026-01-29,2026-01-29,2026-01,3,5,X5LrLopnvGARQgwpYJEb#1,Glauber,,1zFIu3Ek4VIawnKRq54V#1,Chueiry,,win
liga-2x2-online-s1-e01,Liga 2x2 Online S1-E01,2026-01-29,2026-01-29,2026-01,3,5,X5LrLopnvGARQgwpYJEb#1,Glauber,,X5LrLopnvGARQgwpYJEb#2,Erick,,win
liga-2x2-online-s1-e01,Liga 2x2 Online S1-E01,2026-01-29,2026-01-29,2026-01,3,5,X5LrLopnvGARQgwpYJEb#1,Glauber,,1zFIu3Ek4VIawnKRq54V#2,Vicente,,win
liga-2x2-online-s1-e01,Liga 2x2 Online S1-E01,2026-01-29,2026-01-29,2026-01,3,5,1zFIu3Ek4VIawnKRq54V#2,Vicente,,1zFIu3Ek4VIawnKRq54V#1,Chueiry,,lose
liga-2x2-online-s1-e01,Liga 2x2 Online S1-E01,2026-01-29,2026-01-29,2026-01,3,5,1zFIu3Ek4VIawnKRq54V#2,Vicente,,X5LrLopnvGARQgwpYJEb#2,Erick,,lose
liga-2x2-online-s1-e01,Liga 2x2 Online S1-E01,2026-01-29,2026-01-29,2026-01,3,5,1zFIu3Ek4VIawnKRq54V#2,Vicente,,X5LrLopnvGARQgwpYJEb#1,Glauber,,lose
liga-2x2-online-s1-e02,Liga 2x2 Online S1-E02,2026-02-05,2026-02-05,2026-02,1,1,NM3O5De3jIdZ7EJI1kC1#1,Bauer,,MgukdtqpFCWGovSzBs6r#1,Erick,,win
liga-2x2-online-s1-e02,Liga 2x2 Online S1-E02,2026-02-05,2026-02-05,2026-02,1,1,NM3O5De3jIdZ7EJI1kC1#1,Bauer,,MgukdtqpFCWGovSzBs6r#2,Fábio,,win
liga-2x2-online-s1-e02,Liga 2x2 Online S1-E02,2026-02-05,2026-02-05,2026-02,1,1,NM3O5De3jIdZ7EJI1kC1#1,Bauer,,NM3O5De3jIdZ7EJI1kC1#2,Langa,,win
liga-2x2-online-s1-e02,Liga 2x2 Online S1-E02,2026-02-05,2026-02-05,2026-02,1,1,MgukdtqpFCWGovSzBs6r#1,Erick,,NM3O5De3jIdZ7EJI1kC1#1,Bauer,,lose
liga-2x2-online-s1-e02,Liga 2x2 Online S1-E02,2026-02-05,2026-02-05,2026-02,1,1,MgukdtqpFCWGovSzBs6r#1,Erick,,MgukdtqpFCWGovSzBs6r#2,Fábio,,lose
liga-2x2-online-s1-e02,Liga 2x2 Online S1-E02,2026-02-05,2026-02-05,2026-02,1,1,MgukdtqpFCWGovSzBs6r#1,Erick,,NM3O5De3jIdZ7EJI1kC1#2,Langa,,lose
liga-2x2-online-s1-e02,Liga 2x2 Online S1-E02,2026-02-05,2026-02-05,2026-02,1,1,MgukdtqpFCWGovSzBs6r#2,Fábio,,NM3O5De3jIdZ7EJI1kC1#1,Bauer,,lose
liga-2x2-online-s1-e02,Liga 2x2 Online S1-E02,2026-02-05,2026-02-05,2026-02,1,1,MgukdtqpFCWGovSzBs6r#2,Fábio,,MgukdtqpFCWGovSzBs6r#1,Erick,,lose
liga-2x2-online-s1-e02,Liga 2x2 Online S1-E02,2026-02-05,2026-02-05,2026-02,1,1,MgukdtqpFCWGovSzBs6r#2,Fábio,,NM3O5De3jIdZ7EJI1kC1#2,Langa,,lose
liga-2x2-online-s1-e02,Liga 2x2 Online S1-E02,2026-02-05,2026-02-05,2026-02,1,1,NM3O5De3jIdZ7EJI1kC1#2,Langa,,NM3O5De3jIdZ7EJI1kC1#1,Bauer,,win
liga-2x2-online-s1-e02,Liga 2x2 Online S1-E02,2026-02-05,2026-02-05,2026-02,1,1,NM3O5De3jIdZ7EJI1kC1#2,Langa,,MgukdtqpFCWGovSzBs6r#1,Erick,,win
liga-2x2-online-s1-e02,Liga 2x2 Online S1-E02,2026-02-05,2026-02-05,2026-02,1,1,NM3O5De3jIdZ7EJI1kC1#2,Langa,,MgukdtqpFCWGovSzBs6r#2,Fábio,,win
liga-2x2-online-s1-e02,Liga 2x2 Online S1-E02,2026-02-05,2026-02-05,2026-02,1,2,nJsdPaC7XnkP5XpdUJVZ#2,Arthur Sartori,,1FDH3YwLOJqqhoGYjXHh#1,Gustavo Dias,,win
liga-2x2-online-s1-e02,Liga 2x2 Online S1-E02,2026-02-05,2026-02-05,2026-02,1,2,nJsdPaC7XnkP5XpdUJVZ#2,Arthur Sartori,,nJsdPaC7XnkP5XpdUJVZ#1,Marcos Sartori,,win
liga-2x2-online-s1-e02,Liga 2x2 Online S1-E02,2026-02-05,2026-02-05,2026-02,1,2,nJsdPaC7XnkP5XpdUJVZ#2,Arthur Sartori,,1FDH3YwLOJqqhoGYjXHh#2,Udo,,win
liga-2x2-online-s1-e02,Liga 2x2 Online S1-E02,2026-02-05,2026-02-05,2026-02,1,2,1FDH3YwLOJqqhoGYjXHh#1,Gustavo Dias,,nJsdPaC7XnkP5XpdUJVZ#2,Arthur Sartori,,lose
liga-2x2-online-s1-e02,Liga 2x2 Online S1-E02,2026-02-05,2026-02-05,2026-02,1,2,1FDH3YwLOJqqhoGYjXHh#1,Gustavo Dias,,nJsdPaC7XnkP5XpdUJVZ#1,Marcos Sartori,,lose
liga-2x2-online-s1-e02,Liga 2x2 Online S1-E02,2026-02-05,2026-02-05,2026-02,1,2,1FDH3YwLOJqqhoGYjXHh#1,Gustavo Dias,,1FDH3YwLOJqqhoGYjXHh#2,Udo,,lose
liga-2x2-online-s1-e02,Liga 2x2 Online S1-E02,2026-02-05,2026-02-05,2026-02,1,2,nJsdPaC7XnkP5XpdUJVZ#1,Marcos Sartori,,nJsdPaC7XnkP5XpdUJVZ#2,Arthur Sartori,,win
liga-2x2-online-s1-e02,Liga 2x2 Online S1-E02,2026-02-05,2026-02-05,2026-02,1,2,nJsdPaC7XnkP5XpdUJVZ#1,Marcos Sartori,,1FDH3YwLOJqqhoGYjXHh#1,Gustavo Dias,,win
liga-2x2-online-s1-e02,Liga 2x2 Online S1-E02,2026-02-05,2026-02-05,2026-02,1,2,nJsdPaC7XnkP5XpdUJVZ#1,Marcos Sartori,,1FDH3YwLOJqqhoGYjXHh#2,Udo,,win
liga-2x2-online-s1-e02,Liga 2x2 Online S1-E02,2026-02-05,2026-02-05,2026-02,1,2,1FDH3YwLOJqqhoGYjXHh#2,Udo,,nJsdPaC7XnkP5XpdUJVZ#2,Arthur Sartori,,lose
liga-2x2-online-s1-e02,Liga 2x2 Online S1-E02,2026-02-05,2026-02-05,2026-02,1,2,1FDH3YwLOJqqhoGYjXHh#2,Udo,,1FDH3YwLOJqqhoGYjXHh#1,Gustavo Dias,,lose
liga-2x2-online-s1-e02,Liga 2x2 Online S1-E02,2026-02-05,2026-02-05,2026-02,1,2,1FDH3YwLOJqqhoGYjXHh#2,Udo,,nJsdPaC7XnkP5XpdUJVZ#1,Marcos Sartori,,lose
liga-2x2-online-s1-e02,Liga 2x2 Online S1-E02,2026-02-05,2026-02-05,2026-02,1,3,qw4XxzovtDnuqfsMelKQ#1,Chueiry,,d6onUDRz14avzaFVYFE6#2,João Marmentini,,lose
liga-2x2-online-s1-e02,Liga 2x2 Online S1-E02,2026-02-05,2026-02-05,2026-02,1,3,qw4XxzovtDnuqfsMelKQ#1,Chueiry,,d6onUDRz14avzaFVYFE6#1,Vande,,lose
liga-2x2-online-s1-e02,Liga 2x2 Online S1-E02,2026-02-05,2026-02-05,2026-02,1,3,qw4XxzovtDnuqfsMelKQ#1,Chueiry,,qw4XxzovtDnuqfsMelKQ#2,Vicente,,lose
liga-2x2-online-s1-e02,Liga 2x2 Online S1-E02,2026-02-05,2026-02-05,2026-02,1,3,d6onUDRz14avzaFVYFE6#2,João Marmentini,,qw4XxzovtDnuqfsMelKQ#1,Chueiry,,win
liga-2x2-online-s1-e02,Liga 2x2 Online S1-E02,2026-02-05,2026-02-05,2026-02,1,3,d6onUDRz14avzaFVYFE6#2,João Marmentini,,d6onUDRz14avzaFVYFE6#1,Vande,,win
liga-2x2-online-s1-e02,Liga 2x2 Online S1-E02,2026-02-05,2026-02-05,2026-02,1,3,d6onUDRz14avzaFVYFE6#2,João Marmentini,,qw4XxzovtDnuqfsMelKQ#2,Vicente,,win
liga-2x2-online-s1-e02,Liga 2x2 Online S1-E02,2026-02-05,2026-02-05,2026-02,1,3,d6onUDRz14avzaFVYFE6#1,Vande,,qw4XxzovtDnuqfsMelKQ#1,Chueiry,,win
liga-2x2-online-s1-e02,Liga 2x2 Online S1-E02,2026-02-05,2026-02-05,2026-02,1,3,d6onUDRz14avzaFVYFE6#1,Vande,,d6onUDRz14avzaFVYFE6#2,João Marmentini,,win
liga-2x2-online-s1-e02,Liga 2x2 Online S1-E02,2026-02-05,2026-02-05,2026-02,1,3,d6onUDRz14avzaFVYFE6#1,Vande,,qw4XxzovtDnuqfsMelKQ#2,Vicente,,win
liga-2x2-online-s1-e02,Liga 2x2 Online S1-E02,2026-02-05,2026-02-05,2026-02,1,3,qw4XxzovtDnuqfsMelKQ#2,Vicente,,qw4XxzovtDnuqfsMelKQ#1,Chueiry,,lose
liga-2x2-online-s1-e02,Liga 2x2 Online S1-E02,2026-02-05,2026-02-05,2026-02,1,3,qw4XxzovtDnuqfsMelKQ#2,Vicente,,d6onUDRz14avzaFVYFE6#2,João Marmentini,,lose
liga-2x2-online-s1-e02,Liga 2x2 Online S1-E02,2026-02-05,2026-02-05,2026-02,1,3,qw4XxzovtDnuqfsMelKQ#2,Vicente,,d6onUDRz14avzaFVYFE6#1,Vande,,lose
liga-2x2-online-s1-e02,Liga 2x2 Online S1-E02,2026-02-05,2026-02-05,2026-02,1,4,56VW2ypm1Q60I7pd1VCj#2,Boone,,yMD2pSANi2g4mpz2pVNw#1,Juliano,,win
liga-2x2-online-s1-e02,Liga 2x2 Online S1-E02,2026-02-05,2026-02-05,2026-02,1,4,56VW2ypm1Q60I7pd1VCj#2,Boone,,yMD2pSANi2g4mpz2pVNw#2,Mateus,,win
liga-2x2-online-s1-e02,Liga 2x2 Online S1-E02,2026-02-05,2026-02-05,2026-02,1,4,56VW2ypm1Q60I7pd1VCj#2,Boone,,56VW2ypm1Q60I7pd1VCj#1,Reva,,win
liga-2x2-online-s1-e02,Liga 2x2 Online S1-E02,2026-02-05,2026-02-05,2026-02,1,4,yMD2pSANi2g4mpz2pVNw#1,Juliano,,56VW2ypm1Q60I7pd1VCj#2,Boone,,lose
liga-2x2-online-s1-e02,Liga 2x2 Online S1-E02,2026-02-05,2026-02-05,2026-02,1,4,yMD2pSANi2g4mpz2pVNw#1,Juliano,,yMD2pSANi2g4mpz2pVNw#2,Mateus,,lose
liga-2x2-online-s1-e02,Liga 2x2 Online S1-E02,2026-02-05,2026-02-05,2026-02,1,4,yMD2pSANi2g4mpz2pVNw#1,Juliano,,56VW2ypm1Q60I7pd1VCj#1,Reva,,lose
liga-2x2-online-s1-e02,Liga 2x2 Online S1-E02,2026-02-05,2026-02-05,2026-02,1,4,yMD2pSANi2g4mpz2pVNw#2,Mateus,,56VW2ypm1Q60I7pd1VCj#2,Boone,,lose
liga-2x2-online-s1-e02,Liga 2x2 Online S1-E02,2026-02-05,2026-02-05,2026-02,1,4,yMD2pSANi2g4mpz2pVNw#2,Mateus,,yMD2pSANi2g4mpz2pVNw#1,Juliano,,lose
liga-2x2-online-s1-e02,Liga 2x2 Online S1-E02,2026-02-05,2026-02-05,2026-02,1,4,yMD2pSANi2g4mpz2pVNw#2,Mateus,,56VW2ypm1Q60I7pd1VCj#1,Reva,,lose
liga-2x2-online-s1-e02,Liga 2x2 Online S1-E02,2026-02-05,2026-02-05,2026-02,1,4,56VW2ypm1Q60I7pd1VCj#1,Reva,,56VW2ypm1Q60I7pd1VCj#2,Boone,,win
liga-2x2-online-s1-e02,Liga 2x2 Online S1-E02,2026-02-05,2026-02-05,2026-02,1,4,56VW2ypm1Q60I7pd1VCj#1,Reva,,yMD2pSANi2g4mpz2pVNw#1,Juliano,,win
liga-2x2-online-s1-e02,Liga 2x2 Online S1-E02,2026-02-05,2026-02-05,2026-02,1,4,56VW2ypm1Q60I7pd1VCj#1,Reva,,yMD2pSANi2g4mpz2pVNw#2,Mateus,,win
liga-2x2-online-s1-e02,Liga 2x2 Online S1-E02,2026-02-05,2026-02-05,2026-02,1,5,dnmV75OvXzTux6llAbTM#1,Jorel,,mtWg56AgZRET20q9isy8#1,Marcelo,,win
liga-2x2-online-s1-e02,Liga 2x2 Online S1-E02,2026-02-05,2026-02-05,2026-02,1,5,dnmV75OvXzTux6llAbTM#1,Jorel,,dnmV75OvXzTux6llAbTM#2,Martin,,win
liga-2x2-online-s1-e02,Liga 2x2 Online S1-E02,2026-02-05,2026-02-05,2026-02,1,5,dnmV75OvXzTux6llAbTM#1,Jorel,,mtWg56AgZRET20q9isy8#2,Samuel,,win
liga-2x2-online-s1-e02,Liga 2x2 Online S1-E02,2026-02-05,2026-02-05,2026-02,1,5,mtWg56AgZRET20q9isy8#1,Marcelo,,dnmV75OvXzTux6llAbTM#1,Jorel,,lose
liga-2x2-online-s1-e02,Liga 2x2 Online S1-E02,2026-02-05,2026-02-05,2026-02,1,5,mtWg56AgZRET20q9isy8#1,Marcelo,,dnmV75OvXzTux6llAbTM#2,Martin,,lose
liga-2x2-online-s1-e02,Liga 2x2 Online S1-E02,2026-02-05,2026-02-05,2026-02,1,5,mtWg56AgZRET20q9isy8#1,Marcelo,,mtWg56AgZRET20q9isy8#2,Samuel,,lose
liga-2x2-online-s1-e02,Liga 2x2 Online S1-E02,2026-02-05,2026-02-05,2026-02,1,5,dnmV75OvXzTux6llAbTM#2,Martin,,dnmV75OvXzTux6llAbTM#1,Jorel,,win
liga-2x2-online-s1-e02,Liga 2x2 Online S1-E02,2026-02-05,2026-02-05,2026-02,1,5,dnmV75OvXzTux6llAbTM#2,Martin,,mtWg56AgZRET20q9isy8#1,Marcelo,,win
liga-2x2-online-s1-e02,Liga 2x2 Online S1-E02,2026-02-05,2026-02-05,2026-02,1,5,dnmV75OvXzTux6llAbTM#2,Martin,,mtWg56AgZRET20q9isy8#2,Samuel,,win
liga-2x2-online-s1-e02,Liga 2x2 Online S1-E02,2026-02-05,2026-02-05,2026-02,1,5,mtWg56AgZRET20q9isy8#2,Samuel,,dnmV75OvXzTux6llAbTM#1,Jorel,,lose
liga-2x2-online-s1-e02,Liga 2x2 Online S1-E02,2026-02-05,2026-02-05,2026-02,1,5,mtWg56AgZRET20q9isy8#2,Samuel,,mtWg56AgZRET20q9isy8#1,Marcelo,,lose
liga-2x2-online-s1-e02,Liga 2x2 Online S1-E02,2026-02-05,2026-02-05,2026-02,1,5,mtWg56AgZRET20q9isy8#2,Samuel,,dnmV75OvXzTux6llAbTM#2,Martin,,lose
liga-2x2-online-s1-e02,Liga 2x2 Online S1-E02,2026-02-05,2026-02-05,2026-02,1,6,JuiLXww4SOB3t47nblyU#1,Carlos,,JuiLXww4SOB3t47nblyU#2,Errejota,,lose
liga-2x2-online-s1-e02,Liga 2x2 Online S1-E02,2026-02-05,2026-02-05,2026-02,1,6,JuiLXww4SOB3t47nblyU#1,Carlos,,yarIweAMYjBQ7hkJZqKu#1,Samuel,,lose
liga-2x2-online-s1-e02,Liga 2x2 Online S1-E02,2026-02-05,2026-02-05,2026-02,1,6,JuiLXww4SOB3t47nblyU#1,Carlos,,yarIweAMYjBQ7hkJZqKu#2,Thiago,,lose
liga-2x2-online-s1-e02,Liga 2x2 Online S1-E02,2026-02-05,2026-02-05,2026-02,1,6,JuiLXww4SOB3t47nblyU#2,Errejota,,JuiLXww4SOB3t47nblyU#1,Carlos,,lose
liga-2x2-online-s1-e02,Liga 2x2 Online S1-E02,2026-02-05,2026-02-05,2026-02,1,6,JuiLXww4SOB3t47nblyU#2,Errejota,,yarIweAMYjBQ7hkJZqKu#1,Samuel,,lose
liga-2x2-online-s1-e02,Liga 2x2 Online S1-E02,2026-02-05,2026-02-05,2026-02,1,6,JuiLXww4SOB3t47nblyU#2,Errejota,,yarIweAMYjBQ7hkJZqKu#2,Thiago,,lose
liga-2x2-online-s1-e02,Liga 2x2 Online S1-E02,2026-02-05,2026-02-05,2026-02,1,6,yarIweAMYjBQ7hkJZqKu#1,Samuel,,JuiLXww4SOB3t47nblyU#1,Carlos,,win
liga-2x2-online-s1-e02,Liga 2x2 Online S1-E02,2026-02-05,2026-02-05,2026-02,1,6,yarIweAMYjBQ7hkJZqKu#1,Samuel,,JuiLXww4SOB3t47nblyU#2,Errejota,,win
liga-2x2-online-s1-e02,Liga 2x2 Online S1-E02,2026-02-05,2026-02-05,2026-02,1,6,yarIweAMYjBQ7hkJZqKu#1,Samuel,,yarIweAMYjBQ7hkJZqKu#2,Thiago,,win
liga-2x2-online-s1-e02,Liga 2x2 Online S1-E02,2026-02-05,2026-02-05,2026-02,1,6,yarIweAMYjBQ7hkJZqKu#2,Thiago,,JuiLXww4SOB3t47nblyU#1,Carlos,,win
liga-2x2-online-s1-e02,Liga 2x2 Online S1-E02,2026-02-05,2026-02-05,2026-02,1,6,yarIweAMYjBQ7hkJZqKu#2,Thiago,,JuiLXww4SOB3t47nblyU#2,Errejota,,win
liga-2x2-online-s1-e02,Liga 2x2 Online S1-E02,2026-02-05,2026-02-05,2026-02,1,6,yarIweAMYjBQ7hkJZqKu#2,Thiago,,yarIweAMYjBQ7hkJZqKu#1,Samuel,,win
liga-2x2-online-s1-e02,Liga 2x2 Online S1-E02,2026-02-05,2026-02-05,2026-02,2,1,dnmV75OvXzTux6llAbTM#1,Jorel,,d6onUDRz14avzaFVYFE6#2,João Marmentini,,win
liga-2x2-online-s1-e02,Liga 2x2 Online S1-E02,2026-02-05,2026-02-05,2026-02,2,1,dnmV75OvXzTux6llAbTM#1,Jorel,,dnmV75OvXzTux6llAbTM#2,Martin,,win
liga-2x2-online-s1-e02,Liga 2x2 Online S1-E02,2026-02-05,2026-02-05,2026-02,2,1,dnmV75OvXzTux6llAbTM#1,Jorel,,d6onUDRz14avzaFVYFE6#1,Vande,,win
liga-2x2-online-s1-e02,Liga 2x2 Online S1-E02,2026-02-05,2026-02-05,2026-02,2,1,d6onUDRz14avzaFVYFE6#2,João Marmentini,,dnmV75OvXzTux6llAbTM#1,Jorel,,lose
liga-2x2-online-s1-e02,Liga 2x2 Online S1-E02,2026-02-05,2026-02-05,2026-02,2,1,d6onUDRz14avzaFVYFE6#2,João Marmentini,,dnmV75OvXzTux6llAbTM#2,Martin,,lose
liga-2x2-online-s1-e02,Liga 2x2 Online S1-E02,2026-02-05,2026-02-05,2026-02,2,1,d6onUDRz14avzaFVYFE6#2,João Marmentini,,d6onUDRz14avzaFVYFE6#1,Vande,,lose
liga-2x2-online-s1-e02,Liga 2x2 Online S1-E02,2026-02-05,2026-02-05,2026-02,2,1,dnmV75OvXzTux6llAbTM#2,Martin,,dnmV75OvXzTux6llAbTM#1,Jorel,,win
liga-2x2-online-s1-e02,Liga 2x2 Online S1-E02,2026-02-05,2026-02-05,2026-02,2,1,dnmV75OvXzTux6llAbTM#2,Martin,,d6onUDRz14avzaFVYFE6#2,João Marmentini,,win
liga-2x2-online-s1-e02,Liga 2x2 Online S1-E02,2026-02-05,2026-02-05,2026-02,2,1,dnmV75OvXzTux6llAbTM#2,Martin,,d6onUDRz14avzaFVYFE6#1,Vande,,win
liga-2x2-online-s1-e02,Liga 2x2 Online S1-E02,2026-02-05,2026-02-05,2026-02,2,1,d6onUDRz14avzaFVYFE6#1,Vande,,dnmV75OvXzTux6llAbTM#1,Jorel,,lose
liga-2x2-online-s1-e02,Liga 2x2 Online S1-E02,2026-02-05,2026-02-05,2026-02,2,1,d6onUDRz14avzaFVYFE6#1,Vande,,d6onUDRz14avzaFVYFE6#2,João Marmentini,,lose
liga-2x2-online-s1-e02,Liga 2x2 Online S1-E02,2026-02-05,2026-02-05,2026-02,2,1,d6onUDRz14avzaFVYFE6#1,Vande,,dnmV75OvXzTux6llAbTM#2,Martin,,lose
liga-2x2-online-s1-e02,Liga 2x2 Online S1-E02,2026-02-05,2026-02-05,2026-02,2,2,NM3O5De3jIdZ7EJI1kC1#1,Bauer,,NM3O5De3jIdZ7EJI1kC1#2,Langa,,lose
liga-2x2-online-s1-e02,Liga 2x2 Online S1-E02,2026-02-05,2026-02-05,2026-02,2,2,NM3O5De3jIdZ7EJI1kC1#1,Bauer,,yarIweAMYjBQ7hkJZqKu#1,Samuel,,lose
liga-2x2-online-s1-e02,Liga 2x2 Online S1-E02,2026-02-05,2026-02-05,2026-02,2,2,NM3O5De3jIdZ7EJI1kC1#1,Bauer,,yarIweAMYjBQ7hkJZqKu#2,Thiago,,lose
liga-2x2-online-s1-e02,Liga 2x2 Online S1-E02,2026-02-05,2026-02-05,2026-02,2,2,NM3O5De3jIdZ7EJI1kC1#2,Langa,,NM3O5De3jIdZ7EJI1kC1#1,Bauer,,lose
liga-2x2-online-s1-e02,Liga 2x2 Online S1-E02,2026-02-05,2026-02-05,2026-02,2,2,NM3O5De3jIdZ7EJI1kC1#2,Langa,,yarIweAMYjBQ7hkJZqKu#1,Samuel,,lose
liga-2x2-online-s1-e02,Liga 2x2 Online S1-E02,2026-02-05,2026-02-05,2026-02,2,2,NM3O5De3jIdZ7EJI1kC1#2,Langa,,yarIweAMYjBQ7hkJZqKu#2,Thiago,,lose
liga-2x2-online-s1-e02,Liga 2x2 Online S1-E02,2026-02-05,2026-02-05,2026-02,2,2,yarIweAMYjBQ7hkJZqKu#1,Samuel,,NM3O5De3jIdZ7EJI1kC1#1,Bauer,,win
liga-2x2-online-s1-e02,Liga 2x2 Online S1-E02,2026-02-05,2026-02-05,2026-02,2,2,yarIweAMYjBQ7hkJZqKu#1,Samuel,,NM3O5De3jIdZ7EJI1kC1#2,Langa,,win
liga-2x2-online-s1-e02,Liga 2x2 Online S1-E02,2026-02-05,2026-02-05,2026-02,2,2,yarIweAMYjBQ7hkJZqKu#1,Samuel,,yarIweAMYjBQ7hkJZqKu#2,Thiago,,win
liga-2x2-online-s1-e02,Liga 2x2 Online S1-E02,2026-02-05,2026-02-05,2026-02,2,2,yarIweAMYjBQ7hkJZqKu#2,Thiago,,NM3O5De3jIdZ7EJI1kC1#1,Bauer,,win
liga-2x2-online-s1-e02,Liga 2x2 Online S1-E02,2026-02-05,2026-02-05,2026-02,2,2,yarIweAMYjBQ7hkJZqKu#2,Thiago,,NM3O5De3jIdZ7EJI1kC1#2,Langa,,win
liga-2x2-online-s1-e02,Liga 2x2 Online S1-E02,2026-02-05,2026-02-05,2026-02,2,2,yarIweAMYjBQ7hkJZqKu#2,Thiago,,yarIweAMYjBQ7hkJZqKu#1,Samuel,,win
liga-2x2-online-s1-e02,Liga 2x2 Online S1-E02,2026-02-05,2026-02-05,2026-02,2,3,nJsdPaC7XnkP5XpdUJVZ#2,Arthur Sartori,,56VW2ypm1Q60I7pd1VCj#2,Boone,,lose
liga-2x2-online-s1-e02,Liga 2x2 Online S1-E02,2026-02-05,2026-02-05,2026-02,2,3,nJsdPaC7XnkP5XpdUJVZ#2,Arthur Sartori,,nJsdPaC7XnkP5XpdUJVZ#1,Marcos Sartori,,lose
liga-2x2-online-s1-e02,Liga 2x2 Online S1-E02,2026-02-05,2026-02-05,2026-02,2,3,nJsdPaC7XnkP5XpdUJVZ#2,Arthur Sartori,,56VW2ypm1Q60I7pd1VCj#1,Reva,,lose
liga-2x2-online-s1-e02,Liga 2x2 Online S1-E02,2026-02-05,2026-02-05,2026-02,2,3,56VW2ypm1Q60I7pd1VCj#2,Boone,,nJsdPaC7XnkP5XpdUJVZ#2,Arthur Sartori,,win
liga-2x2-online-s1-e02,Liga 2x2 Online S1-E02,2026-02-05,2026-02-05,2026-02,2,3,56VW2ypm1Q60I7pd1VCj#2,Boone,,nJsdPaC7XnkP5XpdUJVZ#1,Marcos Sartori,,win
liga-2x2-online-s1-e02,Liga 2x2 Online S1-E02,2026-02-05,2026-02-05,2026-02,2,3,56VW2ypm1Q60I7pd1VCj#2,Boone,,56VW2ypm1Q60I7pd1VCj#1,Reva,,win
liga-2x2-online-s1-e02,Liga 2x2 Online S1-E02,2026-02-05,2026-02-05,2026-02,2,3,nJsdPaC7XnkP5XpdUJVZ#1,Marcos Sartori,,nJsdPaC7XnkP5XpdUJVZ#2,Arthur Sartori,,lose
liga-2x2-online-s1-e02,Liga 2x2 Online S1-E02,2026-02-05,2026-02-05,2026-02,2,3,nJsdPaC7XnkP5XpdUJVZ#1,Marcos Sartori,,56VW2ypm1Q60I7pd1VCj#2,Boone,,lose
liga-2x2-online-s1-e02,Liga 2x2 Online S1-E02,2026-02-05,2026-02-05,2026-02,2,3,nJsdPaC7XnkP5XpdUJVZ#1,Marcos Sartori,,56VW2ypm1Q60I7pd1VCj#1,Reva,,lose
liga-2x2-online-s1-e02,Liga 2x2 Online S1-E02,2026-02-05,2026-02-05,2026-02,2,3,56VW2ypm1Q60I7pd1VCj#1,Reva,,nJsdPaC7XnkP5XpdUJVZ#2,Arthur Sartori,,win
liga-2x2-online-s1-e02,Liga 2x2 Online S1-E02,2026-02-05,2026-02-05,2026-02,2,3,56VW2ypm1Q60I7pd1VCj#1,Reva,,56VW2ypm1Q60I7pd1VCj#2,Boone,,win
liga-2x2-online-s1-e02,Liga 2x2 Online S1-E02,2026-02-05,2026-02-05,2026-02,2,3,56VW2ypm1Q60I7pd1VCj#1,Reva,,nJsdPaC7XnkP5XpdUJVZ#1,Marcos Sartori,,win
liga-2x2-online-s1-e02,Liga 2x2 Online S1-E02,2026-02-05,2026-02-05,2026-02,2,4,JuiLXww4SOB3t47nblyU#1,Carlos,,JuiLXww4SOB3t47nblyU#2,Errejota,,win
liga-2x2-online-s1-e02,Liga 2x2 Online S1-E02,2026-02-05,2026-02-05,2026-02,2,4,JuiLXww4SOB3t47nblyU#1,Carlos,,1FDH3YwLOJqqhoGYjXHh#1,Gustavo Dias,,win
liga-2x2-online-s1-e02,Liga 2x2 Online S1-E02,2026-02-05,2026-02-05,2026-02,2,4,JuiLXww4SOB3t47nblyU#1,Carlos,,1FDH3YwLOJqqhoGYjXHh#2,Udo,,win
liga-2x2-online-s1-e02,Liga 2x2 Online S1-E02,2026-02-05,2026-02-05,2026-02,2,4,JuiLXww4SOB3t47nblyU#2,Errejota,,JuiLXww4SOB3t47nblyU#1,Carlos,,win
liga-2x2-online-s1-e02,Liga 2x2 Online S1-E02,2026-02-05,2026-02-05,2026-02,2,4,JuiLXww4SOB3t47nblyU#2,Errejota,,1FDH3YwLOJqqhoGYjXHh#1,Gustavo Dias,,win
liga-2x2-online-s1-e02,Liga 2x2 Online S1-E02,2026-02-05,2026-02-05,2026-02,2,4,JuiLXww4SOB3t47nblyU#2,Errejota,,1FDH3YwLOJqqhoGYjXHh#2,Udo,,win
liga-2x2-online-s1-e02,Liga 2x2 Online S1-E02,2026-02-05,2026-02-05,2026-02,2,4,1FDH3YwLOJqqhoGYjXHh#1,Gustavo Dias,,JuiLXww4SOB3t47nblyU#1,Carlos,,lose
liga-2x2-online-s1-e02,Liga 2x2 Online S1-E02,2026-02-05,2026-02-05,2026-02,2,4,1FDH3YwLOJqqhoGYjXHh#1,Gustavo Dias,,JuiLXww4SOB3t47nblyU#2,Errejota,,lose
liga-2x2-online-s1-e02,Liga 2x2 Online S1-E02,2026-02-05,2026-02-05,2026-02,2,4,1FDH3YwLOJqqhoGYjXHh#1,Gustavo Dias,,1FDH3YwLOJqqhoGYjXHh#2,Udo,,lose
liga-2x2-online-s1-e02,Liga 2x2 Online S1-E02,2026-02-05,2026-02-05,2026-02,2,4,1FDH3YwLOJqqhoGYjXHh#2,Udo,,JuiLXww4SOB3t47nblyU#1,Carlos,,lose
liga-2x2-online-s1-e02,Liga 2x2 Online S1-E02,2026-02-05,2026-02-05,2026-02,2,4,1FDH3YwLOJqqhoGYjXHh#2,Udo,,JuiLXww4SOB3t47nblyU#2,Errejota,,lose
liga-2x2-online-s1-e02,Liga 2x2 Online S1-E02,2026-02-05,2026-02-05,2026-02,2,4,1FDH3YwLOJqqhoGYjXHh#2,Udo,,1FDH3YwLOJqqhoGYjXHh#1,Gustavo Dias,,lose
liga-2x2-online-s1-e02,Liga 2x2 Online S1-E02,2026-02-05,2026-02-05,2026-02,2,5,qw4XxzovtDnuqfsMelKQ#1,Chueiry,,mtWg56AgZRET20q9isy8#1,Marcelo,,lose
liga-2x2-online-s1-e02,Liga 2x2 Online S1-E02,2026-02-05,2026-02-05,2026-02,2,5,qw4XxzovtDnuqfsMelKQ#1,Chueiry,,mtWg56AgZRET20q9isy8#2,Samuel,,lose
liga-2x2-online-s1-e02,Liga 2x2 Online S1-E02,2026-02-05,2026-02-05,2026-02,2,5,qw4XxzovtDnuqfsMelKQ#1,Chueiry,,qw4XxzovtDnuqfsMelKQ#2,Vicente,,lose
liga-2x2-online-s1-e02,Liga 2x2 Online S1-E02,2026-02-05,2026-02-05,2026-02,2,5,mtWg56AgZRET20q9isy8#1,Marcelo,,qw4XxzovtDnuqfsMelKQ#1,Chueiry,,win
liga-2x2-online-s1-e02,Liga 2x2 Online S1-E02,2026-02-05,2026-02-05,2026-02,2,5,mtWg56AgZRET20q9isy8#1,Marcelo,,mtWg56AgZRET20q9isy8#2,Samuel,,win
liga-2x2-online-s1-e02,Liga 2x2 Online S1-E02,2026-02-05,2026-02-05,2026-02,2,5,mtWg56AgZRET20q9isy8#1,Marcelo,,qw4XxzovtDnuqfsMelKQ#2,Vicente,,win
liga-2x2-online-s1-e02,Liga 2x2 Online S1-E02,2026-02-05,2026-02-05,2026-02,2,5,mtWg56AgZRET20q9isy8#2,Samuel,,qw4XxzovtDnuqfsMelKQ#1,Chueiry,,win
liga-2x2-online-s1-e02,Liga 2x2 Online S1-E02,2026-02-05,2026-02-05,2026-02,2,5,mtWg56AgZRET20q9isy8#2,Samuel,,mtWg56AgZRET20q9isy8#1,Marcelo,,win
liga-2x2-online-s1-e02,Liga 2x2 Online S1-E02,2026-02-05,2026-02-05,2026-02,2,5,mtWg56AgZRET20q9isy8#2,Samuel,,qw4XxzovtDnuqfsMelKQ#2,Vicente,,win
liga-2x2-online-s1-e02,Liga 2x2 Online S1-E02,2026-02-05,2026-02-05,2026-02,2,5,qw4XxzovtDnuqfsMelKQ#2,Vicente,,qw4XxzovtDnuqfsMelKQ#1,Chueiry,,lose
liga-2x2-online-s1-e02,Liga 2x2 Online S1-E02,2026-02-05,2026-02-05,2026-02,2,5,qw4XxzovtDnuqfsMelKQ#2,Vicente,,mtWg56AgZRET20q9isy8#1,Marcelo,,lose
liga-2x2-online-s1-e02,Liga 2x2 Online S1-E02,2026-02-05,2026-02-05,2026-02,2,5,qw4XxzovtDnuqfsMelKQ#2,Vicente,,mtWg56AgZRET20q9isy8#2,Samuel,,lose
liga-2x2-online-s1-e02,Liga 2x2 Online S1-E02,2026-02-05,2026-02-05,2026-02,2,6,MgukdtqpFCWGovSzBs6r#1,Erick,,MgukdtqpFCWGovSzBs6r#2,Fábio,,win
liga-2x2-online-s1-e02,Liga 2x2 Online S1-E02,2026-02-05,2026-02-05,2026-02,2,6,MgukdtqpFCWGovSzBs6r#1,Erick,,yMD2pSANi2g4mpz2pVNw#1,Juliano,,win
liga-2x2-online-s1-e02,Liga 2x2 Online S1-E02,2026-02-05,2026-02-05,2026-02,2,6,MgukdtqpFCWGovSzBs6r#1,Erick,,yMD2pSANi2g4mpz2pVNw#2,Mateus,,win
liga-2x2-online-s1-e02,Liga 2x2 Online S1-E02,2026-02-05,2026-02-05,2026-02,2,6,MgukdtqpFCWGovSzBs6r#2,Fábio,,MgukdtqpFCWGovSzBs6r#1,Erick,,win
liga-2x2-online-s1-e02,Liga 2x2 Online S1-E02,2026-02-05,2026-02-05,2026-02,2,6,MgukdtqpFCWGovSzBs6r#2,Fábio,,yMD2pSANi2g4mpz2pVNw#1,Juliano,,win
liga-2x2-online-s1-e02,Liga 2x2 Online S1-E02,2026-02-05,2026-02-05,2026-02,2,6,MgukdtqpFCWGovSzBs6r#2,Fábio,,yMD2pSANi2g4mpz2pVNw#2,Mateus,,win
liga-2x2-online-s1-e02,Liga 2x2 Online S1-E02,2026-02-05,2026-02-05,2026-02,2,6,yMD2pSANi2g4mpz2pVNw#1,Juliano,,MgukdtqpFCWGovSzBs6r#1,Erick,,lose
liga-2x2-online-s1-e02,Liga 2x2 Online S1-E02,2026-02-05,2026-02-05,2026-02,2,6,yMD2pSANi2g4mpz2pVNw#1,Juliano,,MgukdtqpFCWGovSzBs6r#2,Fábio,,lose
liga-2x2-online-s1-e02,Liga 2x2 Online S1-E02,2026-02-05,2026-02-05,2026-02,2,6,yMD2pSANi2g4mpz2pVNw#1,Juliano,,yMD2pSANi2g4mpz2pVNw#2,Mateus,,lose
liga-2x2-online-s1-e02,Liga 2x2 Online S1-E02,2026-02-05,2026-02-05,2026-02,2,6,yMD2pSANi2g4mpz2pVNw#2,Mateus,,MgukdtqpFCWGovSzBs6r#1,Erick,,lose
liga-2x2-online-s1-e02,Liga 2x2 Online S1-E02,2026-02-05,2026-02-05,2026-02,2,6,yMD2pSANi2g4mpz2pVNw#2,Mateus,,MgukdtqpFCWGovSzBs6r#2,Fábio,,lose
liga-2x2-online-s1-e02,Liga 2x2 Online S1-E02,2026-02-05,2026-02-05,2026-02,2,6,yMD2pSANi2g4mpz2pVNw#2,Mateus,,yMD2pSANi2g4mpz2pVNw#1,Juliano,,lose
liga-2x2-online-s1-e02,Liga 2x2 Online S1-E02,2026-02-05,2026-02-05,2026-02,3,1,56VW2ypm1Q60I7pd1VCj#2,Boone,,56VW2ypm1Q60I7pd1VCj#1,Reva,,lose
liga-2x2-online-s1-e02,Liga 2x2 Online S1-E02,2026-02-05,2026-02-05,2026-02,3,1,56VW2ypm1Q60I7pd1VCj#2,Boone,,yarIweAMYjBQ7hkJZqKu#1,Samuel,,lose
liga-2x2-online-s1-e02,Liga 2x2 Online S1-E02,2026-02-05,2026-02-05,2026-02,3,1,56VW2ypm1Q60I7pd1VCj#2,Boone,,yarIweAMYjBQ7hkJZqKu#2,Thiago,,lose
liga-2x2-online-s1-e02,Liga 2x2 Online S1-E02,2026-02-05,2026-02-05,2026-02,3,1,56VW2ypm1Q60I7pd1VCj#1,Reva,,56VW2ypm1Q60I7pd1VCj#2,Boone,,lose
liga-2x2-online-s1-e02,Liga 2x2 Online S1-E02,2026-02-05,2026-02-05,2026-02,3,1,56VW2ypm1Q60I7pd1VCj#1,Reva,,yarIweAMYjBQ7hkJZqKu#1,Samuel,,lose
liga-2x2-online-s1-e02,Liga 2x2 Online S1-E02,2026-02-05,2026-02-05,2026-02,3,1,56VW2ypm1Q60I7pd1VCj#1,Reva,,yarIweAMYjBQ7hkJZqKu#2,Thiago,,lose
liga-2x2-online-s1-e02,Liga 2x2 Online S1-E02,2026-02-05,2026-02-05,2026-02,3,1,yarIweAMYjBQ7hkJZqKu#1,Samuel,,56VW2ypm1Q60I7pd1VCj#2,Boone,,win
liga-2x2-online-s1-e02,Liga 2x2 Online S1-E02,2026-02-05,2026-02-05,2026-02,3,1,yarIweAMYjBQ7hkJZqKu#1,Samuel,,56VW2ypm1Q60I7pd1VCj#1,Reva,,win
liga-2x2-online-s1-e02,Liga 2x2 Online S1-E02,2026-02-05,2026-02-05,2026-02,3,1,yarIweAMYjBQ7hkJZqKu#1,Samuel,,yarIweAMYjBQ7hkJZqKu#2,Thiago,,win
liga-2x2-online-s1-e02,Liga 2x2 Online S1-E02,2026-02-05,2026-02-05,2026-02,3,1,yarIweAMYjBQ7hkJZqKu#2,Thiago,,56VW2ypm1Q60I7pd1VCj#2,Boone,,win
liga-2x2-online-s1-e02,Liga 2x2 Online S1-E02,2026-02-05,2026-02-05,2026-02,3,1,yarIweAMYjBQ7hkJZqKu#2,Thiago,,56VW2ypm1Q60I7pd1VCj#1,Reva,,win
liga-2x2-online-s1-e02,Liga 2x2 Online S1-E02,2026-02-05,2026-02-05,2026-02,3,1,yarIweAMYjBQ7hkJZqKu#2,Thiago,,yarIweAMYjBQ7hkJZqKu#1,Samuel,,win
liga-2x2-online-s1-e02,Liga 2x2 Online S1-E02,2026-02-05,2026-02-05,2026-02,3,2,JuiLXww4SOB3t47nblyU#1,Carlos,,JuiLXww4SOB3t47nblyU#2,Errejota,,win
liga-2x2-online-s1-e02,Liga 2x2 Online S1-E02,2026-02-05,2026-02-05,2026-02,3,2,JuiLXww4SOB3t47nblyU#1,Carlos,,dnmV75OvXzTux6llAbTM#1,Jorel,,win
liga-2x2-online-s1-e02,Liga 2x2 Online S1-E02,2026-02-05,2026-02-05,2026-02,3,2,JuiLXww4SOB3t47nblyU#1,Carlos,,dnmV75OvXzTux6llAbTM#2,Martin,,win
liga-2x2-online-s1-e02,Liga 2x2 Online S1-E02,2026-02-05,2026-02-05,2026-02,3,2,JuiLXww4SOB3t47nblyU#2,Errejota,,JuiLXww4SOB3t47nblyU#1,Carlos,,win
liga-2x2-online-s1-e02,Liga 2x2 Online S1-E02,2026-02-05,2026-02-05,2026-02,3,2,JuiLXww4SOB3t47nblyU#2,Errejota,,dnmV75OvXzTux6llAbTM#1,Jorel,,win
liga-2x2-online-s1-e02,Liga 2x2 Online S1-E02,2026-02-05,2026-02-05,2026-02,3,2,JuiLXww4SOB3t47nblyU#2,Errejota,,dnmV75OvXzTux6llAbTM#2,Martin,,win
liga-2x2-online-s1-e02,Liga 2x2 Online S1-E02,2026-02-05,2026-02-05,2026-02,3,2,dnmV75OvXzTux6llAbTM#1,Jorel,,JuiLXww4SOB3t47nblyU#1,Carlos,,lose
liga-2x2-online-s1-e02,Liga 2x2 Online S1-E02,2026-02-05,2026-02-05,2026-02,3,2,dnmV75OvXzTux6llAbTM#1,Jorel,,JuiLXww4SOB3t47nblyU#2,Errejota,,lose
liga-2x2-online-s1-e02,Liga 2x2 Online S1-E02,2026-02-05,2026-02-05,2026-02,3,2,dnmV75OvXzTux6llAbTM#1,Jorel,,dnmV75OvXzTux6llAbTM#2,Martin,,lose
liga-2x2-online-s1-e02,Liga 2x2 Online S1-E02,2026-02-05,2026-02-05,2026-02,3,2,dnmV75OvXzTux6llAbTM#2,Martin,,JuiLXww4SOB3t47nblyU#1,Carlos,,lose
liga-2x2-online-s1-e02,Liga 2x2 Online S1-E02,2026-02-05,2026-02-05,2026-02,3,2,dnmV75OvXzTux6llAbTM#2,Martin,,JuiLXww4SOB3t47nblyU#2,Errejota,,lose
liga-2x2-online-s1-e02,Liga 2x2 Online S1-E02,2026-02-05,2026-02-05,2026-02,3,2,dnmV75OvXzTux6llAbTM#2,Martin,,dnmV75OvXzTux6llAbTM#1,Jorel,,lose
liga-2x2-online-s1-e02,Liga 2x2 Online S1-E02,2026-02-05,2026-02-05,2026-02,3,3,MgukdtqpFCWGovSzBs6r#1,Erick,,MgukdtqpFCWGovSzBs6r#2,Fábio,,win
liga-2x2-online-s1-e02,Liga 2x2 Online S1-E02,2026-02-05,2026-02-05,2026-02,3,3,MgukdtqpFCWGovSzBs6r#1,Erick,,mtWg56AgZRET20q9isy8#1,Marcelo,,win
liga-2x2-online-s1-e02,Liga 2x2 Online S1-E02,2026-02-05,2026-02-05,2026-02,3,3,MgukdtqpFCWGovSzBs6r#1,Erick,,mtWg56AgZRET20q9isy8#2,Samuel,,win
liga-2x2-online-s1-e02,Liga 2x2 Online S1-E02,2026-02-05,2026-02-05,2026-02,3,3,MgukdtqpFCWGovSzBs6r#2,Fábio,,MgukdtqpFCWGovSzBs6r#1,Erick,,win
liga-2x2-online-s1-e02,Liga 2x2 Online S1-E02,2026-02-05,2026-02-05,2026-02,3,3,MgukdtqpFCWGovSzBs6r#2,Fábio,,mtWg56AgZRET20q9isy8#1,Marcelo,,win
liga-2x2-online-s1-e02,Liga 2x2 Online S1-E02,2026-02-05,2026-02-05,2026-02,3,3,MgukdtqpFCWGovSzBs6r#2,Fábio,,mtWg56AgZRET20q9isy8#2,Samuel,,win
liga-2x2-online-s1-e02,Liga 2x2 Online S1-E02,2026-02-05,2026-02-05,2026-02,3,3,mtWg56AgZRET20q9isy8#1,Marcelo,,MgukdtqpFCWGovSzBs6r#1,Erick,,lose
liga-2x2-online-s1-e02,Liga 2x2 Online S1-E02,2026-02-05,2026-02-05,2026-02,3,3,mtWg56AgZRET20q9isy8#1,Marcelo,,MgukdtqpFCWGovSzBs6r#2,Fábio,,lose
liga-2x2-online-s1-e02,Liga 2x2 Online S1-E02,2026-02-05,2026-02-05,2026-02,3,3,mtWg56AgZRET20q9isy8#1,Marcelo,,mtWg56AgZRET20q9isy8#2,Samuel,,lose
liga-2x2-online-s1-e02,Liga 2x2 Online S1-E02,2026-02-05,2026-02-05,2026-02,3,3,mtWg56AgZRET20q9isy8#2,Samuel,,MgukdtqpFCWGovSzBs6r#1,Erick,,lose
liga-2x2-online-s1-e02,Liga 2x2 Online S1-E02,2026-02-05,2026-02-05,2026-02,3,3,mtWg56AgZRET20q9isy8#2,Samuel,,MgukdtqpFCWGovSzBs6r#2,Fábio,,lose
liga-2x2-online-s1-e02,Liga 2x2 Online S1-E02,2026-02-05,2026-02-05,2026-02,3,3,mtWg56AgZRET20q9isy8#2,Samuel,,mtWg56AgZRET20q9isy8#1,Marcelo,,lose
liga-2x2-online-s1-e02,Liga 2x2 Online S1-E02,2026-02-05,2026-02-05,2026-02,3,4,nJsdPaC7XnkP5XpdUJVZ#2,Arthur Sartori,,NM3O5De3jIdZ7EJI1kC1#1,Bauer,,draw
liga-2x2-online-s1-e02,Liga 2x2 Online S1-E02,2026-02-05,2026-02-05,2026-02,3,4,nJsdPaC7XnkP5XpdUJVZ#2,Arthur Sartori,,NM3O5De3jIdZ7EJI1kC1#2,Langa,,draw
liga-2x2-online-s1-e02,Liga 2x2 Online S1-E02,2026-02-05,2026-02-05,2026-02,3,4,nJsdPaC7XnkP5XpdUJVZ#2,Arthur Sartori,,nJsdPaC7XnkP5XpdUJVZ#1,Marcos Sartori,,draw
liga-2x2-online-s1-e02,Liga 2x2 Online S1-E02,2026-02-05,2026-02-05,2026-02,3,4,NM3O5De3jIdZ7EJI1kC1#1,Bauer,,nJsdPaC7XnkP5XpdUJVZ#2,Arthur Sartori,,draw
liga-2x2-online-s1-e02,Liga 2x2 Online S1-E02,2026-02-05,2026-02-05,2026-02,3,4,NM3O5De3jIdZ7EJI1kC1#1,Bauer,,NM3O5De3jIdZ7EJI1kC1#2,Langa,,draw
liga-2x2-online-s1-e02,Liga 2x2 Online S1-E02,2026-02-05,2026-02-05,2026-02,3,4,NM3O5De3jIdZ7EJI1kC1#1,Bauer,,nJsdPaC7XnkP5XpdUJVZ#1,Marcos Sartori,,draw
liga-2x2-online-s1-e02,Liga 2x2 Online S1-E02,2026-02-05,2026-02-05,2026-02,3,4,NM3O5De3jIdZ7EJI1kC1#2,Langa,,nJsdPaC7XnkP5XpdUJVZ#2,Arthur Sartori,,draw
liga-2x2-online-s1-e02,Liga 2x2 Online S1-E02,2026-02-05,2026-02-05,2026-02,3,4,NM3O5De3jIdZ7EJI1kC1#2,Langa,,NM3O5De3jIdZ7EJI1kC1#1,Bauer,,draw
liga-2x2-online-s1-e02,Liga 2x2 Online S1-E02,2026-02-05,2026-02-05,2026-02,3,4,NM3O5De3jIdZ7EJI1kC1#2,Langa,,nJsdPaC7XnkP5XpdUJVZ#1,Marcos Sartori,,draw
liga-2x2-online-s1-e02,Liga 2x2 Online S1-E02,2026-02-05,2026-02-05,2026-02,3,4,nJsdPaC7XnkP5XpdUJVZ#1,Marcos Sartori,,nJsdPaC7XnkP5XpdUJVZ#2,Arthur Sartori,,draw
liga-2x2-online-s1-e02,Liga 2x2 Online S1-E02,2026-02-05,2026-02-05,2026-02,3,4,nJsdPaC7XnkP5XpdUJVZ#1,Marcos Sartori,,NM3O5De3jIdZ7EJI1kC1#1,Bauer,,draw
liga-2x2-online-s1-e02,Liga 2x2 Online S1-E02,2026-02-05,2026-02-05,2026-02,3,4,nJsdPaC7XnkP5XpdUJVZ#1,Marcos Sartori,,NM3O5De3jIdZ7EJI1kC1#2,Langa,,draw
liga-2x2-online-s1-e02,Liga 2x2 Online S1-E02,2026-02-05,2026-02-05,2026-02,3,5,d6onUDRz14avzaFVYFE6#2,João Marmentini,,yMD2pSANi2g4mpz2pVNw#1,Juliano,,lose
liga-2x2-online-s1-e02,Liga 2x2 Online S1-E02,2026-02-05,2026-02-05,2026-02,3,5,d6onUDRz14avzaFVYFE6#2,João Marmentini,,yMD2pSANi2g4mpz2pVNw#2,Mateus,,lose
liga-2x2-online-s1-e02,Liga 2x2 Online S1-E02,2026-02-05,2026-02-05,2026-02,3,5,d6onUDRz14avzaFVYFE6#2,João Marmentini,,d6onUDRz14avzaFVYFE6#1,Vande,,lose
liga-2x2-online-s1-e02,Liga 2x2 Online S1-E02,2026-02-05,2026-02-05,2026-02,3,5,yMD2pSANi2g4mpz2pVNw#1,Juliano,,d6onUDRz14avzaFVYFE6#2,João Marmentini,,win
liga-2x2-online-s1-e02,Liga 2x2 Online S1-E02,2026-02-05,2026-02-05,2026-02,3,5,yMD2pSANi2g4mpz2pVNw#1,Juliano,,yMD2pSANi2g4mpz2pVNw#2,Mateus,,win
liga-2x2-online-s1-e02,Liga 2x2 Online S1-E02,2026-02-05,2026-02-05,2026-02,3,5,yMD2pSANi2g4mpz2pVNw#1,Juliano,,d6onUDRz14avzaFVYFE6#1,Vande,,win
liga-2x2-online-s1-e02,Liga 2x2 Online S1-E02,2026-02-05,2026-02-05,2026-02,3,5,yMD2pSANi2g4mpz2pVNw#2,Mateus,,d6onUDRz14avzaFVYFE6#2,João Marmentini,,win
liga-2x2-online-s1-e02,Liga 2x2 Online S1-E02,2026-02-05,2026-02-05,2026-02,3,5,yMD2pSANi2g4mpz2pVNw#2,Mateus,,yMD2pSANi2g4mpz2pVNw#1,Juliano,,win
liga-2x2-online-s1-e02,Liga 2x2 Online S1-E02,2026-02-05,2026-02-05,2026-02,3,5,yMD2pSANi2g4mpz2pVNw#2,Mateus,,d6onUDRz14avzaFVYFE6#1,Vande,,win
liga-2x2-online-s1-e02,Liga 2x2 Online S1-E02,2026-02-05,2026-02-05,2026-02,3,5,d6onUDRz14avzaFVYFE6#1,Vande,,d6onUDRz14avzaFVYFE6#2,João Marmentini,,lose
liga-2x2-online-s1-e02,Liga 2x2 Online S1-E02,2026-02-05,2026-02-05,2026-02,3,5,d6onUDRz14avzaFVYFE6#1,Vande,,yMD2pSANi2g4mpz2pVNw#1,Juliano,,lose
liga-2x2-online-s1-e02,Liga 2x2 Online S1-E02,2026-02-05,2026-02-05,2026-02,3,5,d6onUDRz14avzaFVYFE6#1,Vande,,yMD2pSANi2g4mpz2pVNw#2,Mateus,,lose
liga-2x2-online-s1-e02,Liga 2x2 Online S1-E02,2026-02-05,2026-02-05,2026-02,3,6,qw4XxzovtDnuqfsMelKQ#1,Chueiry,,1FDH3YwLOJqqhoGYjXHh#1,Gustavo Dias,,lose
liga-2x2-online-s1-e02,Liga 2x2 Online S1-E02,2026-02-05,2026-02-05,2026-02,3,6,qw4XxzovtDnuqfsMelKQ#1,Chueiry,,1FDH3YwLOJqqhoGYjXHh#2,Udo,,lose
liga-2x2-online-s1-e02,Liga 2x2 Online S1-E02,2026-02-05,2026-02-05,2026-02,3,6,qw4XxzovtDnuqfsMelKQ#1,Chueiry,,qw4XxzovtDnuqfsMelKQ#2,Vicente,,lose
liga-2x2-online-s1-e02,Liga 2x2 Online S1-E02,2026-02-05,2026-02-05,2026-02,3,6,1FDH3YwLOJqqhoGYjXHh#1,Gustavo Dias,,qw4XxzovtDnuqfsMelKQ#1,Chueiry,,win
liga-2x2-online-s1-e02,Liga 2x2 Online S1-E02,2026-02-05,2026-02-05,2026-02,3,6,1FDH3YwLOJqqhoGYjXHh#1,Gustavo Dias,,1FDH3YwLOJqqhoGYjXHh#2,Udo,,win
liga-2x2-online-s1-e02,Liga 2x2 Online S1-E02,2026-02-05,2026-02-05,2026-02,3,6,1FDH3YwLOJqqhoGYjXHh#1,Gustavo Dias,,qw4XxzovtDnuqfsMelKQ#2,Vicente,,win
liga-2x2-online-s1-e02,Liga 2x2 Online S1-E02,2026-02-05,2026-02-05,2026-02,3,6,1FDH3YwLOJqqhoGYjXHh#2,Udo,,qw4XxzovtDnuqfsMelKQ#1,Chueiry,,win
liga-2x2-online-s1-e02,Liga 2x2 Online S1-E02,2026-02-05,2026-02-05,2026-02,3,6,1FDH3YwLOJqqhoGYjXHh#2,Udo,,1FDH3YwLOJqqhoGYjXHh#1,Gustavo Dias,,win
liga-2x2-online-s1-e02,Liga 2x2 Online S1-E02,2026-02-05,2026-02-05,2026-02,3,6,1FDH3YwLOJqqhoGYjXHh#2,Udo,,qw4XxzovtDnuqfsMelKQ#2,Vicente,,win
liga-2x2-online-s1-e02,Liga 2x2 Online S1-E02,2026-02-05,2026-02-05,2026-02,3,6,qw4XxzovtDnuqfsMelKQ#2,Vicente,,qw4XxzovtDnuqfsMelKQ#1,Chueiry,,lose
liga-2x2-online-s1-e02,Liga 2x2 Online S1-E02,2026-02-05,2026-02-05,2026-02,3,6,qw4XxzovtDnuqfsMelKQ#2,Vicente,,1FDH3YwLOJqqhoGYjXHh#1,Gustavo Dias,,lose
liga-2x2-online-s1-e02,Liga 2x2 Online S1-E02,2026-02-05,2026-02-05,2026-02,3,6,qw4XxzovtDnuqfsMelKQ#2,Vicente,,1FDH3YwLOJqqhoGYjXHh#2,Udo,,lose
liga-2x2-online-s1-e03,Liga 2x2 Online S1-E03,2026-02-19,2026-02-19,2026-02,1,1,80VymoaRewwNl83VpMMR#2,Arthur Sartori,,FIWIeD1Fl6s9v6TwJ89J#1,Jorel,,lose
liga-2x2-online-s1-e03,Liga 2x2 Online S1-E03,2026-02-19,2026-02-19,2026-02,1,1,80VymoaRewwNl83VpMMR#2,Arthur Sartori,,80VymoaRewwNl83VpMMR#1,Marcos Sartori,,lose
liga-2x2-online-s1-e03,Liga 2x2 Online S1-E03,2026-02-19,2026-02-19,2026-02,1,1,80VymoaRewwNl83VpMMR#2,Arthur Sartori,,FIWIeD1Fl6s9v6TwJ89J#2,Martin,,lose
liga-2x2-online-s1-e03,Liga 2x2 Online S1-E03,2026-02-19,2026-02-19,2026-02,1,1,FIWIeD1Fl6s9v6TwJ89J#1,Jorel,,80VymoaRewwNl83VpMMR#2,Arthur Sartori,,win
liga-2x2-online-s1-e03,Liga 2x2 Online S1-E03,2026-02-19,2026-02-19,2026-02,1,1,FIWIeD1Fl6s9v6TwJ89J#1,Jorel,,80VymoaRewwNl83VpMMR#1,Marcos Sartori,,win
liga-2x2-online-s1-e03,Liga 2x2 Online S1-E03,2026-02-19,2026-02-19,2026-02,1,1,FIWIeD1Fl6s9v6TwJ89J#1,Jorel,,FIWIeD1Fl6s9v6TwJ89J#2,Martin,,win
liga-2x2-online-s1-e03,Liga 2x2 Online S1-E03,2026-02-19,2026-02-19,2026-02,1,1,80VymoaRewwNl83VpMMR#1,Marcos Sartori,,80VymoaRewwNl83VpMMR#2,Arthur Sartori,,lose
liga-2x2-online-s1-e03,Liga 2x2 Online S1-E03,2026-02-19,2026-02-19,2026-02,1,1,80VymoaRewwNl83VpMMR#1,Marcos Sartori,,FIWIeD1Fl6s9v6TwJ89J#1,Jorel,,lose
liga-2x2-online-s1-e03,Liga 2x2 Online S1-E03,2026-02-19,2026-02-19,2026-02,1,1,80VymoaRewwNl83VpMMR#1,Marcos Sartori,,FIWIeD1Fl6s9v6TwJ89J#2,Martin,,lose
liga-2x2-online-s1-e03,Liga 2x2 Online S1-E03,2026-02-19,2026-02-19,2026-02,1,1,FIWIeD1Fl6s9v6TwJ89J#2,Martin,,80VymoaRewwNl83VpMMR#2,Arthur Sartori,,win
liga-2x2-online-s1-e03,Liga 2x2 Online S1-E03,2026-02-19,2026-02-19,2026-02,1,1,FIWIeD1Fl6s9v6TwJ89J#2,Martin,,FIWIeD1Fl6s9v6TwJ89J#1,Jorel,,win
liga-2x2-online-s1-e03,Liga 2x2 Online S1-E03,2026-02-19,2026-02-19,2026-02,1,1,FIWIeD1Fl6s9v6TwJ89J#2,Martin,,80VymoaRewwNl83VpMMR#1,Marcos Sartori,,win
liga-2x2-online-s1-e03,Liga 2x2 Online S1-E03,2026-02-19,2026-02-19,2026-02,1,2,u2QTDQGZ71XWsb8sfpfa#1,Boone,,Y0QFPQR8yt8RFZGIBNrO#1,Carlos,,lose
liga-2x2-online-s1-e03,Liga 2x2 Online S1-E03,2026-02-19,2026-02-19,2026-02,1,2,u2QTDQGZ71XWsb8sfpfa#1,Boone,,Y0QFPQR8yt8RFZGIBNrO#2,Errejota,,lose
liga-2x2-online-s1-e03,Liga 2x2 Online S1-E03,2026-02-19,2026-02-19,2026-02,1,2,u2QTDQGZ71XWsb8sfpfa#1,Boone,,u2QTDQGZ71XWsb8sfpfa#2,Reva,,lose
liga-2x2-online-s1-e03,Liga 2x2 Online S1-E03,2026-02-19,2026-02-19,2026-02,1,2,Y0QFPQR8yt8RFZGIBNrO#1,Carlos,,u2QTDQGZ71XWsb8sfpfa#1,Boone,,win
liga-2x2-online-s1-e03,Liga 2x2 Online S1-E03,2026-02-19,2026-02-19,2026-02,1,2,Y0QFPQR8yt8RFZGIBNrO#1,Carlos,,Y0QFPQR8yt8RFZGIBNrO#2,Errejota,,win
liga-2x2-online-s1-e03,Liga 2x2 Online S1-E03,2026-02-19,2026-02-19,2026-02,1,2,Y0QFPQR8yt8RFZGIBNrO#1,Carlos,,u2QTDQGZ71XWsb8sfpfa#2,Reva,,win
liga-2x2-online-s1-e03,Liga 2x2 Online S1-E03,2026-02-19,2026-02-19,2026-02,1,2,Y0QFPQR8yt8RFZGIBNrO#2,Errejota,,u2QTDQGZ71XWsb8sfpfa#1,Boone,,win
liga-2x2-online-s1-e03,Liga 2x2 Online S1-E03,2026-02-19,2026-02-19,2026-02,1,2,Y0QFPQR8yt8RFZGIBNrO#2,Errejota,,Y0QFPQR8yt8RFZGIBNrO#1,Carlos,,win
liga-2x2-online-s1-e03,Liga 2x2 Online S1-E03,2026-02-19,2026-02-19,2026-02,1,2,Y0QFPQR8yt8RFZGIBNrO#2,Errejota,,u2QTDQGZ71XWsb8sfpfa#2,Reva,,win
liga-2x2-online-s1-e03,Liga 2x2 Online S1-E03,2026-02-19,2026-02-19,2026-02,1,2,u2QTDQGZ71XWsb8sfpfa#2,Reva,,u2QTDQGZ71XWsb8sfpfa#1,Boone,,lose
liga-2x2-online-s1-e03,Liga 2x2 Online S1-E03,2026-02-19,2026-02-19,2026-02,1,2,u2QTDQGZ71XWsb8sfpfa#2,Reva,,Y0QFPQR8yt8RFZGIBNrO#1,Carlos,,lose
liga-2x2-online-s1-e03,Liga 2x2 Online S1-E03,2026-02-19,2026-02-19,2026-02,1,2,u2QTDQGZ71XWsb8sfpfa#2,Reva,,Y0QFPQR8yt8RFZGIBNrO#2,Errejota,,lose
liga-2x2-online-s1-e03,Liga 2x2 Online S1-E03,2026-02-19,2026-02-19,2026-02,1,3,FbBDvJXnOZd0uj0Scg6D#2,João Marmentini,,BKpc4Ksc7zf2dz0fYg53#2,Juliano,,win
liga-2x2-online-s1-e03,Liga 2x2 Online S1-E03,2026-02-19,2026-02-19,2026-02,1,3,FbBDvJXnOZd0uj0Scg6D#2,João Marmentini,,BKpc4Ksc7zf2dz0fYg53#1,Mateus,,win
liga-2x2-online-s1-e03,Liga 2x2 Online S1-E03,2026-02-19,2026-02-19,2026-02,1,3,FbBDvJXnOZd0uj0Scg6D#2,João Marmentini,,FbBDvJXnOZd0uj0Scg6D#1,Vande,,win
liga-2x2-online-s1-e03,Liga 2x2 Online S1-E03,2026-02-19,2026-02-19,2026-02,1,3,BKpc4Ksc7zf2dz0fYg53#2,Juliano,,FbBDvJXnOZd0uj0Scg6D#2,João Marmentini,,lose
liga-2x2-online-s1-e03,Liga 2x2 Online S1-E03,2026-02-19,2026-02-19,2026-02,1,3,BKpc4Ksc7zf2dz0fYg53#2,Juliano,,BKpc4Ksc7zf2dz0fYg53#1,Mateus,,lose
liga-2x2-online-s1-e03,Liga 2x2 Online S1-E03,2026-02-19,2026-02-19,2026-02,1,3,BKpc4Ksc7zf2dz0fYg53#2,Juliano,,FbBDvJXnOZd0uj0Scg6D#1,Vande,,lose
liga-2x2-online-s1-e03,Liga 2x2 Online S1-E03,2026-02-19,2026-02-19,2026-02,1,3,BKpc4Ksc7zf2dz0fYg53#1,Mateus,,FbBDvJXnOZd0uj0Scg6D#2,João Marmentini,,lose
liga-2x2-online-s1-e03,Liga 2x2 Online S1-E03,2026-02-19,2026-02-19,2026-02,1,3,BKpc4Ksc7zf2dz0fYg53#1,Mateus,,BKpc4Ksc7zf2dz0fYg53#2,Juliano,,lose
liga-2x2-online-s1-e03,Liga 2x2 Online S1-E03,2026-02-19,2026-02-19,2026-02,1,3,BKpc4Ksc7zf2dz0fYg53#1,Mateus,,FbBDvJXnOZd0uj0Scg6D#1,Vande,,lose
liga-2x2-online-s1-e03,Liga 2x2 Online S1-E03,2026-02-19,2026-02-19,2026-02,1,3,FbBDvJXnOZd0uj0Scg6D#1,Vande,,FbBDvJXnOZd0uj0Scg6D#2,João Marmentini,,win
liga-2x2-online-s1-e03,Liga 2x2 Online S1-E03,2026-02-19,2026-02-19,2026-02,1,3,FbBDvJXnOZd0uj0Scg6D#1,Vande,,BKpc4Ksc7zf2dz0fYg53#2,Juliano,,win
liga-2x2-online-s1-e03,Liga 2x2 Online S1-E03,2026-02-19,2026-02-19,2026-02,1,3,FbBDvJXnOZd0uj0Scg6D#1,Vande,,BKpc4Ksc7zf2dz0fYg53#1,Mateus,,win
liga-2x2-online-s1-e03,Liga 2x2 Online S1-E03,2026-02-19,2026-02-19,2026-02,1,4,uZB9erm2UyCSupfYRLmj#2,Bauer,,rpX9JwLJcdS7FSZIxLqm#2,Borini,,win
liga-2x2-online-s1-e03,Liga 2x2 Online S1-E03,2026-02-19,2026-02-19,2026-02,1,4,uZB9erm2UyCSupfYRLmj#2,Bauer,,uZB9erm2UyCSupfYRLmj#1,Langa,,win
liga-2x2-online-s1-e03,Liga 2x2 Online S1-E03,2026-02-19,2026-02-19,2026-02,1,4,uZB9erm2UyCSupfYRLmj#2,Bauer,,rpX9JwLJcdS7FSZIxLqm#1,Vicente,,win
liga-2x2-online-s1-e03,Liga 2x2 Online S1-E03,2026-02-19,2026-02-19,2026-02,1,4,rpX9JwLJcdS7FSZIxLqm#2,Borini,,uZB9erm2UyCSupfYRLmj#2,Bauer,,lose
liga-2x2-online-s1-e03,Liga 2x2 Online S1-E03,2026-02-19,2026-02-19,2026-02,1,4,rpX9JwLJcdS7FSZIxLqm#2,Borini,,uZB9erm2UyCSupfYRLmj#1,Langa,,lose
liga-2x2-online-s1-e03,Liga 2x2 Online S1-E03,2026-02-19,2026-02-19,2026-02,1,4,rpX9JwLJcdS7FSZIxLqm#2,Borini,,rpX9JwLJcdS7FSZIxLqm#1,Vicente,,lose
liga-2x2-online-s1-e03,Liga 2x2 Online S1-E03,2026-02-19,2026-02-19,2026-02,1,4,uZB9erm2UyCSupfYRLmj#1,Langa,,uZB9erm2UyCSupfYRLmj#2,Bauer,,win
liga-2x2-online-s1-e03,Liga 2x2 Online S1-E03,2026-02-19,2026-02-19,2026-02,1,4,uZB9erm2UyCSupfYRLmj#1,Langa,,rpX9JwLJcdS7FSZIxLqm#2,Borini,,win
liga-2x2-online-s1-e03,Liga 2x2 Online S1-E03,2026-02-19,2026-02-19,2026-02,1,4,uZB9erm2UyCSupfYRLmj#1,Langa,,rpX9JwLJcdS7FSZIxLqm#1,Vicente,,win
liga-2x2-online-s1-e03,Liga 2x2 Online S1-E03,2026-02-19,2026-02-19,2026-02,1,4,rpX9JwLJcdS7FSZIxLqm#1,Vicente,,uZB9erm2UyCSupfYRLmj#2,Bauer,,lose
liga-2x2-online-s1-e03,Liga 2x2 Online S1-E03,2026-02-19,2026-02-19,2026-02,1,4,rpX9JwLJcdS7FSZIxLqm#1,Vicente,,rpX9JwLJcdS7FSZIxLqm#2,Borini,,lose
liga-2x2-online-s1-e03,Liga 2x2 Online S1-E03,2026-02-19,2026-02-19,2026-02,1,4,rpX9JwLJcdS7FSZIxLqm#1,Vicente,,uZB9erm2UyCSupfYRLmj#1,Langa,,lose
liga-2x2-online-s1-e03,Liga 2x2 Online S1-E03,2026-02-19,2026-02-19,2026-02,2,1,Y0QFPQR8yt8RFZGIBNrO#1,Carlos,,Y0QFPQR8yt8RFZGIBNrO#2,Errejota,,win
liga-2x2-online-s1-e03,Liga 2x2 Online S1-E03,2026-02-19,2026-02-19,2026-02,2,1,Y0QFPQR8yt8RFZGIBNrO#1,Carlos,,FbBDvJXnOZd0uj0Scg6D#2,João Marmentini,,win
liga-2x2-online-s1-e03,Liga 2x2 Online S1-E03,2026-02-19,2026-02-19,2026-02,2,1,Y0QFPQR8yt8RFZGIBNrO#1,Carlos,,FbBDvJXnOZd0uj0Scg6D#1,Vande,,win
liga-2x2-online-s1-e03,Liga 2x2 Online S1-E03,2026-02-19,2026-02-19,2026-02,2,1,Y0QFPQR8yt8RFZGIBNrO#2,Errejota,,Y0QFPQR8yt8RFZGIBNrO#1,Carlos,,win
liga-2x2-online-s1-e03,Liga 2x2 Online S1-E03,2026-02-19,2026-02-19,2026-02,2,1,Y0QFPQR8yt8RFZGIBNrO#2,Errejota,,FbBDvJXnOZd0uj0Scg6D#2,João Marmentini,,win
liga-2x2-online-s1-e03,Liga 2x2 Online S1-E03,2026-02-19,2026-02-19,2026-02,2,1,Y0QFPQR8yt8RFZGIBNrO#2,Errejota,,FbBDvJXnOZd0uj0Scg6D#1,Vande,,win
liga-2x2-online-s1-e03,Liga 2x2 Online S1-E03,2026-02-19,2026-02-19,2026-02,2,1,FbBDvJXnOZd0uj0Scg6D#2,João Marmentini,,Y0QFPQR8yt8RFZGIBNrO#1,Carlos,,lose
liga-2x2-online-s1-e03,Liga 2x2 Online S1-E03,2026-02-19,2026-02-19,2026-02,2,1,FbBDvJXnOZd0uj0Scg6D#2,João Marmentini,,Y0QFPQR8yt8RFZGIBNrO#2,Errejota,,lose
liga-2x2-online-s1-e03,Liga 2x2 Online S1-E03,2026-02-19,2026-02-19,2026-02,2,1,FbBDvJXnOZd0uj0Scg6D#2,João Marmentini,,FbBDvJXnOZd0uj0Scg6D#1,Vande,,lose
liga-2x2-online-s1-e03,Liga 2x2 Online S1-E03,2026-02-19,2026-02-19,2026-02,2,1,FbBDvJXnOZd0uj0Scg6D#1,Vande,,Y0QFPQR8yt8RFZGIBNrO#1,Carlos,,lose
liga-2x2-online-s1-e03,Liga 2x2 Online S1-E03,2026-02-19,2026-02-19,2026-02,2,1,FbBDvJXnOZd0uj0Scg6D#1,Vande,,Y0QFPQR8yt8RFZGIBNrO#2,Errejota,,lose
liga-2x2-online-s1-e03,Liga 2x2 Online S1-E03,2026-02-19,2026-02-19,2026-02,2,1,FbBDvJXnOZd0uj0Scg6D#1,Vande,,FbBDvJXnOZd0uj0Scg6D#2,João Marmentini,,lose
liga-2x2-online-s1-e03,Liga 2x2 Online S1-E03,2026-02-19,2026-02-19,2026-02,2,2,uZB9erm2UyCSupfYRLmj#2,Bauer,,FIWIeD1Fl6s9v6TwJ89J#1,Jorel,,draw
liga-2x2-online-s1-e03,Liga 2x2 Online S1-E03,2026-02-19,2026-02-19,2026-02,2,2,uZB9erm2UyCSupfYRLmj#2,Bauer,,uZB9erm2UyCSupfYRLmj#1,Langa,,draw
liga-2x2-online-s1-e03,Liga 2x2 Online S1-E03,2026-02-19,2026-02-19,2026-02,2,2,uZB9erm2UyCSupfYRLmj#2,Bauer,,FIWIeD1Fl6s9v6TwJ89J#2,Martin,,draw
liga-2x2-online-s1-e03,Liga 2x2 Online S1-E03,2026-02-19,2026-02-19,2026-02,2,2,FIWIeD1Fl6s9v6TwJ89J#1,Jorel,,uZB9erm2UyCSupfYRLmj#2,Bauer,,draw
liga-2x2-online-s1-e03,Liga 2x2 Online S1-E03,2026-02-19,2026-02-19,2026-02,2,2,FIWIeD1Fl6s9v6TwJ89J#1,Jorel,,uZB9erm2UyCSupfYRLmj#1,Langa,,draw
liga-2x2-online-s1-e03,Liga 2x2 Online S1-E03,2026-02-19,2026-02-19,2026-02,2,2,FIWIeD1Fl6s9v6TwJ89J#1,Jorel,,FIWIeD1Fl6s9v6TwJ89J#2,Martin,,draw
liga-2x2-online-s1-e03,Liga 2x2 Online S1-E03,2026-02-19,2026-02-19,2026-02,2,2,uZB9erm2UyCSupfYRLmj#1,Langa,,uZB9erm2UyCSupfYRLmj#2,Bauer,,draw
liga-2x2-online-s1-e03,Liga 2x2 Online S1-E03,2026-02-19,2026-02-19,2026-02,2,2,uZB9erm2UyCSupfYRLmj#1,Langa,,FIWIeD1Fl6s9v6TwJ89J#1,Jorel,,draw
liga-2x2-online-s1-e03,Liga 2x2 Online S1-E03,2026-02-19,2026-02-19,2026-02,2,2,uZB9erm2UyCSupfYRLmj#1,Langa,,FIWIeD1Fl6s9v6TwJ89J#2,Martin,,draw
liga-2x2-online-s1-e03,Liga 2x2 Online S1-E03,2026-02-19,2026-02-19,2026-02,2,2,FIWIeD1Fl6s9v6TwJ89J#2,Martin,,uZB9erm2UyCSupfYRLmj#2,Bauer,,draw
liga-2x2-online-s1-e03,Liga 2x2 Online S1-E03,2026-02-19,2026-02-19,2026-02,2,2,FIWIeD1Fl6s9v6TwJ89J#2,Martin,,FIWIeD1Fl6s9v6TwJ89J#1,Jorel,,draw
liga-2x2-online-s1-e03,Liga 2x2 Online S1-E03,2026-02-19,2026-02-19,2026-02,2,2,FIWIeD1Fl6s9v6TwJ89J#2,Martin,,uZB9erm2UyCSupfYRLmj#1,Langa,,draw
liga-2x2-online-s1-e03,Liga 2x2 Online S1-E03,2026-02-19,2026-02-19,2026-02,2,3,80VymoaRewwNl83VpMMR#2,Arthur Sartori,,BKpc4Ksc7zf2dz0fYg53#2,Juliano,,draw
liga-2x2-online-s1-e03,Liga 2x2 Online S1-E03,2026-02-19,2026-02-19,2026-02,2,3,80VymoaRewwNl83VpMMR#2,Arthur Sartori,,80VymoaRewwNl83VpMMR#1,Marcos Sartori,,draw
liga-2x2-online-s1-e03,Liga 2x2 Online S1-E03,2026-02-19,2026-02-19,2026-02,2,3,80VymoaRewwNl83VpMMR#2,Arthur Sartori,,BKpc4Ksc7zf2dz0fYg53#1,Mateus,,draw
liga-2x2-online-s1-e03,Liga 2x2 Online S1-E03,2026-02-19,2026-02-19,2026-02,2,3,BKpc4Ksc7zf2dz0fYg53#2,Juliano,,80VymoaRewwNl83VpMMR#2,Arthur Sartori,,draw
liga-2x2-online-s1-e03,Liga 2x2 Online S1-E03,2026-02-19,2026-02-19,2026-02,2,3,BKpc4Ksc7zf2dz0fYg53#2,Juliano,,80VymoaRewwNl83VpMMR#1,Marcos Sartori,,draw
liga-2x2-online-s1-e03,Liga 2x2 Online S1-E03,2026-02-19,2026-02-19,2026-02,2,3,BKpc4Ksc7zf2dz0fYg53#2,Juliano,,BKpc4Ksc7zf2dz0fYg53#1,Mateus,,draw
liga-2x2-online-s1-e03,Liga 2x2 Online S1-E03,2026-02-19,2026-02-19,2026-02,2,3,80VymoaRewwNl83VpMMR#1,Marcos Sartori,,80VymoaRewwNl83VpMMR#2,Arthur Sartori,,draw
liga-2x2-online-s1-e03,Liga 2x2 Online S1-E03,2026-02-19,2026-02-19,2026-02,2,3,80VymoaRewwNl83VpMMR#1,Marcos Sartori,,BKpc4Ksc7zf2dz0fYg53#2,Juliano,,draw
liga-2x2-online-s1-e03,Liga 2x2 Online S1-E03,2026-02-19,2026-02-19,2026-02,2,3,80VymoaRewwNl83VpMMR#1,Marcos Sartori,,BKpc4Ksc7zf2dz0fYg53#1,Mateus,,draw
liga-2x2-online-s1-e03,Liga 2x2 Online S1-E03,2026-02-19,2026-02-19,2026-02,2,3,BKpc4Ksc7zf2dz0fYg53#1,Mateus,,80VymoaRewwNl83VpMMR#2,Arthur Sartori,,draw
liga-2x2-online-s1-e03,Liga 2x2 Online S1-E03,2026-02-19,2026-02-19,2026-02,2,3,BKpc4Ksc7zf2dz0fYg53#1,Mateus,,BKpc4Ksc7zf2dz0fYg53#2,Juliano,,draw
liga-2x2-online-s1-e03,Liga 2x2 Online S1-E03,2026-02-19,2026-02-19,2026-02,2,3,BKpc4Ksc7zf2dz0fYg53#1,Mateus,,80VymoaRewwNl83VpMMR#1,Marcos Sartori,,draw
liga-2x2-online-s1-e03,Liga 2x2 Online S1-E03,2026-02-19,2026-02-19,2026-02,2,4,u2QTDQGZ71XWsb8sfpfa#1,Boone,,rpX9JwLJcdS7FSZIxLqm#2,Borini,,lose
liga-2x2-online-s1-e03,Liga 2x2 Online S1-E03,2026-02-19,2026-02-19,2026-02,2,4,u2QTDQGZ71XWsb8sfpfa#1,Boone,,u2QTDQGZ71XWsb8sfpfa#2,Reva,,lose
liga-2x2-online-s1-e03,Liga 2x2 Online S1-E03,2026-02-19,2026-02-19,2026-02,2,4,u2QTDQGZ71XWsb8sfpfa#1,Boone,,rpX9JwLJcdS7FSZIxLqm#1,Vicente,,lose
liga-2x2-online-s1-e03,Liga 2x2 Online S1-E03,2026-02-19,2026-02-19,2026-02,2,4,rpX9JwLJcdS7FSZIxLqm#2,Borini,,u2QTDQGZ71XWsb8sfpfa#1,Boone,,win
liga-2x2-online-s1-e03,Liga 2x2 Online S1-E03,2026-02-19,2026-02-19,2026-02,2,4,rpX9JwLJcdS7FSZIxLqm#2,Borini,,u2QTDQGZ71XWsb8sfpfa#2,Reva,,win
liga-2x2-online-s1-e03,Liga 2x2 Online S1-E03,2026-02-19,2026-02-19,2026-02,2,4,rpX9JwLJcdS7FSZIxLqm#2,Borini,,rpX9JwLJcdS7FSZIxLqm#1,Vicente,,win
liga-2x2-online-s1-e03,Liga 2x2 Online S1-E03,2026-02-19,2026-02-19,2026-02,2,4,u2QTDQGZ71XWsb8sfpfa#2,Reva,,u2QTDQGZ71XWsb8sfpfa#1,Boone,,lose
liga-2x2-online-s1-e03,Liga 2x2 Online S1-E03,2026-02-19,2026-02-19,2026-02,2,4,u2QTDQGZ71XWsb8sfpfa#2,Reva,,rpX9JwLJcdS7FSZIxLqm#2,Borini,,lose
liga-2x2-online-s1-e03,Liga 2x2 Online S1-E03,2026-02-19,2026-02-19,2026-02,2,4,u2QTDQGZ71XWsb8sfpfa#2,Reva,,rpX9JwLJcdS7FSZIxLqm#1,Vicente,,lose
liga-2x2-online-s1-e03,Liga 2x2 Online S1-E03,2026-02-19,2026-02-19,2026-02,2,4,rpX9JwLJcdS7FSZIxLqm#1,Vicente,,u2QTDQGZ71XWsb8sfpfa#1,Boone,,win
liga-2x2-online-s1-e03,Liga 2x2 Online S1-E03,2026-02-19,2026-02-19,2026-02,2,4,rpX9JwLJcdS7FSZIxLqm#1,Vicente,,rpX9JwLJcdS7FSZIxLqm#2,Borini,,win
liga-2x2-online-s1-e03,Liga 2x2 Online S1-E03,2026-02-19,2026-02-19,2026-02,2,4,rpX9JwLJcdS7FSZIxLqm#1,Vicente,,u2QTDQGZ71XWsb8sfpfa#2,Reva,,win
liga-2x2-online-s1-e03,Liga 2x2 Online S1-E03,2026-02-19,2026-02-19,2026-02,3,1,uZB9erm2UyCSupfYRLmj#2,Bauer,,Y0QFPQR8yt8RFZGIBNrO#1,Carlos,,win
liga-2x2-online-s1-e03,Liga 2x2 Online S1-E03,2026-02-19,2026-02-19,2026-02,3,1,uZB9erm2UyCSupfYRLmj#2,Bauer,,Y0QFPQR8yt8RFZGIBNrO#2,Errejota,,win
liga-2x2-online-s1-e03,Liga 2x2 Online S1-E03,2026-02-19,2026-02-19,2026-02,3,1,uZB9erm2UyCSupfYRLmj#2,Bauer,,uZB9erm2UyCSupfYRLmj#1,Langa,,win
liga-2x2-online-s1-e03,Liga 2x2 Online S1-E03,2026-02-19,2026-02-19,2026-02,3,1,Y0QFPQR8yt8RFZGIBNrO#1,Carlos,,uZB9erm2UyCSupfYRLmj#2,Bauer,,lose
liga-2x2-online-s1-e03,Liga 2x2 Online S1-E03,2026-02-19,2026-02-19,2026-02,3,1,Y0QFPQR8yt8RFZGIBNrO#1,Carlos,,Y0QFPQR8yt8RFZGIBNrO#2,Errejota,,lose
liga-2x2-online-s1-e03,Liga 2x2 Online S1-E03,2026-02-19,2026-02-19,2026-02,3,1,Y0QFPQR8yt8RFZGIBNrO#1,Carlos,,uZB9erm2UyCSupfYRLmj#1,Langa,,lose
liga-2x2-online-s1-e03,Liga 2x2 Online S1-E03,2026-02-19,2026-02-19,2026-02,3,1,Y0QFPQR8yt8RFZGIBNrO#2,Errejota,,uZB9erm2UyCSupfYRLmj#2,Bauer,,lose
liga-2x2-online-s1-e03,Liga 2x2 Online S1-E03,2026-02-19,2026-02-19,2026-02,3,1,Y0QFPQR8yt8RFZGIBNrO#2,Errejota,,Y0QFPQR8yt8RFZGIBNrO#1,Carlos,,lose
liga-2x2-online-s1-e03,Liga 2x2 Online S1-E03,2026-02-19,2026-02-19,2026-02,3,1,Y0QFPQR8yt8RFZGIBNrO#2,Errejota,,uZB9erm2UyCSupfYRLmj#1,Langa,,lose
liga-2x2-online-s1-e03,Liga 2x2 Online S1-E03,2026-02-19,2026-02-19,2026-02,3,1,uZB9erm2UyCSupfYRLmj#1,Langa,,uZB9erm2UyCSupfYRLmj#2,Bauer,,win
liga-2x2-online-s1-e03,Liga 2x2 Online S1-E03,2026-02-19,2026-02-19,2026-02,3,1,uZB9erm2UyCSupfYRLmj#1,Langa,,Y0QFPQR8yt8RFZGIBNrO#1,Carlos,,win
liga-2x2-online-s1-e03,Liga 2x2 Online S1-E03,2026-02-19,2026-02-19,2026-02,3,1,uZB9erm2UyCSupfYRLmj#1,Langa,,Y0QFPQR8yt8RFZGIBNrO#2,Errejota,,win
liga-2x2-online-s1-e03,Liga 2x2 Online S1-E03,2026-02-19,2026-02-19,2026-02,3,2,rpX9JwLJcdS7FSZIxLqm#2,Borini,,FIWIeD1Fl6s9v6TwJ89J#1,Jorel,,lose
liga-2x2-online-s1-e03,Liga 2x2 Online S1-E03,2026-02-19,2026-02-19,2026-02,3,2,rpX9JwLJcdS7FSZIxLqm#2,Borini,,FIWIeD1Fl6s9v6TwJ89J#2,Martin,,lose
liga-2x2-online-s1-e03,Liga 2x2 Online S1-E03,2026-02-19,2026-02-19,2026-02,3,2,rpX9JwLJcdS7FSZIxLqm#2,Borini,,rpX9JwLJcdS7FSZIxLqm#1,Vicente,,lose
liga-2x2-online-s1-e03,Liga 2x2 Online S1-E03,2026-02-19,2026-02-19,2026-02,3,2,FIWIeD1Fl6s9v6TwJ89J#1,Jorel,,rpX9JwLJcdS7FSZIxLqm#2,Borini,,win
liga-2x2-online-s1-e03,Liga 2x2 Online S1-E03,2026-02-19,2026-02-19,2026-02,3,2,FIWIeD1Fl6s9v6TwJ89J#1,Jorel,,FIWIeD1Fl6s9v6TwJ89J#2,Martin,,win
liga-2x2-online-s1-e03,Liga 2x2 Online S1-E03,2026-02-19,2026-02-19,2026-02,3,2,FIWIeD1Fl6s9v6TwJ89J#1,Jorel,,rpX9JwLJcdS7FSZIxLqm#1,Vicente,,win
liga-2x2-online-s1-e03,Liga 2x2 Online S1-E03,2026-02-19,2026-02-19,2026-02,3,2,FIWIeD1Fl6s9v6TwJ89J#2,Martin,,rpX9JwLJcdS7FSZIxLqm#2,Borini,,win
liga-2x2-online-s1-e03,Liga 2x2 Online S1-E03,2026-02-19,2026-02-19,2026-02,3,2,FIWIeD1Fl6s9v6TwJ89J#2,Martin,,FIWIeD1Fl6s9v6TwJ89J#1,Jorel,,win
liga-2x2-online-s1-e03,Liga 2x2 Online S1-E03,2026-02-19,2026-02-19,2026-02,3,2,FIWIeD1Fl6s9v6TwJ89J#2,Martin,,rpX9JwLJcdS7FSZIxLqm#1,Vicente,,win
liga-2x2-online-s1-e03,Liga 2x2 Online S1-E03,2026-02-19,2026-02-19,2026-02,3,2,rpX9JwLJcdS7FSZIxLqm#1,Vicente,,rpX9JwLJcdS7FSZIxLqm#2,Borini,,lose
liga-2x2-online-s1-e03,Liga 2x2 Online S1-E03,2026-02-19,2026-02-19,2026-02,3,2,rpX9JwLJcdS7FSZIxLqm#1,Vicente,,FIWIeD1Fl6s9v6TwJ89J#1,Jorel,,lose
liga-2x2-online-s1-e03,Liga 2x2 Online S1-E03,2026-02-19,2026-02-19,2026-02,3,2,rpX9JwLJcdS7FSZIxLqm#1,Vicente,,FIWIeD1Fl6s9v6TwJ89J#2,Martin,,lose
liga-2x2-online-s1-e03,Liga 2x2 Online S1-E03,2026-02-19,2026-02-19,2026-02,3,3,80VymoaRewwNl83VpMMR#2,Arthur Sartori,,FbBDvJXnOZd0uj0Scg6D#2,João Marmentini,,win
liga-2x2-online-s1-e03,Liga 2x2 Online S1-E03,2026-02-19,2026-02-19,2026-02,3,3,80VymoaRewwNl83VpMMR#2,Arthur Sartori,,80VymoaRewwNl83VpMMR#1,Marcos Sartori,,win
liga-2x2-online-s1-e03,Liga 2x2 Online S1-E03,2026-02-19,2026-02-19,2026-02,3,3,80VymoaRewwNl83VpMMR#2,Arthur Sartori,,FbBDvJXnOZd0uj0Scg6D#1,Vande,,win
liga-2x2-online-s1-e03,Liga 2x2 Online S1-E03,2026-02-19,2026-02-19,2026-02,3,3,FbBDvJXnOZd0uj0Scg6D#2,João Marmentini,,80VymoaRewwNl83VpMMR#2,Arthur Sartori,,lose
liga-2x2-online-s1-e03,Liga 2x2 Online S1-E03,2026-02-19,2026-02-19,2026-02,3,3,FbBDvJXnOZd0uj0Scg6D#2,João Marmentini,,80VymoaRewwNl83VpMMR#1,Marcos Sartori,,lose
liga-2x2-online-s1-e03,Liga 2x2 Online S1-E03,2026-02-19,2026-02-19,2026-02,3,3,FbBDvJXnOZd0uj0Scg6D#2,João Marmentini,,FbBDvJXnOZd0uj0Scg6D#1,Vande,,lose
liga-2x2-online-s1-e03,Liga 2x2 Online S1-E03,2026-02-19,2026-02-19,2026-02,3,3,80VymoaRewwNl83VpMMR#1,Marcos Sartori,,80VymoaRewwNl83VpMMR#2,Arthur Sartori,,win
liga-2x2-online-s1-e03,Liga 2x2 Online S1-E03,2026-02-19,2026-02-19,2026-02,3,3,80VymoaRewwNl83VpMMR#1,Marcos Sartori,,FbBDvJXnOZd0uj0Scg6D#2,João Marmentini,,win
liga-2x2-online-s1-e03,Liga 2x2 Online S1-E03,2026-02-19,2026-02-19,2026-02,3,3,80VymoaRewwNl83VpMMR#1,Marcos Sartori,,FbBDvJXnOZd0uj0Scg6D#1,Vande,,win
liga-2x2-online-s1-e03,Liga 2x2 Online S1-E03,2026-02-19,2026-02-19,2026-02,3,3,FbBDvJXnOZd0uj0Scg6D#1,Vande,,80VymoaRewwNl83VpMMR#2,Arthur Sartori,,lose
liga-2x2-online-s1-e03,Liga 2x2 Online S1-E03,2026-02-19,2026-02-19,2026-02,3,3,FbBDvJXnOZd0uj0Scg6D#1,Vande,,FbBDvJXnOZd0uj0Scg6D#2,João Marmentini,,lose
liga-2x2-online-s1-e03,Liga 2x2 Online S1-E03,2026-02-19,2026-02-19,2026-02,3,3,FbBDvJXnOZd0uj0Scg6D#1,Vande,,80VymoaRewwNl83VpMMR#1,Marcos Sartori,,lose
liga-2x2-online-s1-e03,Liga 2x2 Online S1-E03,2026-02-19,2026-02-19,2026-02,3,4,u2QTDQGZ71XWsb8sfpfa#1,Boone,,BKpc4Ksc7zf2dz0fYg53#2,Juliano,,draw
liga-2x2-online-s1-e03,Liga 2x2 Online S1-E03,2026-02-19,2026-02-19,2026-02,3,4,u2QTDQGZ71XWsb8sfpfa#1,Boone,,BKpc4Ksc7zf2dz0fYg53#1,Mateus,,draw
liga-2x2-online-s1-e03,Liga 2x2 Online S1-E03,2026-02-19,2026-02-19,2026-02,3,4,u2QTDQGZ71XWsb8sfpfa#1,Boone,,u2QTDQGZ71XWsb8sfpfa#2,Reva,,draw
liga-2x2-online-s1-e03,Liga 2x2 Online S1-E03,2026-02-19,2026-02-19,2026-02,3,4,BKpc4Ksc7zf2dz0fYg53#2,Juliano,,u2QTDQGZ71XWsb8sfpfa#1,Boone,,draw
liga-2x2-online-s1-e03,Liga 2x2 Online S1-E03,2026-02-19,2026-02-19,2026-02,3,4,BKpc4Ksc7zf2dz0fYg53#2,Juliano,,BKpc4Ksc7zf2dz0fYg53#1,Mateus,,draw
liga-2x2-online-s1-e03,Liga 2x2 Online S1-E03,2026-02-19,2026-02-19,2026-02,3,4,BKpc4Ksc7zf2dz0fYg53#2,Juliano,,u2QTDQGZ71XWsb8sfpfa#2,Reva,,draw
liga-2x2-online-s1-e03,Liga 2x2 Online S1-E03,2026-02-19,2026-02-19,2026-02,3,4,BKpc4Ksc7zf2dz0fYg53#1,Mateus,,u2QTDQGZ71XWsb8sfpfa#1,Boone,,draw
liga-2x2-online-s1-e03,Liga 2x2 Online S1-E03,2026-02-19,2026-02-19,2026-02,3,4,BKpc4Ksc7zf2dz0fYg53#1,Mateus,,BKpc4Ksc7zf2dz0fYg53#2,Juliano,,draw
liga-2x2-online-s1-e03,Liga 2x2 Online S1-E03,2026-02-19,2026-02-19,2026-02,3,4,BKpc4Ksc7zf2dz0fYg53#1,Mateus,,u2QTDQGZ71XWsb8sfpfa#2,Reva,,draw
liga-2x2-online-s1-e03,Liga 2x2 Online S1-E03,2026-02-19,2026-02-19,2026-02,3,4,u2QTDQGZ71XWsb8sfpfa#2,Reva,,u2QTDQGZ71XWsb8sfpfa#1,Boone,,draw
liga-2x2-online-s1-e03,Liga 2x2 Online S1-E03,2026-02-19,2026-02-19,2026-02,3,4,u2QTDQGZ71XWsb8sfpfa#2,Reva,,BKpc4Ksc7zf2dz0fYg53#2,Juliano,,draw
liga-2x2-online-s1-e03,Liga 2x2 Online S1-E03,2026-02-19,2026-02-19,2026-02,3,4,u2QTDQGZ71XWsb8sfpfa#2,Reva,,BKpc4Ksc7zf2dz0fYg53#1,Mateus,,draw
liga-2x2-online-s1-e04,Liga 2x2 Online S1-E04,2026-03-05,2026-03-05,2026-03,1,1,xYYodATAXSDGXAZtvehM#1,Chueiry,,YjQpUGj3Jbs4ReKqy9Qb#2,Juliano,,lose
liga-2x2-online-s1-e04,Liga 2x2 Online S1-E04,2026-03-05,2026-03-05,2026-03,1,1,xYYodATAXSDGXAZtvehM#1,Chueiry,,YjQpUGj3Jbs4ReKqy9Qb#1,Mateus,,lose
liga-2x2-online-s1-e04,Liga 2x2 Online S1-E04,2026-03-05,2026-03-05,2026-03,1,1,xYYodATAXSDGXAZtvehM#1,Chueiry,,xYYodATAXSDGXAZtvehM#2,Vicente,,lose
liga-2x2-online-s1-e04,Liga 2x2 Online S1-E04,2026-03-05,2026-03-05,2026-03,1,1,YjQpUGj3Jbs4ReKqy9Qb#2,Juliano,,xYYodATAXSDGXAZtvehM#1,Chueiry,,win
liga-2x2-online-s1-e04,Liga 2x2 Online S1-E04,2026-03-05,2026-03-05,2026-03,1,1,YjQpUGj3Jbs4ReKqy9Qb#2,Juliano,,YjQpUGj3Jbs4ReKqy9Qb#1,Mateus,,win
liga-2x2-online-s1-e04,Liga 2x2 Online S1-E04,2026-03-05,2026-03-05,2026-03,1,1,YjQpUGj3Jbs4ReKqy9Qb#2,Juliano,,xYYodATAXSDGXAZtvehM#2,Vicente,,win
liga-2x2-online-s1-e04,Liga 2x2 Online S1-E04,2026-03-05,2026-03-05,2026-03,1,1,YjQpUGj3Jbs4ReKqy9Qb#1,Mateus,,xYYodATAXSDGXAZtvehM#1,Chueiry,,win
liga-2x2-online-s1-e04,Liga 2x2 Online S1-E04,2026-03-05,2026-03-05,2026-03,1,1,YjQpUGj3Jbs4ReKqy9Qb#1,Mateus,,YjQpUGj3Jbs4ReKqy9Qb#2,Juliano,,win
liga-2x2-online-s1-e04,Liga 2x2 Online S1-E04,2026-03-05,2026-03-05,2026-03,1,1,YjQpUGj3Jbs4ReKqy9Qb#1,Mateus,,xYYodATAXSDGXAZtvehM#2,Vicente,,win
liga-2x2-online-s1-e04,Liga 2x2 Online S1-E04,2026-03-05,2026-03-05,2026-03,1,1,xYYodATAXSDGXAZtvehM#2,Vicente,,xYYodATAXSDGXAZtvehM#1,Chueiry,,lose
liga-2x2-online-s1-e04,Liga 2x2 Online S1-E04,2026-03-05,2026-03-05,2026-03,1,1,xYYodATAXSDGXAZtvehM#2,Vicente,,YjQpUGj3Jbs4ReKqy9Qb#2,Juliano,,lose
liga-2x2-online-s1-e04,Liga 2x2 Online S1-E04,2026-03-05,2026-03-05,2026-03,1,1,xYYodATAXSDGXAZtvehM#2,Vicente,,YjQpUGj3Jbs4ReKqy9Qb#1,Mateus,,lose
liga-2x2-online-s1-e04,Liga 2x2 Online S1-E04,2026-03-05,2026-03-05,2026-03,1,2,i9bNzs5ZxRbbzPW41D5C#1,Bauer,,hMoFNUlRETOHeH07r4gz#1,Boone,,draw
liga-2x2-online-s1-e04,Liga 2x2 Online S1-E04,2026-03-05,2026-03-05,2026-03,1,2,i9bNzs5ZxRbbzPW41D5C#1,Bauer,,i9bNzs5ZxRbbzPW41D5C#2,Langa,,draw
liga-2x2-online-s1-e04,Liga 2x2 Online S1-E04,2026-03-05,2026-03-05,2026-03,1,2,i9bNzs5ZxRbbzPW41D5C#1,Bauer,,hMoFNUlRETOHeH07r4gz#2,Reva,,draw
liga-2x2-online-s1-e04,Liga 2x2 Online S1-E04,2026-03-05,2026-03-05,2026-03,1,2,hMoFNUlRETOHeH07r4gz#1,Boone,,i9bNzs5ZxRbbzPW41D5C#1,Bauer,,draw
liga-2x2-online-s1-e04,Liga 2x2 Online S1-E04,2026-03-05,2026-03-05,2026-03,1,2,hMoFNUlRETOHeH07r4gz#1,Boone,,i9bNzs5ZxRbbzPW41D5C#2,Langa,,draw
liga-2x2-online-s1-e04,Liga 2x2 Online S1-E04,2026-03-05,2026-03-05,2026-03,1,2,hMoFNUlRETOHeH07r4gz#1,Boone,,hMoFNUlRETOHeH07r4gz#2,Reva,,draw
liga-2x2-online-s1-e04,Liga 2x2 Online S1-E04,2026-03-05,2026-03-05,2026-03,1,2,i9bNzs5ZxRbbzPW41D5C#2,Langa,,i9bNzs5ZxRbbzPW41D5C#1,Bauer,,draw
liga-2x2-online-s1-e04,Liga 2x2 Online S1-E04,2026-03-05,2026-03-05,2026-03,1,2,i9bNzs5ZxRbbzPW41D5C#2,Langa,,hMoFNUlRETOHeH07r4gz#1,Boone,,draw
liga-2x2-online-s1-e04,Liga 2x2 Online S1-E04,2026-03-05,2026-03-05,2026-03,1,2,i9bNzs5ZxRbbzPW41D5C#2,Langa,,hMoFNUlRETOHeH07r4gz#2,Reva,,draw
liga-2x2-online-s1-e04,Liga 2x2 Online S1-E04,2026-03-05,2026-03-05,2026-03,1,2,hMoFNUlRETOHeH07r4gz#2,Reva,,i9bNzs5ZxRbbzPW41D5C#1,Bauer,,draw
liga-2x2-online-s1-e04,Liga 2x2 Online S1-E04,2026-03-05,2026-03-05,2026-03,1,2,hMoFNUlRETOHeH07r4gz#2,Reva,,hMoFNUlRETOHeH07r4gz#1,Boone,,draw
liga-2x2-online-s1-e04,Liga 2x2 Online S1-E04,2026-03-05,2026-03-05,2026-03,1,2,hMoFNUlRETOHeH07r4gz#2,Reva,,i9bNzs5ZxRbbzPW41D5C#2,Langa,,draw
liga-2x2-online-s1-e04,Liga 2x2 Online S1-E04,2026-03-05,2026-03-05,2026-03,1,3,doHAPl9AbpN1FjVTmCQy#1,Glauber,,nkVpGrRRriNgmf242Pbq#1,Jorel,,draw
liga-2x2-online-s1-e04,Liga 2x2 Online S1-E04,2026-03-05,2026-03-05,2026-03,1,3,doHAPl9AbpN1FjVTmCQy#1,Glauber,,doHAPl9AbpN1FjVTmCQy#2,João Marmentini,,draw
liga-2x2-online-s1-e04,Liga 2x2 Online S1-E04,2026-03-05,2026-03-05,2026-03,1,3,doHAPl9AbpN1FjVTmCQy#1,Glauber,,nkVpGrRRriNgmf242Pbq#2,Martin,,draw
liga-2x2-online-s1-e04,Liga 2x2 Online S1-E04,2026-03-05,2026-03-05,2026-03,1,3,nkVpGrRRriNgmf242Pbq#1,Jorel,,doHAPl9AbpN1FjVTmCQy#1,Glauber,,draw
liga-2x2-online-s1-e04,Liga 2x2 Online S1-E04,2026-03-05,2026-03-05,2026-03,1,3,nkVpGrRRriNgmf242Pbq#1,Jorel,,doHAPl9AbpN1FjVTmCQy#2,João Marmentini,,draw
liga-2x2-online-s1-e04,Liga 2x2 Online S1-E04,2026-03-05,2026-03-05,2026-03,1,3,nkVpGrRRriNgmf242Pbq#1,Jorel,,nkVpGrRRriNgmf242Pbq#2,Martin,,draw
liga-2x2-online-s1-e04,Liga 2x2 Online S1-E04,2026-03-05,2026-03-05,2026-03,1,3,doHAPl9AbpN1FjVTmCQy#2,João Marmentini,,doHAPl9AbpN1FjVTmCQy#1,Glauber,,draw
liga-2x2-online-s1-e04,Liga 2x2 Online S1-E04,2026-03-05,2026-03-05,2026-03,1,3,doHAPl9AbpN1FjVTmCQy#2,João Marmentini,,nkVpGrRRriNgmf242Pbq#1,Jorel,,draw
liga-2x2-online-s1-e04,Liga 2x2 Online S1-E04,2026-03-05,2026-03-05,2026-03,1,3,doHAPl9AbpN1FjVTmCQy#2,João Marmentini,,nkVpGrRRriNgmf242Pbq#2,Martin,,draw
liga-2x2-online-s1-e04,Liga 2x2 Online S1-E04,2026-03-05,2026-03-05,2026-03,1,3,nkVpGrRRriNgmf242Pbq#2,Martin,,doHAPl9AbpN1FjVTmCQy#1,Glauber,,draw
liga-2x2-online-s1-e04,Liga 2x2 Online S1-E04,2026-03-05,2026-03-05,2026-03,1,3,nkVpGrRRriNgmf242Pbq#2,Martin,,nkVpGrRRriNgmf242Pbq#1,Jorel,,draw
liga-2x2-online-s1-e04,Liga 2x2 Online S1-E04,2026-03-05,2026-03-05,2026-03,1,3,nkVpGrRRriNgmf242Pbq#2,Martin,,doHAPl9AbpN1FjVTmCQy#2,João Marmentini,,draw
liga-2x2-online-s1-e04,Liga 2x2 Online S1-E04,2026-03-05,2026-03-05,2026-03,1,4,fet3Z2jfw1zCEpDJZr5x#1,Andressa,,aSGgNx3bVJRRL4ROaoIt#2,Arthur Sartori,,draw
liga-2x2-online-s1-e04,Liga 2x2 Online S1-E04,2026-03-05,2026-03-05,2026-03,1,4,fet3Z2jfw1zCEpDJZr5x#1,Andressa,,fet3Z2jfw1zCEpDJZr5x#2,Carlindo,,draw
liga-2x2-online-s1-e04,Liga 2x2 Online S1-E04,2026-03-05,2026-03-05,2026-03,1,4,fet3Z2jfw1zCEpDJZr5x#1,Andressa,,aSGgNx3bVJRRL4ROaoIt#1,Marcos Sartori,,draw
liga-2x2-online-s1-e04,Liga 2x2 Online S1-E04,2026-03-05,2026-03-05,2026-03,1,4,aSGgNx3bVJRRL4ROaoIt#2,Arthur Sartori,,fet3Z2jfw1zCEpDJZr5x#1,Andressa,,draw
liga-2x2-online-s1-e04,Liga 2x2 Online S1-E04,2026-03-05,2026-03-05,2026-03,1,4,aSGgNx3bVJRRL4ROaoIt#2,Arthur Sartori,,fet3Z2jfw1zCEpDJZr5x#2,Carlindo,,draw
liga-2x2-online-s1-e04,Liga 2x2 Online S1-E04,2026-03-05,2026-03-05,2026-03,1,4,aSGgNx3bVJRRL4ROaoIt#2,Arthur Sartori,,aSGgNx3bVJRRL4ROaoIt#1,Marcos Sartori,,draw
liga-2x2-online-s1-e04,Liga 2x2 Online S1-E04,2026-03-05,2026-03-05,2026-03,1,4,fet3Z2jfw1zCEpDJZr5x#2,Carlindo,,fet3Z2jfw1zCEpDJZr5x#1,Andressa,,draw
liga-2x2-online-s1-e04,Liga 2x2 Online S1-E04,2026-03-05,2026-03-05,2026-03,1,4,fet3Z2jfw1zCEpDJZr5x#2,Carlindo,,aSGgNx3bVJRRL4ROaoIt#2,Arthur Sartori,,draw
liga-2x2-online-s1-e04,Liga 2x2 Online S1-E04,2026-03-05,2026-03-05,2026-03,1,4,fet3Z2jfw1zCEpDJZr5x#2,Carlindo,,aSGgNx3bVJRRL4ROaoIt#1,Marcos Sartori,,draw
liga-2x2-online-s1-e04,Liga 2x2 Online S1-E04,2026-03-05,2026-03-05,2026-03,1,4,aSGgNx3bVJRRL4ROaoIt#1,Marcos Sartori,,fet3Z2jfw1zCEpDJZr5x#1,Andressa,,draw
liga-2x2-online-s1-e04,Liga 2x2 Online S1-E04,2026-03-05,2026-03-05,2026-03,1,4,aSGgNx3bVJRRL4ROaoIt#1,Marcos Sartori,,aSGgNx3bVJRRL4ROaoIt#2,Arthur Sartori,,draw
liga-2x2-online-s1-e04,Liga 2x2 Online S1-E04,2026-03-05,2026-03-05,2026-03,1,4,aSGgNx3bVJRRL4ROaoIt#1,Marcos Sartori,,fet3Z2jfw1zCEpDJZr5x#2,Carlindo,,draw
liga-2x2-online-s1-e04,Liga 2x2 Online S1-E04,2026-03-05,2026-03-05,2026-03,1,5,9zIQOOAW2EPcPk2VVryk#2,Carlos,,9zIQOOAW2EPcPk2VVryk#1,Rafael,,win
liga-2x2-online-s1-e04,Liga 2x2 Online S1-E04,2026-03-05,2026-03-05,2026-03,1,5,9zIQOOAW2EPcPk2VVryk#2,Carlos,,neN58DgiQ97KUiOHmYkl#1,Zangalli,,win
liga-2x2-online-s1-e04,Liga 2x2 Online S1-E04,2026-03-05,2026-03-05,2026-03,1,5,9zIQOOAW2EPcPk2VVryk#2,Carlos,,neN58DgiQ97KUiOHmYkl#2,Zangalli pai,,win
liga-2x2-online-s1-e04,Liga 2x2 Online S1-E04,2026-03-05,2026-03-05,2026-03,1,5,9zIQOOAW2EPcPk2VVryk#1,Rafael,,9zIQOOAW2EPcPk2VVryk#2,Carlos,,win
liga-2x2-online-s1-e04,Liga 2x2 Online S1-E04,2026-03-05,2026-03-05,2026-03,1,5,9zIQOOAW2EPcPk2VVryk#1,Rafael,,neN58DgiQ97KUiOHmYkl#1,Zangalli,,win
liga-2x2-online-s1-e04,Liga 2x2 Online S1-E04,2026-03-05,2026-03-05,2026-03,1,5,9zIQOOAW2EPcPk2VVryk#1,Rafael,,neN58DgiQ97KUiOHmYkl#2,Zangalli pai,,win
liga-2x2-online-s1-e04,Liga 2x2 Online S1-E04,2026-03-05,2026-03-05,2026-03,1,5,neN58DgiQ97KUiOHmYkl#1,Zangalli,,9zIQOOAW2EPcPk2VVryk#2,Carlos,,lose
liga-2x2-online-s1-e04,Liga 2x2 Online S1-E04,2026-03-05,2026-03-05,2026-03,1,5,neN58DgiQ97KUiOHmYkl#1,Zangalli,,9zIQOOAW2EPcPk2VVryk#1,Rafael,,lose
liga-2x2-online-s1-e04,Liga 2x2 Online S1-E04,2026-03-05,2026-03-05,2026-03,1,5,neN58DgiQ97KUiOHmYkl#1,Zangalli,,neN58DgiQ97KUiOHmYkl#2,Zangalli pai,,lose
liga-2x2-online-s1-e04,Liga 2x2 Online S1-E04,2026-03-05,2026-03-05,2026-03,1,5,neN58DgiQ97KUiOHmYkl#2,Zangalli pai,,9zIQOOAW2EPcPk2VVryk#2,Carlos,,lose
liga-2x2-online-s1-e04,Liga 2x2 Online S1-E04,2026-03-05,2026-03-05,2026-03,1,5,neN58DgiQ97KUiOHmYkl#2,Zangalli pai,,9zIQOOAW2EPcPk2VVryk#1,Rafael,,lose
liga-2x2-online-s1-e04,Liga 2x2 Online S1-E04,2026-03-05,2026-03-05,2026-03,1,5,neN58DgiQ97KUiOHmYkl#2,Zangalli pai,,neN58DgiQ97KUiOHmYkl#1,Zangalli,,lose
liga-2x2-online-s1-e04,Liga 2x2 Online S1-E04,2026-03-05,2026-03-05,2026-03,2,1,9zIQOOAW2EPcPk2VVryk#2,Carlos,,YjQpUGj3Jbs4ReKqy9Qb#2,Juliano,,lose
liga-2x2-online-s1-e04,Liga 2x2 Online S1-E04,2026-03-05,2026-03-05,2026-03,2,1,9zIQOOAW2EPcPk2VVryk#2,Carlos,,YjQpUGj3Jbs4ReKqy9Qb#1,Mateus,,lose
liga-2x2-online-s1-e04,Liga 2x2 Online S1-E04,2026-03-05,2026-03-05,2026-03,2,1,9zIQOOAW2EPcPk2VVryk#2,Carlos,,9zIQOOAW2EPcPk2VVryk#1,Rafael,,lose
liga-2x2-online-s1-e04,Liga 2x2 Online S1-E04,2026-03-05,2026-03-05,2026-03,2,1,YjQpUGj3Jbs4ReKqy9Qb#2,Juliano,,9zIQOOAW2EPcPk2VVryk#2,Carlos,,win
liga-2x2-online-s1-e04,Liga 2x2 Online S1-E04,2026-03-05,2026-03-05,2026-03,2,1,YjQpUGj3Jbs4ReKqy9Qb#2,Juliano,,YjQpUGj3Jbs4ReKqy9Qb#1,Mateus,,win
liga-2x2-online-s1-e04,Liga 2x2 Online S1-E04,2026-03-05,2026-03-05,2026-03,2,1,YjQpUGj3Jbs4ReKqy9Qb#2,Juliano,,9zIQOOAW2EPcPk2VVryk#1,Rafael,,win
liga-2x2-online-s1-e04,Liga 2x2 Online S1-E04,2026-03-05,2026-03-05,2026-03,2,1,YjQpUGj3Jbs4ReKqy9Qb#1,Mateus,,9zIQOOAW2EPcPk2VVryk#2,Carlos,,win
liga-2x2-online-s1-e04,Liga 2x2 Online S1-E04,2026-03-05,2026-03-05,2026-03,2,1,YjQpUGj3Jbs4ReKqy9Qb#1,Mateus,,YjQpUGj3Jbs4ReKqy9Qb#2,Juliano,,win
liga-2x2-online-s1-e04,Liga 2x2 Online S1-E04,2026-03-05,2026-03-05,2026-03,2,1,YjQpUGj3Jbs4ReKqy9Qb#1,Mateus,,9zIQOOAW2EPcPk2VVryk#1,Rafael,,win
liga-2x2-online-s1-e04,Liga 2x2 Online S1-E04,2026-03-05,2026-03-05,2026-03,2,1,9zIQOOAW2EPcPk2VVryk#1,Rafael,,9zIQOOAW2EPcPk2VVryk#2,Carlos,,lose
liga-2x2-online-s1-e04,Liga 2x2 Online S1-E04,2026-03-05,2026-03-05,2026-03,2,1,9zIQOOAW2EPcPk2VVryk#1,Rafael,,YjQpUGj3Jbs4ReKqy9Qb#2,Juliano,,lose
liga-2x2-online-s1-e04,Liga 2x2 Online S1-E04,2026-03-05,2026-03-05,2026-03,2,1,9zIQOOAW2EPcPk2VVryk#1,Rafael,,YjQpUGj3Jbs4ReKqy9Qb#1,Mateus,,lose
liga-2x2-online-s1-e04,Liga 2x2 Online S1-E04,2026-03-05,2026-03-05,2026-03,2,2,i9bNzs5ZxRbbzPW41D5C#1,Bauer,,doHAPl9AbpN1FjVTmCQy#1,Glauber,,win
liga-2x2-online-s1-e04,Liga 2x2 Online S1-E04,2026-03-05,2026-03-05,2026-03,2,2,i9bNzs5ZxRbbzPW41D5C#1,Bauer,,doHAPl9AbpN1FjVTmCQy#2,João Marmentini,,win
liga-2x2-online-s1-e04,Liga 2x2 Online S1-E04,2026-03-05,2026-03-05,2026-03,2,2,i9bNzs5ZxRbbzPW41D5C#1,Bauer,,i9bNzs5ZxRbbzPW41D5C#2,Langa,,win
liga-2x2-online-s1-e04,Liga 2x2 Online S1-E04,2026-03-05,2026-03-05,2026-03,2,2,doHAPl9AbpN1FjVTmCQy#1,Glauber,,i9bNzs5ZxRbbzPW41D5C#1,Bauer,,lose
liga-2x2-online-s1-e04,Liga 2x2 Online S1-E04,2026-03-05,2026-03-05,2026-03,2,2,doHAPl9AbpN1FjVTmCQy#1,Glauber,,doHAPl9AbpN1FjVTmCQy#2,João Marmentini,,lose
liga-2x2-online-s1-e04,Liga 2x2 Online S1-E04,2026-03-05,2026-03-05,2026-03,2,2,doHAPl9AbpN1FjVTmCQy#1,Glauber,,i9bNzs5ZxRbbzPW41D5C#2,Langa,,lose
liga-2x2-online-s1-e04,Liga 2x2 Online S1-E04,2026-03-05,2026-03-05,2026-03,2,2,doHAPl9AbpN1FjVTmCQy#2,João Marmentini,,i9bNzs5ZxRbbzPW41D5C#1,Bauer,,lose
liga-2x2-online-s1-e04,Liga 2x2 Online S1-E04,2026-03-05,2026-03-05,2026-03,2,2,doHAPl9AbpN1FjVTmCQy#2,João Marmentini,,doHAPl9AbpN1FjVTmCQy#1,Glauber,,lose
liga-2x2-online-s1-e04,Liga 2x2 Online S1-E04,2026-03-05,2026-03-05,2026-03,2,2,doHAPl9AbpN1FjVTmCQy#2,João Marmentini,,i9bNzs5ZxRbbzPW41D5C#2,Langa,,lose
liga-2x2-online-s1-e04,Liga 2x2 Online S1-E04,2026-03-05,2026-03-05,2026-03,2,2,i9bNzs5ZxRbbzPW41D5C#2,Langa,,i9bNzs5ZxRbbzPW41D5C#1,Bauer,,win
liga-2x2-online-s1-e04,Liga 2x2 Online S1-E04,2026-03-05,2026-03-05,2026-03,2,2,i9bNzs5ZxRbbzPW41D5C#2,Langa,,doHAPl9AbpN1FjVTmCQy#1,Glauber,,win
liga-2x2-online-s1-e04,Liga 2x2 Online S1-E04,2026-03-05,2026-03-05,2026-03,2,2,i9bNzs5ZxRbbzPW41D5C#2,Langa,,doHAPl9AbpN1FjVTmCQy#2,João Marmentini,,win
liga-2x2-online-s1-e04,Liga 2x2 Online S1-E04,2026-03-05,2026-03-05,2026-03,2,3,aSGgNx3bVJRRL4ROaoIt#2,Arthur Sartori,,hMoFNUlRETOHeH07r4gz#1,Boone,,win
liga-2x2-online-s1-e04,Liga 2x2 Online S1-E04,2026-03-05,2026-03-05,2026-03,2,3,aSGgNx3bVJRRL4ROaoIt#2,Arthur Sartori,,aSGgNx3bVJRRL4ROaoIt#1,Marcos Sartori,,win
liga-2x2-online-s1-e04,Liga 2x2 Online S1-E04,2026-03-05,2026-03-05,2026-03,2,3,aSGgNx3bVJRRL4ROaoIt#2,Arthur Sartori,,hMoFNUlRETOHeH07r4gz#2,Reva,,win
liga-2x2-online-s1-e04,Liga 2x2 Online S1-E04,2026-03-05,2026-03-05,2026-03,2,3,hMoFNUlRETOHeH07r4gz#1,Boone,,aSGgNx3bVJRRL4ROaoIt#2,Arthur Sartori,,lose
liga-2x2-online-s1-e04,Liga 2x2 Online S1-E04,2026-03-05,2026-03-05,2026-03,2,3,hMoFNUlRETOHeH07r4gz#1,Boone,,aSGgNx3bVJRRL4ROaoIt#1,Marcos Sartori,,lose
liga-2x2-online-s1-e04,Liga 2x2 Online S1-E04,2026-03-05,2026-03-05,2026-03,2,3,hMoFNUlRETOHeH07r4gz#1,Boone,,hMoFNUlRETOHeH07r4gz#2,Reva,,lose
liga-2x2-online-s1-e04,Liga 2x2 Online S1-E04,2026-03-05,2026-03-05,2026-03,2,3,aSGgNx3bVJRRL4ROaoIt#1,Marcos Sartori,,aSGgNx3bVJRRL4ROaoIt#2,Arthur Sartori,,win
liga-2x2-online-s1-e04,Liga 2x2 Online S1-E04,2026-03-05,2026-03-05,2026-03,2,3,aSGgNx3bVJRRL4ROaoIt#1,Marcos Sartori,,hMoFNUlRETOHeH07r4gz#1,Boone,,win
liga-2x2-online-s1-e04,Liga 2x2 Online S1-E04,2026-03-05,2026-03-05,2026-03,2,3,aSGgNx3bVJRRL4ROaoIt#1,Marcos Sartori,,hMoFNUlRETOHeH07r4gz#2,Reva,,win
liga-2x2-online-s1-e04,Liga 2x2 Online S1-E04,2026-03-05,2026-03-05,2026-03,2,3,hMoFNUlRETOHeH07r4gz#2,Reva,,aSGgNx3bVJRRL4ROaoIt#2,Arthur Sartori,,lose
liga-2x2-online-s1-e04,Liga 2x2 Online S1-E04,2026-03-05,2026-03-05,2026-03,2,3,hMoFNUlRETOHeH07r4gz#2,Reva,,hMoFNUlRETOHeH07r4gz#1,Boone,,lose
liga-2x2-online-s1-e04,Liga 2x2 Online S1-E04,2026-03-05,2026-03-05,2026-03,2,3,hMoFNUlRETOHeH07r4gz#2,Reva,,aSGgNx3bVJRRL4ROaoIt#1,Marcos Sartori,,lose
liga-2x2-online-s1-e04,Liga 2x2 Online S1-E04,2026-03-05,2026-03-05,2026-03,2,4,fet3Z2jfw1zCEpDJZr5x#1,Andressa,,fet3Z2jfw1zCEpDJZr5x#2,Carlindo,,draw
liga-2x2-online-s1-e04,Liga 2x2 Online S1-E04,2026-03-05,2026-03-05,2026-03,2,4,fet3Z2jfw1zCEpDJZr5x#1,Andressa,,nkVpGrRRriNgmf242Pbq#1,Jorel,,draw
liga-2x2-online-s1-e04,Liga 2x2 Online S1-E04,2026-03-05,2026-03-05,2026-03,2,4,fet3Z2jfw1zCEpDJZr5x#1,Andressa,,nkVpGrRRriNgmf242Pbq#2,Martin,,draw
liga-2x2-online-s1-e04,Liga 2x2 Online S1-E04,2026-03-05,2026-03-05,2026-03,2,4,fet3Z2jfw1zCEpDJZr5x#2,Carlindo,,fet3Z2jfw1zCEpDJZr5x#1,Andressa,,draw
liga-2x2-online-s1-e04,Liga 2x2 Online S1-E04,2026-03-05,2026-03-05,2026-03,2,4,fet3Z2jfw1zCEpDJZr5x#2,Carlindo,,nkVpGrRRriNgmf242Pbq#1,Jorel,,draw
liga-2x2-online-s1-e04,Liga 2x2 Online S1-E04,2026-03-05,2026-03-05,2026-03,2,4,fet3Z2jfw1zCEpDJZr5x#2,Carlindo,,nkVpGrRRriNgmf242Pbq#2,Martin,,draw
liga-2x2-online-s1-e04,Liga 2x2 Online S1-E04,2026-03-05,2026-03-05,2026-03,2,4,nkVpGrRRriNgmf242Pbq#1,Jorel,,fet3Z2jfw1zCEpDJZr5x#1,Andressa,,draw
liga-2x2-online-s1-e04,Liga 2x2 Online S1-E04,2026-03-05,2026-03-05,2026-03,2,4,nkVpGrRRriNgmf242Pbq#1,Jorel,,fet3Z2jfw1zCEpDJZr5x#2,Carlindo,,draw
liga-2x2-online-s1-e04,Liga 2x2 Online S1-E04,2026-03-05,2026-03-05,2026-03,2,4,nkVpGrRRriNgmf242Pbq#1,Jorel,,nkVpGrRRriNgmf242Pbq#2,Martin,,draw
liga-2x2-online-s1-e04,Liga 2x2 Online S1-E04,2026-03-05,2026-03-05,2026-03,2,4,nkVpGrRRriNgmf242Pbq#2,Martin,,fet3Z2jfw1zCEpDJZr5x#1,Andressa,,draw
liga-2x2-online-s1-e04,Liga 2x2 Online S1-E04,2026-03-05,2026-03-05,2026-03,2,4,nkVpGrRRriNgmf242Pbq#2,Martin,,fet3Z2jfw1zCEpDJZr5x#2,Carlindo,,draw
liga-2x2-online-s1-e04,Liga 2x2 Online S1-E04,2026-03-05,2026-03-05,2026-03,2,4,nkVpGrRRriNgmf242Pbq#2,Martin,,nkVpGrRRriNgmf242Pbq#1,Jorel,,draw
liga-2x2-online-s1-e04,Liga 2x2 Online S1-E04,2026-03-05,2026-03-05,2026-03,2,5,xYYodATAXSDGXAZtvehM#1,Chueiry,,xYYodATAXSDGXAZtvehM#2,Vicente,,draw
liga-2x2-online-s1-e04,Liga 2x2 Online S1-E04,2026-03-05,2026-03-05,2026-03,2,5,xYYodATAXSDGXAZtvehM#1,Chueiry,,neN58DgiQ97KUiOHmYkl#1,Zangalli,,draw
liga-2x2-online-s1-e04,Liga 2x2 Online S1-E04,2026-03-05,2026-03-05,2026-03,2,5,xYYodATAXSDGXAZtvehM#1,Chueiry,,neN58DgiQ97KUiOHmYkl#2,Zangalli pai,,draw
liga-2x2-online-s1-e04,Liga 2x2 Online S1-E04,2026-03-05,2026-03-05,2026-03,2,5,xYYodATAXSDGXAZtvehM#2,Vicente,,xYYodATAXSDGXAZtvehM#1,Chueiry,,draw
liga-2x2-online-s1-e04,Liga 2x2 Online S1-E04,2026-03-05,2026-03-05,2026-03,2,5,xYYodATAXSDGXAZtvehM#2,Vicente,,neN58DgiQ97KUiOHmYkl#1,Zangalli,,draw
liga-2x2-online-s1-e04,Liga 2x2 Online S1-E04,2026-03-05,2026-03-05,2026-03,2,5,xYYodATAXSDGXAZtvehM#2,Vicente,,neN58DgiQ97KUiOHmYkl#2,Zangalli pai,,draw
liga-2x2-online-s1-e04,Liga 2x2 Online S1-E04,2026-03-05,2026-03-05,2026-03,2,5,neN58DgiQ97KUiOHmYkl#1,Zangalli,,xYYodATAXSDGXAZtvehM#1,Chueiry,,draw
liga-2x2-online-s1-e04,Liga 2x2 Online S1-E04,2026-03-05,2026-03-05,2026-03,2,5,neN58DgiQ97KUiOHmYkl#1,Zangalli,,xYYodATAXSDGXAZtvehM#2,Vicente,,draw
liga-2x2-online-s1-e04,Liga 2x2 Online S1-E04,2026-03-05,2026-03-05,2026-03,2,5,neN58DgiQ97KUiOHmYkl#1,Zangalli,,neN58DgiQ97KUiOHmYkl#2,Zangalli pai,,draw
liga-2x2-online-s1-e04,Liga 2x2 Online S1-E04,2026-03-05,2026-03-05,2026-03,2,5,neN58DgiQ97KUiOHmYkl#2,Zangalli pai,,xYYodATAXSDGXAZtvehM#1,Chueiry,,draw
liga-2x2-online-s1-e04,Liga 2x2 Online S1-E04,2026-03-05,2026-03-05,2026-03,2,5,neN58DgiQ97KUiOHmYkl#2,Zangalli pai,,xYYodATAXSDGXAZtvehM#2,Vicente,,draw
liga-2x2-online-s1-e04,Liga 2x2 Online S1-E04,2026-03-05,2026-03-05,2026-03,2,5,neN58DgiQ97KUiOHmYkl#2,Zangalli pai,,neN58DgiQ97KUiOHmYkl#1,Zangalli,,draw
liga-2x2-online-s1-e04,Liga 2x2 Online S1-E04,2026-03-05,2026-03-05,2026-03,3,1,i9bNzs5ZxRbbzPW41D5C#1,Bauer,,YjQpUGj3Jbs4ReKqy9Qb#2,Juliano,,draw
liga-2x2-online-s1-e04,Liga 2x2 Online S1-E04,2026-03-05,2026-03-05,2026-03,3,1,i9bNzs5ZxRbbzPW41D5C#1,Bauer,,i9bNzs5ZxRbbzPW41D5C#2,Langa,,draw
liga-2x2-online-s1-e04,Liga 2x2 Online S1-E04,2026-03-05,2026-03-05,2026-03,3,1,i9bNzs5ZxRbbzPW41D5C#1,Bauer,,YjQpUGj3Jbs4ReKqy9Qb#1,Mateus,,draw
liga-2x2-online-s1-e04,Liga 2x2 Online S1-E04,2026-03-05,2026-03-05,2026-03,3,1,YjQpUGj3Jbs4ReKqy9Qb#2,Juliano,,i9bNzs5ZxRbbzPW41D5C#1,Bauer,,draw
liga-2x2-online-s1-e04,Liga 2x2 Online S1-E04,2026-03-05,2026-03-05,2026-03,3,1,YjQpUGj3Jbs4ReKqy9Qb#2,Juliano,,i9bNzs5ZxRbbzPW41D5C#2,Langa,,draw
liga-2x2-online-s1-e04,Liga 2x2 Online S1-E04,2026-03-05,2026-03-05,2026-03,3,1,YjQpUGj3Jbs4ReKqy9Qb#2,Juliano,,YjQpUGj3Jbs4ReKqy9Qb#1,Mateus,,draw
liga-2x2-online-s1-e04,Liga 2x2 Online S1-E04,2026-03-05,2026-03-05,2026-03,3,1,i9bNzs5ZxRbbzPW41D5C#2,Langa,,i9bNzs5ZxRbbzPW41D5C#1,Bauer,,draw
liga-2x2-online-s1-e04,Liga 2x2 Online S1-E04,2026-03-05,2026-03-05,2026-03,3,1,i9bNzs5ZxRbbzPW41D5C#2,Langa,,YjQpUGj3Jbs4ReKqy9Qb#2,Juliano,,draw
liga-2x2-online-s1-e04,Liga 2x2 Online S1-E04,2026-03-05,2026-03-05,2026-03,3,1,i9bNzs5ZxRbbzPW41D5C#2,Langa,,YjQpUGj3Jbs4ReKqy9Qb#1,Mateus,,draw
liga-2x2-online-s1-e04,Liga 2x2 Online S1-E04,2026-03-05,2026-03-05,2026-03,3,1,YjQpUGj3Jbs4ReKqy9Qb#1,Mateus,,i9bNzs5ZxRbbzPW41D5C#1,Bauer,,draw
liga-2x2-online-s1-e04,Liga 2x2 Online S1-E04,2026-03-05,2026-03-05,2026-03,3,1,YjQpUGj3Jbs4ReKqy9Qb#1,Mateus,,YjQpUGj3Jbs4ReKqy9Qb#2,Juliano,,draw
liga-2x2-online-s1-e04,Liga 2x2 Online S1-E04,2026-03-05,2026-03-05,2026-03,3,1,YjQpUGj3Jbs4ReKqy9Qb#1,Mateus,,i9bNzs5ZxRbbzPW41D5C#2,Langa,,draw
liga-2x2-online-s1-e04,Liga 2x2 Online S1-E04,2026-03-05,2026-03-05,2026-03,3,2,aSGgNx3bVJRRL4ROaoIt#2,Arthur Sartori,,9zIQOOAW2EPcPk2VVryk#2,Carlos,,win
liga-2x2-online-s1-e04,Liga 2x2 Online S1-E04,2026-03-05,2026-03-05,2026-03,3,2,aSGgNx3bVJRRL4ROaoIt#2,Arthur Sartori,,aSGgNx3bVJRRL4ROaoIt#1,Marcos Sartori,,win
liga-2x2-online-s1-e04,Liga 2x2 Online S1-E04,2026-03-05,2026-03-05,2026-03,3,2,aSGgNx3bVJRRL4ROaoIt#2,Arthur Sartori,,9zIQOOAW2EPcPk2VVryk#1,Rafael,,win
liga-2x2-online-s1-e04,Liga 2x2 Online S1-E04,2026-03-05,2026-03-05,2026-03,3,2,9zIQOOAW2EPcPk2VVryk#2,Carlos,,aSGgNx3bVJRRL4ROaoIt#2,Arthur Sartori,,lose
liga-2x2-online-s1-e04,Liga 2x2 Online S1-E04,2026-03-05,2026-03-05,2026-03,3,2,9zIQOOAW2EPcPk2VVryk#2,Carlos,,aSGgNx3bVJRRL4ROaoIt#1,Marcos Sartori,,lose
liga-2x2-online-s1-e04,Liga 2x2 Online S1-E04,2026-03-05,2026-03-05,2026-03,3,2,9zIQOOAW2EPcPk2VVryk#2,Carlos,,9zIQOOAW2EPcPk2VVryk#1,Rafael,,lose
liga-2x2-online-s1-e04,Liga 2x2 Online S1-E04,2026-03-05,2026-03-05,2026-03,3,2,aSGgNx3bVJRRL4ROaoIt#1,Marcos Sartori,,aSGgNx3bVJRRL4ROaoIt#2,Arthur Sartori,,win
liga-2x2-online-s1-e04,Liga 2x2 Online S1-E04,2026-03-05,2026-03-05,2026-03,3,2,aSGgNx3bVJRRL4ROaoIt#1,Marcos Sartori,,9zIQOOAW2EPcPk2VVryk#2,Carlos,,win
liga-2x2-online-s1-e04,Liga 2x2 Online S1-E04,2026-03-05,2026-03-05,2026-03,3,2,aSGgNx3bVJRRL4ROaoIt#1,Marcos Sartori,,9zIQOOAW2EPcPk2VVryk#1,Rafael,,win
liga-2x2-online-s1-e04,Liga 2x2 Online S1-E04,2026-03-05,2026-03-05,2026-03,3,2,9zIQOOAW2EPcPk2VVryk#1,Rafael,,aSGgNx3bVJRRL4ROaoIt#2,Arthur Sartori,,lose
liga-2x2-online-s1-e04,Liga 2x2 Online S1-E04,2026-03-05,2026-03-05,2026-03,3,2,9zIQOOAW2EPcPk2VVryk#1,Rafael,,9zIQOOAW2EPcPk2VVryk#2,Carlos,,lose
liga-2x2-online-s1-e04,Liga 2x2 Online S1-E04,2026-03-05,2026-03-05,2026-03,3,2,9zIQOOAW2EPcPk2VVryk#1,Rafael,,aSGgNx3bVJRRL4ROaoIt#1,Marcos Sartori,,lose
liga-2x2-online-s1-e04,Liga 2x2 Online S1-E04,2026-03-05,2026-03-05,2026-03,3,3,fet3Z2jfw1zCEpDJZr5x#1,Andressa,,fet3Z2jfw1zCEpDJZr5x#2,Carlindo,,draw
liga-2x2-online-s1-e04,Liga 2x2 Online S1-E04,2026-03-05,2026-03-05,2026-03,3,3,fet3Z2jfw1zCEpDJZr5x#1,Andressa,,doHAPl9AbpN1FjVTmCQy#1,Glauber,,draw
liga-2x2-online-s1-e04,Liga 2x2 Online S1-E04,2026-03-05,2026-03-05,2026-03,3,3,fet3Z2jfw1zCEpDJZr5x#1,Andressa,,doHAPl9AbpN1FjVTmCQy#2,João Marmentini,,draw
liga-2x2-online-s1-e04,Liga 2x2 Online S1-E04,2026-03-05,2026-03-05,2026-03,3,3,fet3Z2jfw1zCEpDJZr5x#2,Carlindo,,fet3Z2jfw1zCEpDJZr5x#1,Andressa,,draw
liga-2x2-online-s1-e04,Liga 2x2 Online S1-E04,2026-03-05,2026-03-05,2026-03,3,3,fet3Z2jfw1zCEpDJZr5x#2,Carlindo,,doHAPl9AbpN1FjVTmCQy#1,Glauber,,draw
liga-2x2-online-s1-e04,Liga 2x2 Online S1-E04,2026-03-05,2026-03-05,2026-03,3,3,fet3Z2jfw1zCEpDJZr5x#2,Carlindo,,doHAPl9AbpN1FjVTmCQy#2,João Marmentini,,draw
liga-2x2-online-s1-e04,Liga 2x2 Online S1-E04,2026-03-05,2026-03-05,2026-03,3,3,doHAPl9AbpN1FjVTmCQy#1,Glauber,,fet3Z2jfw1zCEpDJZr5x#1,Andressa,,draw
liga-2x2-online-s1-e04,Liga 2x2 Online S1-E04,2026-03-05,2026-03-05,2026-03,3,3,doHAPl9AbpN1FjVTmCQy#1,Glauber,,fet3Z2jfw1zCEpDJZr5x#2,Carlindo,,draw
liga-2x2-online-s1-e04,Liga 2x2 Online S1-E04,2026-03-05,2026-03-05,2026-03,3,3,doHAPl9AbpN1FjVTmCQy#1,Glauber,,doHAPl9AbpN1FjVTmCQy#2,João Marmentini,,draw
liga-2x2-online-s1-e04,Liga 2x2 Online S1-E04,2026-03-05,2026-03-05,2026-03,3,3,doHAPl9AbpN1FjVTmCQy#2,João Marmentini,,fet3Z2jfw1zCEpDJZr5x#1,Andressa,,draw
liga-2x2-online-s1-e04,Liga 2x2 Online S1-E04,2026-03-05,2026-03-05,2026-03,3,3,doHAPl9AbpN1FjVTmCQy#2,João Marmentini,,fet3Z2jfw1zCEpDJZr5x#2,Carlindo,,draw
liga-2x2-online-s1-e04,Liga 2x2 Online S1-E04,2026-03-05,2026-03-05,2026-03,3,3,doHAPl9AbpN1FjVTmCQy#2,João Marmentini,,doHAPl9AbpN1FjVTmCQy#1,Glauber,,draw
liga-2x2-online-s1-e04,Liga 2x2 Online S1-E04,2026-03-05,2026-03-05,2026-03,3,4,xYYodATAXSDGXAZtvehM#1,Chueiry,,nkVpGrRRriNgmf242Pbq#1,Jorel,,draw
liga-2x2-online-s1-e04,Liga 2x2 Online S1-E04,2026-03-05,2026-03-05,2026-03,3,4,xYYodATAXSDGXAZtvehM#1,Chueiry,,nkVpGrRRriNgmf242Pbq#2,Martin,,draw
liga-2x2-online-s1-e04,Liga 2x2 Online S1-E04,2026-03-05,2026-03-05,2026-03,3,4,xYYodATAXSDGXAZtvehM#1,Chueiry,,xYYodATAXSDGXAZtvehM#2,Vicente,,draw
liga-2x2-online-s1-e04,Liga 2x2 Online S1-E04,2026-03-05,2026-03-05,2026-03,3,4,nkVpGrRRriNgmf242Pbq#1,Jorel,,xYYodATAXSDGXAZtvehM#1,Chueiry,,draw
liga-2x2-online-s1-e04,Liga 2x2 Online S1-E04,2026-03-05,2026-03-05,2026-03,3,4,nkVpGrRRriNgmf242Pbq#1,Jorel,,nkVpGrRRriNgmf242Pbq#2,Martin,,draw
liga-2x2-online-s1-e04,Liga 2x2 Online S1-E04,2026-03-05,2026-03-05,2026-03,3,4,nkVpGrRRriNgmf242Pbq#1,Jorel,,xYYodATAXSDGXAZtvehM#2,Vicente,,draw
liga-2x2-online-s1-e04,Liga 2x2 Online S1-E04,2026-03-05,2026-03-05,2026-03,3,4,nkVpGrRRriNgmf242Pbq#2,Martin,,xYYodATAXSDGXAZtvehM#1,Chueiry,,draw
liga-2x2-online-s1-e04,Liga 2x2 Online S1-E04,2026-03-05,2026-03-05,2026-03,3,4,nkVpGrRRriNgmf242Pbq#2,Martin,,nkVpGrRRriNgmf242Pbq#1,Jorel,,draw
liga-2x2-online-s1-e04,Liga 2x2 Online S1-E04,2026-03-05,2026-03-05,2026-03,3,4,nkVpGrRRriNgmf242Pbq#2,Martin,,xYYodATAXSDGXAZtvehM#2,Vicente,,draw
liga-2x2-online-s1-e04,Liga 2x2 Online S1-E04,2026-03-05,2026-03-05,2026-03,3,4,xYYodATAXSDGXAZtvehM#2,Vicente,,xYYodATAXSDGXAZtvehM#1,Chueiry,,draw
liga-2x2-online-s1-e04,Liga 2x2 Online S1-E04,2026-03-05,2026-03-05,2026-03,3,4,xYYodATAXSDGXAZtvehM#2,Vicente,,nkVpGrRRriNgmf242Pbq#1,Jorel,,draw
liga-2x2-online-s1-e04,Liga 2x2 Online S1-E04,2026-03-05,2026-03-05,2026-03,3,4,xYYodATAXSDGXAZtvehM#2,Vicente,,nkVpGrRRriNgmf242Pbq#2,Martin,,draw
liga-2x2-online-s1-e04,Liga 2x2 Online S1-E04,2026-03-05,2026-03-05,2026-03,3,5,hMoFNUlRETOHeH07r4gz#1,Boone,,hMoFNUlRETOHeH07r4gz#2,Reva,,lose
liga-2x2-online-s1-e04,Liga 2x2 Online S1-E04,2026-03-05,2026-03-05,2026-03,3,5,hMoFNUlRETOHeH07r4gz#1,Boone,,neN58DgiQ97KUiOHmYkl#1,Zangalli,,lose
liga-2x2-online-s1-e04,Liga 2x2 Online S1-E04,2026-03-05,2026-03-05,2026-03,3,5,hMoFNUlRETOHeH07r4gz#1,Boone,,neN58DgiQ97KUiOHmYkl#2,Zangalli pai,,lose
liga-2x2-online-s1-e04,Liga 2x2 Online S1-E04,2026-03-05,2026-03-05,2026-03,3,5,hMoFNUlRETOHeH07r4gz#2,Reva,,hMoFNUlRETOHeH07r4gz#1,Boone,,lose
liga-2x2-online-s1-e04,Liga 2x2 Online S1-E04,2026-03-05,2026-03-05,2026-03,3,5,hMoFNUlRETOHeH07r4gz#2,Reva,,neN58DgiQ97KUiOHmYkl#1,Zangalli,,lose
liga-2x2-online-s1-e04,Liga 2x2 Online S1-E04,2026-03-05,2026-03-05,2026-03,3,5,hMoFNUlRETOHeH07r4gz#2,Reva,,neN58DgiQ97KUiOHmYkl#2,Zangalli pai,,lose
liga-2x2-online-s1-e04,Liga 2x2 Online S1-E04,2026-03-05,2026-03-05,2026-03,3,5,neN58DgiQ97KUiOHmYkl#1,Zangalli,,hMoFNUlRETOHeH07r4gz#1,Boone,,win
liga-2x2-online-s1-e04,Liga 2x2 Online S1-E04,2026-03-05,2026-03-05,2026-03,3,5,neN58DgiQ97KUiOHmYkl#1,Zangalli,,hMoFNUlRETOHeH07r4gz#2,Reva,,win
liga-2x2-online-s1-e04,Liga 2x2 Online S1-E04,2026-03-05,2026-03-05,2026-03,3,5,neN58DgiQ97KUiOHmYkl#1,Zangalli,,neN58DgiQ97KUiOHmYkl#2,Zangalli pai,,win
liga-2x2-online-s1-e04,Liga 2x2 Online S1-E04,2026-03-05,2026-03-05,2026-03,3,5,neN58DgiQ97KUiOHmYkl#2,Zangalli pai,,hMoFNUlRETOHeH07r4gz#1,Boone,,win
liga-2x2-online-s1-e04,Liga 2x2 Online S1-E04,2026-03-05,2026-03-05,2026-03,3,5,neN58DgiQ97KUiOHmYkl#2,Zangalli pai,,hMoFNUlRETOHeH07r4gz#2,Reva,,win
liga-2x2-online-s1-e04,Liga 2x2 Online S1-E04,2026-03-05,2026-03-05,2026-03,3,5,neN58DgiQ97KUiOHmYkl#2,Zangalli pai,,neN58DgiQ97KUiOHmYkl#1,Zangalli,,win
liga-2x2-online-s1-e05,Liga 2x2 Online S1-E05,2026-03-19,2026-03-19,2026-03,1,1,VmvY12UO2lglgzpytnKE#2,João Marmentini,,VmvY12UO2lglgzpytnKE#1,Vande,,win
liga-2x2-online-s1-e05,Liga 2x2 Online S1-E05,2026-03-19,2026-03-19,2026-03,1,1,VmvY12UO2lglgzpytnKE#2,João Marmentini,,n4XCp7krNu0TCdQjkHFH#2,Vina,,win
liga-2x2-online-s1-e05,Liga 2x2 Online S1-E05,2026-03-19,2026-03-19,2026-03,1,1,VmvY12UO2lglgzpytnKE#2,João Marmentini,,n4XCp7krNu0TCdQjkHFH#1,Zangas,,win
liga-2x2-online-s1-e05,Liga 2x2 Online S1-E05,2026-03-19,2026-03-19,2026-03,1,1,VmvY12UO2lglgzpytnKE#1,Vande,,VmvY12UO2lglgzpytnKE#2,João Marmentini,,win
liga-2x2-online-s1-e05,Liga 2x2 Online S1-E05,2026-03-19,2026-03-19,2026-03,1,1,VmvY12UO2lglgzpytnKE#1,Vande,,n4XCp7krNu0TCdQjkHFH#2,Vina,,win
liga-2x2-online-s1-e05,Liga 2x2 Online S1-E05,2026-03-19,2026-03-19,2026-03,1,1,VmvY12UO2lglgzpytnKE#1,Vande,,n4XCp7krNu0TCdQjkHFH#1,Zangas,,win
liga-2x2-online-s1-e05,Liga 2x2 Online S1-E05,2026-03-19,2026-03-19,2026-03,1,1,n4XCp7krNu0TCdQjkHFH#2,Vina,,VmvY12UO2lglgzpytnKE#2,João Marmentini,,lose
liga-2x2-online-s1-e05,Liga 2x2 Online S1-E05,2026-03-19,2026-03-19,2026-03,1,1,n4XCp7krNu0TCdQjkHFH#2,Vina,,VmvY12UO2lglgzpytnKE#1,Vande,,lose
liga-2x2-online-s1-e05,Liga 2x2 Online S1-E05,2026-03-19,2026-03-19,2026-03,1,1,n4XCp7krNu0TCdQjkHFH#2,Vina,,n4XCp7krNu0TCdQjkHFH#1,Zangas,,lose
liga-2x2-online-s1-e05,Liga 2x2 Online S1-E05,2026-03-19,2026-03-19,2026-03,1,1,n4XCp7krNu0TCdQjkHFH#1,Zangas,,VmvY12UO2lglgzpytnKE#2,João Marmentini,,lose
liga-2x2-online-s1-e05,Liga 2x2 Online S1-E05,2026-03-19,2026-03-19,2026-03,1,1,n4XCp7krNu0TCdQjkHFH#1,Zangas,,VmvY12UO2lglgzpytnKE#1,Vande,,lose
liga-2x2-online-s1-e05,Liga 2x2 Online S1-E05,2026-03-19,2026-03-19,2026-03,1,1,n4XCp7krNu0TCdQjkHFH#1,Zangas,,n4XCp7krNu0TCdQjkHFH#2,Vina,,lose
liga-2x2-online-s1-e05,Liga 2x2 Online S1-E05,2026-03-19,2026-03-19,2026-03,1,2,f9C4YkHrZ6UXpRf43vcE#1,Bauer,,JX80VnViFcqEb1N8UgJj#1,Dellani,,win
liga-2x2-online-s1-e05,Liga 2x2 Online S1-E05,2026-03-19,2026-03-19,2026-03,1,2,f9C4YkHrZ6UXpRf43vcE#1,Bauer,,f9C4YkHrZ6UXpRf43vcE#2,Langa,,win
liga-2x2-online-s1-e05,Liga 2x2 Online S1-E05,2026-03-19,2026-03-19,2026-03,1,2,f9C4YkHrZ6UXpRf43vcE#1,Bauer,,JX80VnViFcqEb1N8UgJj#2,Martin,,win
liga-2x2-online-s1-e05,Liga 2x2 Online S1-E05,2026-03-19,2026-03-19,2026-03,1,2,JX80VnViFcqEb1N8UgJj#1,Dellani,,f9C4YkHrZ6UXpRf43vcE#1,Bauer,,lose
liga-2x2-online-s1-e05,Liga 2x2 Online S1-E05,2026-03-19,2026-03-19,2026-03,1,2,JX80VnViFcqEb1N8UgJj#1,Dellani,,f9C4YkHrZ6UXpRf43vcE#2,Langa,,lose
liga-2x2-online-s1-e05,Liga 2x2 Online S1-E05,2026-03-19,2026-03-19,2026-03,1,2,JX80VnViFcqEb1N8UgJj#1,Dellani,,JX80VnViFcqEb1N8UgJj#2,Martin,,lose
liga-2x2-online-s1-e05,Liga 2x2 Online S1-E05,2026-03-19,2026-03-19,2026-03,1,2,f9C4YkHrZ6UXpRf43vcE#2,Langa,,f9C4YkHrZ6UXpRf43vcE#1,Bauer,,win
liga-2x2-online-s1-e05,Liga 2x2 Online S1-E05,2026-03-19,2026-03-19,2026-03,1,2,f9C4YkHrZ6UXpRf43vcE#2,Langa,,JX80VnViFcqEb1N8UgJj#1,Dellani,,win
liga-2x2-online-s1-e05,Liga 2x2 Online S1-E05,2026-03-19,2026-03-19,2026-03,1,2,f9C4YkHrZ6UXpRf43vcE#2,Langa,,JX80VnViFcqEb1N8UgJj#2,Martin,,win
liga-2x2-online-s1-e05,Liga 2x2 Online S1-E05,2026-03-19,2026-03-19,2026-03,1,2,JX80VnViFcqEb1N8UgJj#2,Martin,,f9C4YkHrZ6UXpRf43vcE#1,Bauer,,lose
liga-2x2-online-s1-e05,Liga 2x2 Online S1-E05,2026-03-19,2026-03-19,2026-03,1,2,JX80VnViFcqEb1N8UgJj#2,Martin,,JX80VnViFcqEb1N8UgJj#1,Dellani,,lose
liga-2x2-online-s1-e05,Liga 2x2 Online S1-E05,2026-03-19,2026-03-19,2026-03,1,2,JX80VnViFcqEb1N8UgJj#2,Martin,,f9C4YkHrZ6UXpRf43vcE#2,Langa,,lose
liga-2x2-online-s1-e05,Liga 2x2 Online S1-E05,2026-03-19,2026-03-19,2026-03,1,3,oV2owsujqrHI04uTiPbt#2,Carlos,,oV2owsujqrHI04uTiPbt#1,Cássio,,lose
liga-2x2-online-s1-e05,Liga 2x2 Online S1-E05,2026-03-19,2026-03-19,2026-03,1,3,oV2owsujqrHI04uTiPbt#2,Carlos,,doyQeU1oxYSnANeB4Mxj#2,Juliano,,lose
liga-2x2-online-s1-e05,Liga 2x2 Online S1-E05,2026-03-19,2026-03-19,2026-03,1,3,oV2owsujqrHI04uTiPbt#2,Carlos,,doyQeU1oxYSnANeB4Mxj#1,Mateus,,lose
liga-2x2-online-s1-e05,Liga 2x2 Online S1-E05,2026-03-19,2026-03-19,2026-03,1,3,oV2owsujqrHI04uTiPbt#1,Cássio,,oV2owsujqrHI04uTiPbt#2,Carlos,,lose
liga-2x2-online-s1-e05,Liga 2x2 Online S1-E05,2026-03-19,2026-03-19,2026-03,1,3,oV2owsujqrHI04uTiPbt#1,Cássio,,doyQeU1oxYSnANeB4Mxj#2,Juliano,,lose
liga-2x2-online-s1-e05,Liga 2x2 Online S1-E05,2026-03-19,2026-03-19,2026-03,1,3,oV2owsujqrHI04uTiPbt#1,Cássio,,doyQeU1oxYSnANeB4Mxj#1,Mateus,,lose
liga-2x2-online-s1-e05,Liga 2x2 Online S1-E05,2026-03-19,2026-03-19,2026-03,1,3,doyQeU1oxYSnANeB4Mxj#2,Juliano,,oV2owsujqrHI04uTiPbt#2,Carlos,,win
liga-2x2-online-s1-e05,Liga 2x2 Online S1-E05,2026-03-19,2026-03-19,2026-03,1,3,doyQeU1oxYSnANeB4Mxj#2,Juliano,,oV2owsujqrHI04uTiPbt#1,Cássio,,win
liga-2x2-online-s1-e05,Liga 2x2 Online S1-E05,2026-03-19,2026-03-19,2026-03,1,3,doyQeU1oxYSnANeB4Mxj#2,Juliano,,doyQeU1oxYSnANeB4Mxj#1,Mateus,,win
liga-2x2-online-s1-e05,Liga 2x2 Online S1-E05,2026-03-19,2026-03-19,2026-03,1,3,doyQeU1oxYSnANeB4Mxj#1,Mateus,,oV2owsujqrHI04uTiPbt#2,Carlos,,win
liga-2x2-online-s1-e05,Liga 2x2 Online S1-E05,2026-03-19,2026-03-19,2026-03,1,3,doyQeU1oxYSnANeB4Mxj#1,Mateus,,oV2owsujqrHI04uTiPbt#1,Cássio,,win
liga-2x2-online-s1-e05,Liga 2x2 Online S1-E05,2026-03-19,2026-03-19,2026-03,1,3,doyQeU1oxYSnANeB4Mxj#1,Mateus,,doyQeU1oxYSnANeB4Mxj#2,Juliano,,win
liga-2x2-online-s1-e05,Liga 2x2 Online S1-E05,2026-03-19,2026-03-19,2026-03,1,4,SQ6J3BKbcsNCRTpCWML1#2,Andressa,,qcC9j5qiSD32CTw0hEfJ#2,Boone,,lose
liga-2x2-online-s1-e05,Liga 2x2 Online S1-E05,2026-03-19,2026-03-19,2026-03,1,4,SQ6J3BKbcsNCRTpCWML1#2,Andressa,,qcC9j5qiSD32CTw0hEfJ#1,Reva,,lose
liga-2x2-online-s1-e05,Liga 2x2 Online S1-E05,2026-03-19,2026-03-19,2026-03,1,4,SQ6J3BKbcsNCRTpCWML1#2,Andressa,,SQ6J3BKbcsNCRTpCWML1#1,Vicente,,lose
liga-2x2-online-s1-e05,Liga 2x2 Online S1-E05,2026-03-19,2026-03-19,2026-03,1,4,qcC9j5qiSD32CTw0hEfJ#2,Boone,,SQ6J3BKbcsNCRTpCWML1#2,Andressa,,win
liga-2x2-online-s1-e05,Liga 2x2 Online S1-E05,2026-03-19,2026-03-19,2026-03,1,4,qcC9j5qiSD32CTw0hEfJ#2,Boone,,qcC9j5qiSD32CTw0hEfJ#1,Reva,,win
liga-2x2-online-s1-e05,Liga 2x2 Online S1-E05,2026-03-19,2026-03-19,2026-03,1,4,qcC9j5qiSD32CTw0hEfJ#2,Boone,,SQ6J3BKbcsNCRTpCWML1#1,Vicente,,win
liga-2x2-online-s1-e05,Liga 2x2 Online S1-E05,2026-03-19,2026-03-19,2026-03,1,4,qcC9j5qiSD32CTw0hEfJ#1,Reva,,SQ6J3BKbcsNCRTpCWML1#2,Andressa,,win
liga-2x2-online-s1-e05,Liga 2x2 Online S1-E05,2026-03-19,2026-03-19,2026-03,1,4,qcC9j5qiSD32CTw0hEfJ#1,Reva,,qcC9j5qiSD32CTw0hEfJ#2,Boone,,win
liga-2x2-online-s1-e05,Liga 2x2 Online S1-E05,2026-03-19,2026-03-19,2026-03,1,4,qcC9j5qiSD32CTw0hEfJ#1,Reva,,SQ6J3BKbcsNCRTpCWML1#1,Vicente,,win
liga-2x2-online-s1-e05,Liga 2x2 Online S1-E05,2026-03-19,2026-03-19,2026-03,1,4,SQ6J3BKbcsNCRTpCWML1#1,Vicente,,SQ6J3BKbcsNCRTpCWML1#2,Andressa,,lose
liga-2x2-online-s1-e05,Liga 2x2 Online S1-E05,2026-03-19,2026-03-19,2026-03,1,4,SQ6J3BKbcsNCRTpCWML1#1,Vicente,,qcC9j5qiSD32CTw0hEfJ#2,Boone,,lose
liga-2x2-online-s1-e05,Liga 2x2 Online S1-E05,2026-03-19,2026-03-19,2026-03,1,4,SQ6J3BKbcsNCRTpCWML1#1,Vicente,,qcC9j5qiSD32CTw0hEfJ#1,Reva,,lose
liga-2x2-online-s1-e05,Liga 2x2 Online S1-E05,2026-03-19,2026-03-19,2026-03,2,1,qcC9j5qiSD32CTw0hEfJ#2,Boone,,VmvY12UO2lglgzpytnKE#2,João Marmentini,,draw
liga-2x2-online-s1-e05,Liga 2x2 Online S1-E05,2026-03-19,2026-03-19,2026-03,2,1,qcC9j5qiSD32CTw0hEfJ#2,Boone,,qcC9j5qiSD32CTw0hEfJ#1,Reva,,draw
liga-2x2-online-s1-e05,Liga 2x2 Online S1-E05,2026-03-19,2026-03-19,2026-03,2,1,qcC9j5qiSD32CTw0hEfJ#2,Boone,,VmvY12UO2lglgzpytnKE#1,Vande,,draw
liga-2x2-online-s1-e05,Liga 2x2 Online S1-E05,2026-03-19,2026-03-19,2026-03,2,1,VmvY12UO2lglgzpytnKE#2,João Marmentini,,qcC9j5qiSD32CTw0hEfJ#2,Boone,,draw
liga-2x2-online-s1-e05,Liga 2x2 Online S1-E05,2026-03-19,2026-03-19,2026-03,2,1,VmvY12UO2lglgzpytnKE#2,João Marmentini,,qcC9j5qiSD32CTw0hEfJ#1,Reva,,draw
liga-2x2-online-s1-e05,Liga 2x2 Online S1-E05,2026-03-19,2026-03-19,2026-03,2,1,VmvY12UO2lglgzpytnKE#2,João Marmentini,,VmvY12UO2lglgzpytnKE#1,Vande,,draw
liga-2x2-online-s1-e05,Liga 2x2 Online S1-E05,2026-03-19,2026-03-19,2026-03,2,1,qcC9j5qiSD32CTw0hEfJ#1,Reva,,qcC9j5qiSD32CTw0hEfJ#2,Boone,,draw
liga-2x2-online-s1-e05,Liga 2x2 Online S1-E05,2026-03-19,2026-03-19,2026-03,2,1,qcC9j5qiSD32CTw0hEfJ#1,Reva,,VmvY12UO2lglgzpytnKE#2,João Marmentini,,draw
liga-2x2-online-s1-e05,Liga 2x2 Online S1-E05,2026-03-19,2026-03-19,2026-03,2,1,qcC9j5qiSD32CTw0hEfJ#1,Reva,,VmvY12UO2lglgzpytnKE#1,Vande,,draw
liga-2x2-online-s1-e05,Liga 2x2 Online S1-E05,2026-03-19,2026-03-19,2026-03,2,1,VmvY12UO2lglgzpytnKE#1,Vande,,qcC9j5qiSD32CTw0hEfJ#2,Boone,,draw
liga-2x2-online-s1-e05,Liga 2x2 Online S1-E05,2026-03-19,2026-03-19,2026-03,2,1,VmvY12UO2lglgzpytnKE#1,Vande,,VmvY12UO2lglgzpytnKE#2,João Marmentini,,draw
liga-2x2-online-s1-e05,Liga 2x2 Online S1-E05,2026-03-19,2026-03-19,2026-03,2,1,VmvY12UO2lglgzpytnKE#1,Vande,,qcC9j5qiSD32CTw0hEfJ#1,Reva,,draw
liga-2x2-online-s1-e05,Liga 2x2 Online S1-E05,2026-03-19,2026-03-19,2026-03,2,2,f9C4YkHrZ6UXpRf43vcE#1,Bauer,,doyQeU1oxYSnANeB4Mxj#2,Juliano,,win
liga-2x2-online-s1-e05,Liga 2x2 Online S1-E05,2026-03-19,2026-03-19,2026-03,2,2,f9C4YkHrZ6UXpRf43vcE#1,Bauer,,f9C4YkHrZ6UXpRf43vcE#2,Langa,,win
liga-2x2-online-s1-e05,Liga 2x2 Online S1-E05,2026-03-19,2026-03-19,2026-03,2,2,f9C4YkHrZ6UXpRf43vcE#1,Bauer,,doyQeU1oxYSnANeB4Mxj#1,Mateus,,win
liga-2x2-online-s1-e05,Liga 2x2 Online S1-E05,2026-03-19,2026-03-19,2026-03,2,2,doyQeU1oxYSnANeB4Mxj#2,Juliano,,f9C4YkHrZ6UXpRf43vcE#1,Bauer,,lose
liga-2x2-online-s1-e05,Liga 2x2 Online S1-E05,2026-03-19,2026-03-19,2026-03,2,2,doyQeU1oxYSnANeB4Mxj#2,Juliano,,f9C4YkHrZ6UXpRf43vcE#2,Langa,,lose
liga-2x2-online-s1-e05,Liga 2x2 Online S1-E05,2026-03-19,2026-03-19,2026-03,2,2,doyQeU1oxYSnANeB4Mxj#2,Juliano,,doyQeU1oxYSnANeB4Mxj#1,Mateus,,lose
liga-2x2-online-s1-e05,Liga 2x2 Online S1-E05,2026-03-19,2026-03-19,2026-03,2,2,f9C4YkHrZ6UXpRf43vcE#2,Langa,,f9C4YkHrZ6UXpRf43vcE#1,Bauer,,win
liga-2x2-online-s1-e05,Liga 2x2 Online S1-E05,2026-03-19,2026-03-19,2026-03,2,2,f9C4YkHrZ6UXpRf43vcE#2,Langa,,doyQeU1oxYSnANeB4Mxj#2,Juliano,,win
liga-2x2-online-s1-e05,Liga 2x2 Online S1-E05,2026-03-19,2026-03-19,2026-03,2,2,f9C4YkHrZ6UXpRf43vcE#2,Langa,,doyQeU1oxYSnANeB4Mxj#1,Mateus,,win
liga-2x2-online-s1-e05,Liga 2x2 Online S1-E05,2026-03-19,2026-03-19,2026-03,2,2,doyQeU1oxYSnANeB4Mxj#1,Mateus,,f9C4YkHrZ6UXpRf43vcE#1,Bauer,,lose
liga-2x2-online-s1-e05,Liga 2x2 Online S1-E05,2026-03-19,2026-03-19,2026-03,2,2,doyQeU1oxYSnANeB4Mxj#1,Mateus,,doyQeU1oxYSnANeB4Mxj#2,Juliano,,lose
liga-2x2-online-s1-e05,Liga 2x2 Online S1-E05,2026-03-19,2026-03-19,2026-03,2,2,doyQeU1oxYSnANeB4Mxj#1,Mateus,,f9C4YkHrZ6UXpRf43vcE#2,Langa,,lose
liga-2x2-online-s1-e05,Liga 2x2 Online S1-E05,2026-03-19,2026-03-19,2026-03,2,3,oV2owsujqrHI04uTiPbt#2,Carlos,,oV2owsujqrHI04uTiPbt#1,Cássio,,lose
liga-2x2-online-s1-e05,Liga 2x2 Online S1-E05,2026-03-19,2026-03-19,2026-03,2,3,oV2owsujqrHI04uTiPbt#2,Carlos,,n4XCp7krNu0TCdQjkHFH#2,Vina,,lose
liga-2x2-online-s1-e05,Liga 2x2 Online S1-E05,2026-03-19,2026-03-19,2026-03,2,3,oV2owsujqrHI04uTiPbt#2,Carlos,,n4XCp7krNu0TCdQjkHFH#1,Zangas,,lose
liga-2x2-online-s1-e05,Liga 2x2 Online S1-E05,2026-03-19,2026-03-19,2026-03,2,3,oV2owsujqrHI04uTiPbt#1,Cássio,,oV2owsujqrHI04uTiPbt#2,Carlos,,lose
liga-2x2-online-s1-e05,Liga 2x2 Online S1-E05,2026-03-19,2026-03-19,2026-03,2,3,oV2owsujqrHI04uTiPbt#1,Cássio,,n4XCp7krNu0TCdQjkHFH#2,Vina,,lose
liga-2x2-online-s1-e05,Liga 2x2 Online S1-E05,2026-03-19,2026-03-19,2026-03,2,3,oV2owsujqrHI04uTiPbt#1,Cássio,,n4XCp7krNu0TCdQjkHFH#1,Zangas,,lose
liga-2x2-online-s1-e05,Liga 2x2 Online S1-E05,2026-03-19,2026-03-19,2026-03,2,3,n4XCp7krNu0TCdQjkHFH#2,Vina,,oV2owsujqrHI04uTiPbt#2,Carlos,,win
liga-2x2-online-s1-e05,Liga 2x2 Online S1-E05,2026-03-19,2026-03-19,2026-03,2,3,n4XCp7krNu0TCdQjkHFH#2,Vina,,oV2owsujqrHI04uTiPbt#1,Cássio,,win
liga-2x2-online-s1-e05,Liga 2x2 Online S1-E05,2026-03-19,2026-03-19,2026-03,2,3,n4XCp7krNu0TCdQjkHFH#2,Vina,,n4XCp7krNu0TCdQjkHFH#1,Zangas,,win
liga-2x2-online-s1-e05,Liga 2x2 Online S1-E05,2026-03-19,2026-03-19,2026-03,2,3,n4XCp7krNu0TCdQjkHFH#1,Zangas,,oV2owsujqrHI04uTiPbt#2,Carlos,,win
liga-2x2-online-s1-e05,Liga 2x2 Online S1-E05,2026-03-19,2026-03-19,2026-03,2,3,n4XCp7krNu0TCdQjkHFH#1,Zangas,,oV2owsujqrHI04uTiPbt#1,Cássio,,win
liga-2x2-online-s1-e05,Liga 2x2 Online S1-E05,2026-03-19,2026-03-19,2026-03,2,3,n4XCp7krNu0TCdQjkHFH#1,Zangas,,n4XCp7krNu0TCdQjkHFH#2,Vina,,win
liga-2x2-online-s1-e05,Liga 2x2 Online S1-E05,2026-03-19,2026-03-19,2026-03,2,4,SQ6J3BKbcsNCRTpCWML1#2,Andressa,,JX80VnViFcqEb1N8UgJj#1,Dellani,,lose
liga-2x2-online-s1-e05,Liga 2x2 Online S1-E05,2026-03-19,2026-03-19,2026-03,2,4,SQ6J3BKbcsNCRTpCWML1#2,Andressa,,JX80VnViFcqEb1N8UgJj#2,Martin,,lose
liga-2x2-online-s1-e05,Liga 2x2 Online S1-E05,2026-03-19,2026-03-19,2026-03,2,4,SQ6J3BKbcsNCRTpCWML1#2,Andressa,,SQ6J3BKbcsNCRTpCWML1#1,Vicente,,lose
liga-2x2-online-s1-e05,Liga 2x2 Online S1-E05,2026-03-19,2026-03-19,2026-03,2,4,JX80VnViFcqEb1N8UgJj#1,Dellani,,SQ6J3BKbcsNCRTpCWML1#2,Andressa,,win
liga-2x2-online-s1-e05,Liga 2x2 Online S1-E05,2026-03-19,2026-03-19,2026-03,2,4,JX80VnViFcqEb1N8UgJj#1,Dellani,,JX80VnViFcqEb1N8UgJj#2,Martin,,win
liga-2x2-online-s1-e05,Liga 2x2 Online S1-E05,2026-03-19,2026-03-19,2026-03,2,4,JX80VnViFcqEb1N8UgJj#1,Dellani,,SQ6J3BKbcsNCRTpCWML1#1,Vicente,,win
liga-2x2-online-s1-e05,Liga 2x2 Online S1-E05,2026-03-19,2026-03-19,2026-03,2,4,JX80VnViFcqEb1N8UgJj#2,Martin,,SQ6J3BKbcsNCRTpCWML1#2,Andressa,,win
liga-2x2-online-s1-e05,Liga 2x2 Online S1-E05,2026-03-19,2026-03-19,2026-03,2,4,JX80VnViFcqEb1N8UgJj#2,Martin,,JX80VnViFcqEb1N8UgJj#1,Dellani,,win
liga-2x2-online-s1-e05,Liga 2x2 Online S1-E05,2026-03-19,2026-03-19,2026-03,2,4,JX80VnViFcqEb1N8UgJj#2,Martin,,SQ6J3BKbcsNCRTpCWML1#1,Vicente,,win
liga-2x2-online-s1-e05,Liga 2x2 Online S1-E05,2026-03-19,2026-03-19,2026-03,2,4,SQ6J3BKbcsNCRTpCWML1#1,Vicente,,SQ6J3BKbcsNCRTpCWML1#2,Andressa,,lose
liga-2x2-online-s1-e05,Liga 2x2 Online S1-E05,2026-03-19,2026-03-19,2026-03,2,4,SQ6J3BKbcsNCRTpCWML1#1,Vicente,,JX80VnViFcqEb1N8UgJj#1,Dellani,,lose
liga-2x2-online-s1-e05,Liga 2x2 Online S1-E05,2026-03-19,2026-03-19,2026-03,2,4,SQ6J3BKbcsNCRTpCWML1#1,Vicente,,JX80VnViFcqEb1N8UgJj#2,Martin,,lose
liga-2x2-online-s1-e05,Liga 2x2 Online S1-E05,2026-03-19,2026-03-19,2026-03,3,1,f9C4YkHrZ6UXpRf43vcE#1,Bauer,,qcC9j5qiSD32CTw0hEfJ#2,Boone,,lose
liga-2x2-online-s1-e05,Liga 2x2 Online S1-E05,2026-03-19,2026-03-19,2026-03,3,1,f9C4YkHrZ6UXpRf43vcE#1,Bauer,,f9C4YkHrZ6UXpRf43vcE#2,Langa,,lose
liga-2x2-online-s1-e05,Liga 2x2 Online S1-E05,2026-03-19,2026-03-19,2026-03,3,1,f9C4YkHrZ6UXpRf43vcE#1,Bauer,,qcC9j5qiSD32CTw0hEfJ#1,Reva,,lose
liga-2x2-online-s1-e05,Liga 2x2 Online S1-E05,2026-03-19,2026-03-19,2026-03,3,1,qcC9j5qiSD32CTw0hEfJ#2,Boone,,f9C4YkHrZ6UXpRf43vcE#1,Bauer,,win
liga-2x2-online-s1-e05,Liga 2x2 Online S1-E05,2026-03-19,2026-03-19,2026-03,3,1,qcC9j5qiSD32CTw0hEfJ#2,Boone,,f9C4YkHrZ6UXpRf43vcE#2,Langa,,win
liga-2x2-online-s1-e05,Liga 2x2 Online S1-E05,2026-03-19,2026-03-19,2026-03,3,1,qcC9j5qiSD32CTw0hEfJ#2,Boone,,qcC9j5qiSD32CTw0hEfJ#1,Reva,,win
liga-2x2-online-s1-e05,Liga 2x2 Online S1-E05,2026-03-19,2026-03-19,2026-03,3,1,f9C4YkHrZ6UXpRf43vcE#2,Langa,,f9C4YkHrZ6UXpRf43vcE#1,Bauer,,lose
liga-2x2-online-s1-e05,Liga 2x2 Online S1-E05,2026-03-19,2026-03-19,2026-03,3,1,f9C4YkHrZ6UXpRf43vcE#2,Langa,,qcC9j5qiSD32CTw0hEfJ#2,Boone,,lose
liga-2x2-online-s1-e05,Liga 2x2 Online S1-E05,2026-03-19,2026-03-19,2026-03,3,1,f9C4YkHrZ6UXpRf43vcE#2,Langa,,qcC9j5qiSD32CTw0hEfJ#1,Reva,,lose
liga-2x2-online-s1-e05,Liga 2x2 Online S1-E05,2026-03-19,2026-03-19,2026-03,3,1,qcC9j5qiSD32CTw0hEfJ#1,Reva,,f9C4YkHrZ6UXpRf43vcE#1,Bauer,,win
liga-2x2-online-s1-e05,Liga 2x2 Online S1-E05,2026-03-19,2026-03-19,2026-03,3,1,qcC9j5qiSD32CTw0hEfJ#1,Reva,,qcC9j5qiSD32CTw0hEfJ#2,Boone,,win
liga-2x2-online-s1-e05,Liga 2x2 Online S1-E05,2026-03-19,2026-03-19,2026-03,3,1,qcC9j5qiSD32CTw0hEfJ#1,Reva,,f9C4YkHrZ6UXpRf43vcE#2,Langa,,win
liga-2x2-online-s1-e05,Liga 2x2 Online S1-E05,2026-03-19,2026-03-19,2026-03,3,2,VmvY12UO2lglgzpytnKE#2,João Marmentini,,doyQeU1oxYSnANeB4Mxj#2,Juliano,,win
liga-2x2-online-s1-e05,Liga 2x2 Online S1-E05,2026-03-19,2026-03-19,2026-03,3,2,VmvY12UO2lglgzpytnKE#2,João Marmentini,,doyQeU1oxYSnANeB4Mxj#1,Mateus,,win
liga-2x2-online-s1-e05,Liga 2x2 Online S1-E05,2026-03-19,2026-03-19,2026-03,3,2,VmvY12UO2lglgzpytnKE#2,João Marmentini,,VmvY12UO2lglgzpytnKE#1,Vande,,win
liga-2x2-online-s1-e05,Liga 2x2 Online S1-E05,2026-03-19,2026-03-19,2026-03,3,2,doyQeU1oxYSnANeB4Mxj#2,Juliano,,VmvY12UO2lglgzpytnKE#2,João Marmentini,,lose
liga-2x2-online-s1-e05,Liga 2x2 Online S1-E05,2026-03-19,2026-03-19,2026-03,3,2,doyQeU1oxYSnANeB4Mxj#2,Juliano,,doyQeU1oxYSnANeB4Mxj#1,Mateus,,lose
liga-2x2-online-s1-e05,Liga 2x2 Online S1-E05,2026-03-19,2026-03-19,2026-03,3,2,doyQeU1oxYSnANeB4Mxj#2,Juliano,,VmvY12UO2lglgzpytnKE#1,Vande,,lose
liga-2x2-online-s1-e05,Liga 2x2 Online S1-E05,2026-03-19,2026-03-19,2026-03,3,2,doyQeU1oxYSnANeB4Mxj#1,Mateus,,VmvY12UO2lglgzpytnKE#2,João Marmentini,,lose
liga-2x2-online-s1-e05,Liga 2x2 Online S1-E05,2026-03-19,2026-03-19,2026-03,3,2,doyQeU1oxYSnANeB4Mxj#1,Mateus,,doyQeU1oxYSnANeB4Mxj#2,Juliano,,lose
liga-2x2-online-s1-e05,Liga 2x2 Online S1-E05,2026-03-19,2026-03-19,2026-03,3,2,doyQeU1oxYSnANeB4Mxj#1,Mateus,,VmvY12UO2lglgzpytnKE#1,Vande,,lose
liga-2x2-online-s1-e05,Liga 2x2 Online S1-E05,2026-03-19,2026-03-19,2026-03,3,2,VmvY12UO2lglgzpytnKE#1,Vande,,VmvY12UO2lglgzpytnKE#2,João Marmentini,,win
liga-2x2-online-s1-e05,Liga 2x2 Online S1-E05,2026-03-19,2026-03-19,2026-03,3,2,VmvY12UO2lglgzpytnKE#1,Vande,,doyQeU1oxYSnANeB4Mxj#2,Juliano,,win
liga-2x2-online-s1-e05,Liga 2x2 Online S1-E05,2026-03-19,2026-03-19,2026-03,3,2,VmvY12UO2lglgzpytnKE#1,Vande,,doyQeU1oxYSnANeB4Mxj#1,Mateus,,win
liga-2x2-online-s1-e05,Liga 2x2 Online S1-E05,2026-03-19,2026-03-19,2026-03,3,3,JX80VnViFcqEb1N8UgJj#1,Dellani,,JX80VnViFcqEb1N8UgJj#2,Martin,,lose
liga-2x2-online-s1-e05,Liga 2x2 Online S1-E05,2026-03-19,2026-03-19,2026-03,3,3,JX80VnViFcqEb1N8UgJj#1,Dellani,,n4XCp7krNu0TCdQjkHFH#2,Vina,,lose
liga-2x2-online-s1-e05,Liga 2x2 Online S1-E05,2026-03-19,2026-03-19,2026-03,3,3,JX80VnViFcqEb1N8UgJj#1,Dellani,,n4XCp7krNu0TCdQjkHFH#1,Zangas,,lose
liga-2x2-online-s1-e05,Liga 2x2 Online S1-E05,2026-03-19,2026-03-19,2026-03,3,3,JX80VnViFcqEb1N8UgJj#2,Martin,,JX80VnViFcqEb1N8UgJj#1,Dellani,,lose
liga-2x2-online-s1-e05,Liga 2x2 Online S1-E05,2026-03-19,2026-03-19,2026-03,3,3,JX80VnViFcqEb1N8UgJj#2,Martin,,n4XCp7krNu0TCdQjkHFH#2,Vina,,lose
liga-2x2-online-s1-e05,Liga 2x2 Online S1-E05,2026-03-19,2026-03-19,2026-03,3,3,JX80VnViFcqEb1N8UgJj#2,Martin,,n4XCp7krNu0TCdQjkHFH#1,Zangas,,lose
liga-2x2-online-s1-e05,Liga 2x2 Online S1-E05,2026-03-19,2026-03-19,2026-03,3,3,n4XCp7krNu0TCdQjkHFH#2,Vina,,JX80VnViFcqEb1N8UgJj#1,Dellani,,win
liga-2x2-online-s1-e05,Liga 2x2 Online S1-E05,2026-03-19,2026-03-19,2026-03,3,3,n4XCp7krNu0TCdQjkHFH#2,Vina,,JX80VnViFcqEb1N8UgJj#2,Martin,,win
liga-2x2-online-s1-e05,Liga 2x2 Online S1-E05,2026-03-19,2026-03-19,2026-03,3,3,n4XCp7krNu0TCdQjkHFH#2,Vina,,n4XCp7krNu0TCdQjkHFH#1,Zangas,,win
liga-2x2-online-s1-e05,Liga 2x2 Online S1-E05,2026-03-19,2026-03-19,2026-03,3,3,n4XCp7krNu0TCdQjkHFH#1,Zangas,,JX80VnViFcqEb1N8UgJj#1,Dellani,,win
liga-2x2-online-s1-e05,Liga 2x2 Online S1-E05,2026-03-19,2026-03-19,2026-03,3,3,n4XCp7krNu0TCdQjkHFH#1,Zangas,,JX80VnViFcqEb1N8UgJj#2,Martin,,win
liga-2x2-online-s1-e05,Liga 2x2 Online S1-E05,2026-03-19,2026-03-19,2026-03,3,3,n4XCp7krNu0TCdQjkHFH#1,Zangas,,n4XCp7krNu0TCdQjkHFH#2,Vina,,win
liga-2x2-online-s1-e05,Liga 2x2 Online S1-E05,2026-03-19,2026-03-19,2026-03,3,4,SQ6J3BKbcsNCRTpCWML1#2,Andressa,,oV2owsujqrHI04uTiPbt#2,Carlos,,lose
liga-2x2-online-s1-e05,Liga 2x2 Online S1-E05,2026-03-19,2026-03-19,2026-03,3,4,SQ6J3BKbcsNCRTpCWML1#2,Andressa,,oV2owsujqrHI04uTiPbt#1,Cássio,,lose
liga-2x2-online-s1-e05,Liga 2x2 Online S1-E05,2026-03-19,2026-03-19,2026-03,3,4,SQ6J3BKbcsNCRTpCWML1#2,Andressa,,SQ6J3BKbcsNCRTpCWML1#1,Vicente,,lose
liga-2x2-online-s1-e05,Liga 2x2 Online S1-E05,2026-03-19,2026-03-19,2026-03,3,4,oV2owsujqrHI04uTiPbt#2,Carlos,,SQ6J3BKbcsNCRTpCWML1#2,Andressa,,win
liga-2x2-online-s1-e05,Liga 2x2 Online S1-E05,2026-03-19,2026-03-19,2026-03,3,4,oV2owsujqrHI04uTiPbt#2,Carlos,,oV2owsujqrHI04uTiPbt#1,Cássio,,win
liga-2x2-online-s1-e05,Liga 2x2 Online S1-E05,2026-03-19,2026-03-19,2026-03,3,4,oV2owsujqrHI04uTiPbt#2,Carlos,,SQ6J3BKbcsNCRTpCWML1#1,Vicente,,win
liga-2x2-online-s1-e05,Liga 2x2 Online S1-E05,2026-03-19,2026-03-19,2026-03,3,4,oV2owsujqrHI04uTiPbt#1,Cássio,,SQ6J3BKbcsNCRTpCWML1#2,Andressa,,win
liga-2x2-online-s1-e05,Liga 2x2 Online S1-E05,2026-03-19,2026-03-19,2026-03,3,4,oV2owsujqrHI04uTiPbt#1,Cássio,,oV2owsujqrHI04uTiPbt#2,Carlos,,win
liga-2x2-online-s1-e05,Liga 2x2 Online S1-E05,2026-03-19,2026-03-19,2026-03,3,4,oV2owsujqrHI04uTiPbt#1,Cássio,,SQ6J3BKbcsNCRTpCWML1#1,Vicente,,win
liga-2x2-online-s1-e05,Liga 2x2 Online S1-E05,2026-03-19,2026-03-19,2026-03,3,4,SQ6J3BKbcsNCRTpCWML1#1,Vicente,,SQ6J3BKbcsNCRTpCWML1#2,Andressa,,lose
liga-2x2-online-s1-e05,Liga 2x2 Online S1-E05,2026-03-19,2026-03-19,2026-03,3,4,SQ6J3BKbcsNCRTpCWML1#1,Vicente,,oV2owsujqrHI04uTiPbt#2,Carlos,,lose
liga-2x2-online-s1-e05,Liga 2x2 Online S1-E05,2026-03-19,2026-03-19,2026-03,3,4,SQ6J3BKbcsNCRTpCWML1#1,Vicente,,oV2owsujqrHI04uTiPbt#1,Cássio,,lose
liga-2x2-online-s2-e1,Liga 2x2 Online S2-E1,2026-04-02,2026-04-02,2026-04,1,1,3apYDDvemfpF8HDzcdyC#2,Arthur Sartori,Scions & Spellcraft,dvyQiXAcsz8GCW8V5Uco#2,Juliano,Virtude e Valor,win
liga-2x2-online-s2-e1,Liga 2x2 Online S2-E1,2026-04-02,2026-04-02,2026-04,1,1,3apYDDvemfpF8HDzcdyC#2,Arthur Sartori,Scions & Spellcraft,3apYDDvemfpF8HDzcdyC#1,Marcos Sartori,Festa dos Planeswalker,win
liga-2x2-online-s2-e1,Liga 2x2 Online S2-E1,2026-04-02,2026-04-02,2026-04,1,1,3apYDDvemfpF8HDzcdyC#2,Arthur Sartori,Scions & Spellcraft,dvyQiXAcsz8GCW8V5Uco#1,Mateus,Jeskai Striker,win
liga-2x2-online-s2-e1,Liga 2x2 Online S2-E1,2026-04-02,2026-04-02,2026-04,1,1,dvyQiXAcsz8GCW8V5Uco#2,Juliano,Virtude e Valor,3apYDDvemfpF8HDzcdyC#2,Arthur Sartori,Scions & Spellcraft,lose
liga-2x2-online-s2-e1,Liga 2x2 Online S2-E1,2026-04-02,2026-04-02,2026-04,1,1,dvyQiXAcsz8GCW8V5Uco#2,Juliano,Virtude e Valor,3apYDDvemfpF8HDzcdyC#1,Marcos Sartori,Festa dos Planeswalker,lose
liga-2x2-online-s2-e1,Liga 2x2 Online S2-E1,2026-04-02,2026-04-02,2026-04,1,1,dvyQiXAcsz8GCW8V5Uco#2,Juliano,Virtude e Valor,dvyQiXAcsz8GCW8V5Uco#1,Mateus,Jeskai Striker,lose
liga-2x2-online-s2-e1,Liga 2x2 Online S2-E1,2026-04-02,2026-04-02,2026-04,1,1,3apYDDvemfpF8HDzcdyC#1,Marcos Sartori,Festa dos Planeswalker,3apYDDvemfpF8HDzcdyC#2,Arthur Sartori,Scions & Spellcraft,win
liga-2x2-online-s2-e1,Liga 2x2 Online S2-E1,2026-04-02,2026-04-02,2026-04,1,1,3apYDDvemfpF8HDzcdyC#1,Marcos Sartori,Festa dos Planeswalker,dvyQiXAcsz8GCW8V5Uco#2,Juliano,Virtude e Valor,win
liga-2x2-online-s2-e1,Liga 2x2 Online S2-E1,2026-04-02,2026-04-02,2026-04,1,1,3apYDDvemfpF8HDzcdyC#1,Marcos Sartori,Festa dos Planeswalker,dvyQiXAcsz8GCW8V5Uco#1,Mateus,Jeskai Striker,win
liga-2x2-online-s2-e1,Liga 2x2 Online S2-E1,2026-04-02,2026-04-02,2026-04,1,1,dvyQiXAcsz8GCW8V5Uco#1,Mateus,Jeskai Striker,3apYDDvemfpF8HDzcdyC#2,Arthur Sartori,Scions & Spellcraft,lose
liga-2x2-online-s2-e1,Liga 2x2 Online S2-E1,2026-04-02,2026-04-02,2026-04,1,1,dvyQiXAcsz8GCW8V5Uco#1,Mateus,Jeskai Striker,dvyQiXAcsz8GCW8V5Uco#2,Juliano,Virtude e Valor,lose
liga-2x2-online-s2-e1,Liga 2x2 Online S2-E1,2026-04-02,2026-04-02,2026-04,1,1,dvyQiXAcsz8GCW8V5Uco#1,Mateus,Jeskai Striker,3apYDDvemfpF8HDzcdyC#1,Marcos Sartori,Festa dos Planeswalker,lose
liga-2x2-online-s2-e1,Liga 2x2 Online S2-E1,2026-04-02,2026-04-02,2026-04,1,2,TyPECA8vVCs6dvQfrlzl#1,Boone,Içar Velas,LUHa84fUOZfzUeo4rVPI#1,Erick,Limit Break,lose
liga-2x2-online-s2-e1,Liga 2x2 Online S2-E1,2026-04-02,2026-04-02,2026-04,1,2,TyPECA8vVCs6dvQfrlzl#1,Boone,Içar Velas,TyPECA8vVCs6dvQfrlzl#2,Reva,"Ave, Caesar",lose
liga-2x2-online-s2-e1,Liga 2x2 Online S2-E1,2026-04-02,2026-04-02,2026-04,1,2,TyPECA8vVCs6dvQfrlzl#1,Boone,Içar Velas,LUHa84fUOZfzUeo4rVPI#2,Rogério Nascimento,World Shaper,lose
liga-2x2-online-s2-e1,Liga 2x2 Online S2-E1,2026-04-02,2026-04-02,2026-04,1,2,LUHa84fUOZfzUeo4rVPI#1,Erick,Limit Break,TyPECA8vVCs6dvQfrlzl#1,Boone,Içar Velas,win
liga-2x2-online-s2-e1,Liga 2x2 Online S2-E1,2026-04-02,2026-04-02,2026-04,1,2,LUHa84fUOZfzUeo4rVPI#1,Erick,Limit Break,TyPECA8vVCs6dvQfrlzl#2,Reva,"Ave, Caesar",win
liga-2x2-online-s2-e1,Liga 2x2 Online S2-E1,2026-04-02,2026-04-02,2026-04,1,2,LUHa84fUOZfzUeo4rVPI#1,Erick,Limit Break,LUHa84fUOZfzUeo4rVPI#2,Rogério Nascimento,World Shaper,win
liga-2x2-online-s2-e1,Liga 2x2 Online S2-E1,2026-04-02,2026-04-02,2026-04,1,2,TyPECA8vVCs6dvQfrlzl#2,Reva,"Ave, Caesar",TyPECA8vVCs6dvQfrlzl#1,Boone,Içar Velas,lose
liga-2x2-online-s2-e1,Liga 2x2 Online S2-E1,2026-04-02,2026-04-02,2026-04,1,2,TyPECA8vVCs6dvQfrlzl#2,Reva,"Ave, Caesar",LUHa84fUOZfzUeo4rVPI#1,Erick,Limit Break,lose
liga-2x2-online-s2-e1,Liga 2x2 Online S2-E1,2026-04-02,2026-04-02,2026-04,1,2,TyPECA8vVCs6dvQfrlzl#2,Reva,"Ave, Caesar",LUHa84fUOZfzUeo4rVPI#2,Rogério Nascimento,World Shaper,lose
liga-2x2-online-s2-e1,Liga 2x2 Online S2-E1,2026-04-02,2026-04-02,2026-04,1,2,LUHa84fUOZfzUeo4rVPI#2,Rogério Nascimento,World Shaper,TyPECA8vVCs6dvQfrlzl#1,Boone,Içar Velas,win
liga-2x2-online-s2-e1,Liga 2x2 Online S2-E1,2026-04-02,2026-04-02,2026-04,1,2,LUHa84fUOZfzUeo4rVPI#2,Rogério Nascimento,World Shaper,LUHa84fUOZfzUeo4rVPI#1,Erick,Limit Break,win
liga-2x2-online-s2-e1,Liga 2x2 Online S2-E1,2026-04-02,2026-04-02,2026-04,1,2,LUHa84fUOZfzUeo4rVPI#2,Rogério Nascimento,World Shaper,TyPECA8vVCs6dvQfrlzl#2,Reva,"Ave, Caesar",win
liga-2x2-online-s2-e1,Liga 2x2 Online S2-E1,2026-04-02,2026-04-02,2026-04,1,3,oVeKrH0NvjEGxCAA3UKI#2,Jorel,Turtle Power!,ZoM1O2YPQFYqADGAS7Pk#2,João Marmentini,Virtude e Valor,draw
liga-2x2-online-s2-e1,Liga 2x2 Online S2-E1,2026-04-02,2026-04-02,2026-04,1,3,oVeKrH0NvjEGxCAA3UKI#2,Jorel,Turtle Power!,oVeKrH0NvjEGxCAA3UKI#1,Martin,Counter Blitz,draw
liga-2x2-online-s2-e1,Liga 2x2 Online S2-E1,2026-04-02,2026-04-02,2026-04,1,3,oVeKrH0NvjEGxCAA3UKI#2,Jorel,Turtle Power!,ZoM1O2YPQFYqADGAS7Pk#1,Vande,Içar Velas,draw
liga-2x2-online-s2-e1,Liga 2x2 Online S2-E1,2026-04-02,2026-04-02,2026-04,1,3,ZoM1O2YPQFYqADGAS7Pk#2,João Marmentini,Virtude e Valor,oVeKrH0NvjEGxCAA3UKI#2,Jorel,Turtle Power!,draw
liga-2x2-online-s2-e1,Liga 2x2 Online S2-E1,2026-04-02,2026-04-02,2026-04,1,3,ZoM1O2YPQFYqADGAS7Pk#2,João Marmentini,Virtude e Valor,oVeKrH0NvjEGxCAA3UKI#1,Martin,Counter Blitz,draw
liga-2x2-online-s2-e1,Liga 2x2 Online S2-E1,2026-04-02,2026-04-02,2026-04,1,3,ZoM1O2YPQFYqADGAS7Pk#2,João Marmentini,Virtude e Valor,ZoM1O2YPQFYqADGAS7Pk#1,Vande,Içar Velas,draw
liga-2x2-online-s2-e1,Liga 2x2 Online S2-E1,2026-04-02,2026-04-02,2026-04,1,3,oVeKrH0NvjEGxCAA3UKI#1,Martin,Counter Blitz,oVeKrH0NvjEGxCAA3UKI#2,Jorel,Turtle Power!,draw
liga-2x2-online-s2-e1,Liga 2x2 Online S2-E1,2026-04-02,2026-04-02,2026-04,1,3,oVeKrH0NvjEGxCAA3UKI#1,Martin,Counter Blitz,ZoM1O2YPQFYqADGAS7Pk#2,João Marmentini,Virtude e Valor,draw
liga-2x2-online-s2-e1,Liga 2x2 Online S2-E1,2026-04-02,2026-04-02,2026-04,1,3,oVeKrH0NvjEGxCAA3UKI#1,Martin,Counter Blitz,ZoM1O2YPQFYqADGAS7Pk#1,Vande,Içar Velas,draw
liga-2x2-online-s2-e1,Liga 2x2 Online S2-E1,2026-04-02,2026-04-02,2026-04,1,3,ZoM1O2YPQFYqADGAS7Pk#1,Vande,Içar Velas,oVeKrH0NvjEGxCAA3UKI#2,Jorel,Turtle Power!,draw
liga-2x2-online-s2-e1,Liga 2x2 Online S2-E1,2026-04-02,2026-04-02,2026-04,1,3,ZoM1O2YPQFYqADGAS7Pk#1,Vande,Içar Velas,ZoM1O2YPQFYqADGAS7Pk#2,João Marmentini,Virtude e Valor,draw
liga-2x2-online-s2-e1,Liga 2x2 Online S2-E1,2026-04-02,2026-04-02,2026-04,1,3,ZoM1O2YPQFYqADGAS7Pk#1,Vande,Içar Velas,oVeKrH0NvjEGxCAA3UKI#1,Martin,Counter Blitz,draw
liga-2x2-online-s2-e1,Liga 2x2 Online S2-E1,2026-04-02,2026-04-02,2026-04,2,1,bL2vbeVCrVyyV1MmYgjL#1,Chueiry,Festa dos Planeswalker,LUHa84fUOZfzUeo4rVPI#1,Erick,Limit Break,win
liga-2x2-online-s2-e1,Liga 2x2 Online S2-E1,2026-04-02,2026-04-02,2026-04,2,1,bL2vbeVCrVyyV1MmYgjL#1,Chueiry,Festa dos Planeswalker,LUHa84fUOZfzUeo4rVPI#2,Rogério Nascimento,World Shaper,win
liga-2x2-online-s2-e1,Liga 2x2 Online S2-E1,2026-04-02,2026-04-02,2026-04,2,1,bL2vbeVCrVyyV1MmYgjL#1,Chueiry,Festa dos Planeswalker,bL2vbeVCrVyyV1MmYgjL#2,Vicente,Turtle Power!,win
liga-2x2-online-s2-e1,Liga 2x2 Online S2-E1,2026-04-02,2026-04-02,2026-04,2,1,LUHa84fUOZfzUeo4rVPI#1,Erick,Limit Break,bL2vbeVCrVyyV1MmYgjL#1,Chueiry,Festa dos Planeswalker,lose
liga-2x2-online-s2-e1,Liga 2x2 Online S2-E1,2026-04-02,2026-04-02,2026-04,2,1,LUHa84fUOZfzUeo4rVPI#1,Erick,Limit Break,LUHa84fUOZfzUeo4rVPI#2,Rogério Nascimento,World Shaper,lose
liga-2x2-online-s2-e1,Liga 2x2 Online S2-E1,2026-04-02,2026-04-02,2026-04,2,1,LUHa84fUOZfzUeo4rVPI#1,Erick,Limit Break,bL2vbeVCrVyyV1MmYgjL#2,Vicente,Turtle Power!,lose
liga-2x2-online-s2-e1,Liga 2x2 Online S2-E1,2026-04-02,2026-04-02,2026-04,2,1,LUHa84fUOZfzUeo4rVPI#2,Rogério Nascimento,World Shaper,bL2vbeVCrVyyV1MmYgjL#1,Chueiry,Festa dos Planeswalker,lose
liga-2x2-online-s2-e1,Liga 2x2 Online S2-E1,2026-04-02,2026-04-02,2026-04,2,1,LUHa84fUOZfzUeo4rVPI#2,Rogério Nascimento,World Shaper,LUHa84fUOZfzUeo4rVPI#1,Erick,Limit Break,lose
liga-2x2-online-s2-e1,Liga 2x2 Online S2-E1,2026-04-02,2026-04-02,2026-04,2,1,LUHa84fUOZfzUeo4rVPI#2,Rogério Nascimento,World Shaper,bL2vbeVCrVyyV1MmYgjL#2,Vicente,Turtle Power!,lose
liga-2x2-online-s2-e1,Liga 2x2 Online S2-E1,2026-04-02,2026-04-02,2026-04,2,1,bL2vbeVCrVyyV1MmYgjL#2,Vicente,Turtle Power!,bL2vbeVCrVyyV1MmYgjL#1,Chueiry,Festa dos Planeswalker,win
liga-2x2-online-s2-e1,Liga 2x2 Online S2-E1,2026-04-02,2026-04-02,2026-04,2,1,bL2vbeVCrVyyV1MmYgjL#2,Vicente,Turtle Power!,LUHa84fUOZfzUeo4rVPI#1,Erick,Limit Break,win
liga-2x2-online-s2-e1,Liga 2x2 Online S2-E1,2026-04-02,2026-04-02,2026-04,2,1,bL2vbeVCrVyyV1MmYgjL#2,Vicente,Turtle Power!,LUHa84fUOZfzUeo4rVPI#2,Rogério Nascimento,World Shaper,win
liga-2x2-online-s2-e1,Liga 2x2 Online S2-E1,2026-04-02,2026-04-02,2026-04,2,2,3apYDDvemfpF8HDzcdyC#2,Arthur Sartori,Scions & Spellcraft,oVeKrH0NvjEGxCAA3UKI#2,Jorel,Turtle Power!,draw
liga-2x2-online-s2-e1,Liga 2x2 Online S2-E1,2026-04-02,2026-04-02,2026-04,2,2,3apYDDvemfpF8HDzcdyC#2,Arthur Sartori,Scions & Spellcraft,3apYDDvemfpF8HDzcdyC#1,Marcos Sartori,Festa dos Planeswalker,draw
liga-2x2-online-s2-e1,Liga 2x2 Online S2-E1,2026-04-02,2026-04-02,2026-04,2,2,3apYDDvemfpF8HDzcdyC#2,Arthur Sartori,Scions & Spellcraft,oVeKrH0NvjEGxCAA3UKI#1,Martin,Counter Blitz,draw
liga-2x2-online-s2-e1,Liga 2x2 Online S2-E1,2026-04-02,2026-04-02,2026-04,2,2,oVeKrH0NvjEGxCAA3UKI#2,Jorel,Turtle Power!,3apYDDvemfpF8HDzcdyC#2,Arthur Sartori,Scions & Spellcraft,draw
liga-2x2-online-s2-e1,Liga 2x2 Online S2-E1,2026-04-02,2026-04-02,2026-04,2,2,oVeKrH0NvjEGxCAA3UKI#2,Jorel,Turtle Power!,3apYDDvemfpF8HDzcdyC#1,Marcos Sartori,Festa dos Planeswalker,draw
liga-2x2-online-s2-e1,Liga 2x2 Online S2-E1,2026-04-02,2026-04-02,2026-04,2,2,oVeKrH0NvjEGxCAA3UKI#2,Jorel,Turtle Power!,oVeKrH0NvjEGxCAA3UKI#1,Martin,Counter Blitz,draw
liga-2x2-online-s2-e1,Liga 2x2 Online S2-E1,2026-04-02,2026-04-02,2026-04,2,2,3apYDDvemfpF8HDzcdyC#1,Marcos Sartori,Festa dos Planeswalker,3apYDDvemfpF8HDzcdyC#2,Arthur Sartori,Scions & Spellcraft,draw
liga-2x2-online-s2-e1,Liga 2x2 Online S2-E1,2026-04-02,2026-04-02,2026-04,2,2,3apYDDvemfpF8HDzcdyC#1,Marcos Sartori,Festa dos Planeswalker,oVeKrH0NvjEGxCAA3UKI#2,Jorel,Turtle Power!,draw
liga-2x2-online-s2-e1,Liga 2x2 Online S2-E1,2026-04-02,2026-04-02,2026-04,2,2,3apYDDvemfpF8HDzcdyC#1,Marcos Sartori,Festa dos Planeswalker,oVeKrH0NvjEGxCAA3UKI#1,Martin,Counter Blitz,draw
liga-2x2-online-s2-e1,Liga 2x2 Online S2-E1,2026-04-02,2026-04-02,2026-04,2,2,oVeKrH0NvjEGxCAA3UKI#1,Martin,Counter Blitz,3apYDDvemfpF8HDzcdyC#2,Arthur Sartori,Scions & Spellcraft,draw
liga-2x2-online-s2-e1,Liga 2x2 Online S2-E1,2026-04-02,2026-04-02,2026-04,2,2,oVeKrH0NvjEGxCAA3UKI#1,Martin,Counter Blitz,oVeKrH0NvjEGxCAA3UKI#2,Jorel,Turtle Power!,draw
liga-2x2-online-s2-e1,Liga 2x2 Online S2-E1,2026-04-02,2026-04-02,2026-04,2,2,oVeKrH0NvjEGxCAA3UKI#1,Martin,Counter Blitz,3apYDDvemfpF8HDzcdyC#1,Marcos Sartori,Festa dos Planeswalker,draw
liga-2x2-online-s2-e1,Liga 2x2 Online S2-E1,2026-04-02,2026-04-02,2026-04,2,3,TyPECA8vVCs6dvQfrlzl#1,Boone,Içar Velas,ZoM1O2YPQFYqADGAS7Pk#2,João Marmentini,Virtude e Valor,win
liga-2x2-online-s2-e1,Liga 2x2 Online S2-E1,2026-04-02,2026-04-02,2026-04,2,3,TyPECA8vVCs6dvQfrlzl#1,Boone,Içar Velas,TyPECA8vVCs6dvQfrlzl#2,Reva,"Ave, Caesar",win
liga-2x2-online-s2-e1,Liga 2x2 Online S2-E1,2026-04-02,2026-04-02,2026-04,2,3,TyPECA8vVCs6dvQfrlzl#1,Boone,Içar Velas,ZoM1O2YPQFYqADGAS7Pk#1,Vande,Içar Velas,win
liga-2x2-online-s2-e1,Liga 2x2 Online S2-E1,2026-04-02,2026-04-02,2026-04,2,3,ZoM1O2YPQFYqADGAS7Pk#2,João Marmentini,Virtude e Valor,TyPECA8vVCs6dvQfrlzl#1,Boone,Içar Velas,lose
liga-2x2-online-s2-e1,Liga 2x2 Online S2-E1,2026-04-02,2026-04-02,2026-04,2,3,ZoM1O2YPQFYqADGAS7Pk#2,João Marmentini,Virtude e Valor,TyPECA8vVCs6dvQfrlzl#2,Reva,"Ave, Caesar",lose
liga-2x2-online-s2-e1,Liga 2x2 Online S2-E1,2026-04-02,2026-04-02,2026-04,2,3,ZoM1O2YPQFYqADGAS7Pk#2,João Marmentini,Virtude e Valor,ZoM1O2YPQFYqADGAS7Pk#1,Vande,Içar Velas,lose
liga-2x2-online-s2-e1,Liga 2x2 Online S2-E1,2026-04-02,2026-04-02,2026-04,2,3,TyPECA8vVCs6dvQfrlzl#2,Reva,"Ave, Caesar",TyPECA8vVCs6dvQfrlzl#1,Boone,Içar Velas,win
liga-2x2-online-s2-e1,Liga 2x2 Online S2-E1,2026-04-02,2026-04-02,2026-04,2,3,TyPECA8vVCs6dvQfrlzl#2,Reva,"Ave, Caesar",ZoM1O2YPQFYqADGAS7Pk#2,João Marmentini,Virtude e Valor,win
liga-2x2-online-s2-e1,Liga 2x2 Online S2-E1,2026-04-02,2026-04-02,2026-04,2,3,TyPECA8vVCs6dvQfrlzl#2,Reva,"Ave, Caesar",ZoM1O2YPQFYqADGAS7Pk#1,Vande,Içar Velas,win
liga-2x2-online-s2-e1,Liga 2x2 Online S2-E1,2026-04-02,2026-04-02,2026-04,2,3,ZoM1O2YPQFYqADGAS7Pk#1,Vande,Içar Velas,TyPECA8vVCs6dvQfrlzl#1,Boone,Içar Velas,lose
liga-2x2-online-s2-e1,Liga 2x2 Online S2-E1,2026-04-02,2026-04-02,2026-04,2,3,ZoM1O2YPQFYqADGAS7Pk#1,Vande,Içar Velas,ZoM1O2YPQFYqADGAS7Pk#2,João Marmentini,Virtude e Valor,lose
liga-2x2-online-s2-e1,Liga 2x2 Online S2-E1,2026-04-02,2026-04-02,2026-04,2,3,ZoM1O2YPQFYqADGAS7Pk#1,Vande,Içar Velas,TyPECA8vVCs6dvQfrlzl#2,Reva,"Ave, Caesar",lose
liga-2x2-online-s2-e1,Liga 2x2 Online S2-E1,2026-04-02,2026-04-02,2026-04,3,1,3apYDDvemfpF8HDzcdyC#2,Arthur Sartori,Scions & Spellcraft,bL2vbeVCrVyyV1MmYgjL#1,Chueiry,Festa dos Planeswalker,win
liga-2x2-online-s2-e1,Liga 2x2 Online S2-E1,2026-04-02,2026-04-02,2026-04,3,1,3apYDDvemfpF8HDzcdyC#2,Arthur Sartori,Scions & Spellcraft,3apYDDvemfpF8HDzcdyC#1,Marcos Sartori,Festa dos Planeswalker,win
liga-2x2-online-s2-e1,Liga 2x2 Online S2-E1,2026-04-02,2026-04-02,2026-04,3,1,3apYDDvemfpF8HDzcdyC#2,Arthur Sartori,Scions & Spellcraft,bL2vbeVCrVyyV1MmYgjL#2,Vicente,Turtle Power!,win
liga-2x2-online-s2-e1,Liga 2x2 Online S2-E1,2026-04-02,2026-04-02,2026-04,3,1,bL2vbeVCrVyyV1MmYgjL#1,Chueiry,Festa dos Planeswalker,3apYDDvemfpF8HDzcdyC#2,Arthur Sartori,Scions & Spellcraft,lose
liga-2x2-online-s2-e1,Liga 2x2 Online S2-E1,2026-04-02,2026-04-02,2026-04,3,1,bL2vbeVCrVyyV1MmYgjL#1,Chueiry,Festa dos Planeswalker,3apYDDvemfpF8HDzcdyC#1,Marcos Sartori,Festa dos Planeswalker,lose
liga-2x2-online-s2-e1,Liga 2x2 Online S2-E1,2026-04-02,2026-04-02,2026-04,3,1,bL2vbeVCrVyyV1MmYgjL#1,Chueiry,Festa dos Planeswalker,bL2vbeVCrVyyV1MmYgjL#2,Vicente,Turtle Power!,lose
liga-2x2-online-s2-e1,Liga 2x2 Online S2-E1,2026-04-02,2026-04-02,2026-04,3,1,3apYDDvemfpF8HDzcdyC#1,Marcos Sartori,Festa dos Planeswalker,3apYDDvemfpF8HDzcdyC#2,Arthur Sartori,Scions & Spellcraft,win
liga-2x2-online-s2-e1,Liga 2x2 Online S2-E1,2026-04-02,2026-04-02,2026-04,3,1,3apYDDvemfpF8HDzcdyC#1,Marcos Sartori,Festa dos Planeswalker,bL2vbeVCrVyyV1MmYgjL#1,Chueiry,Festa dos Planeswalker,win
liga-2x2-online-s2-e1,Liga 2x2 Online S2-E1,2026-04-02,2026-04-02,2026-04,3,1,3apYDDvemfpF8HDzcdyC#1,Marcos Sartori,Festa dos Planeswalker,bL2vbeVCrVyyV1MmYgjL#2,Vicente,Turtle Power!,win
liga-2x2-online-s2-e1,Liga 2x2 Online S2-E1,2026-04-02,2026-04-02,2026-04,3,1,bL2vbeVCrVyyV1MmYgjL#2,Vicente,Turtle Power!,3apYDDvemfpF8HDzcdyC#2,Arthur Sartori,Scions & Spellcraft,lose
liga-2x2-online-s2-e1,Liga 2x2 Online S2-E1,2026-04-02,2026-04-02,2026-04,3,1,bL2vbeVCrVyyV1MmYgjL#2,Vicente,Turtle Power!,bL2vbeVCrVyyV1MmYgjL#1,Chueiry,Festa dos Planeswalker,lose
liga-2x2-online-s2-e1,Liga 2x2 Online S2-E1,2026-04-02,2026-04-02,2026-04,3,1,bL2vbeVCrVyyV1MmYgjL#2,Vicente,Turtle Power!,3apYDDvemfpF8HDzcdyC#1,Marcos Sartori,Festa dos Planeswalker,lose
liga-2x2-online-s2-e1,Liga 2x2 Online S2-E1,2026-04-02,2026-04-02,2026-04,3,2,TyPECA8vVCs6dvQfrlzl#1,Boone,Içar Velas,dvyQiXAcsz8GCW8V5Uco#2,Juliano,Virtude e Valor,lose
liga-2x2-online-s2-e1,Liga 2x2 Online S2-E1,2026-04-02,2026-04-02,2026-04,3,2,TyPECA8vVCs6dvQfrlzl#1,Boone,Içar Velas,dvyQiXAcsz8GCW8V5Uco#1,Mateus,Jeskai Striker,lose
liga-2x2-online-s2-e1,Liga 2x2 Online S2-E1,2026-04-02,2026-04-02,2026-04,3,2,TyPECA8vVCs6dvQfrlzl#1,Boone,Içar Velas,TyPECA8vVCs6dvQfrlzl#2,Reva,"Ave, Caesar",lose
liga-2x2-online-s2-e1,Liga 2x2 Online S2-E1,2026-04-02,2026-04-02,2026-04,3,2,dvyQiXAcsz8GCW8V5Uco#2,Juliano,Virtude e Valor,TyPECA8vVCs6dvQfrlzl#1,Boone,Içar Velas,win
liga-2x2-online-s2-e1,Liga 2x2 Online S2-E1,2026-04-02,2026-04-02,2026-04,3,2,dvyQiXAcsz8GCW8V5Uco#2,Juliano,Virtude e Valor,dvyQiXAcsz8GCW8V5Uco#1,Mateus,Jeskai Striker,win
liga-2x2-online-s2-e1,Liga 2x2 Online S2-E1,2026-04-02,2026-04-02,2026-04,3,2,dvyQiXAcsz8GCW8V5Uco#2,Juliano,Virtude e Valor,TyPECA8vVCs6dvQfrlzl#2,Reva,"Ave, Caesar",win
liga-2x2-online-s2-e1,Liga 2x2 Online S2-E1,2026-04-02,2026-04-02,2026-04,3,2,dvyQiXAcsz8GCW8V5Uco#1,Mateus,Jeskai Striker,TyPECA8vVCs6dvQfrlzl#1,Boone,Içar Velas,win
liga-2x2-online-s2-e1,Liga 2x2 Online S2-E1,2026-04-02,2026-04-02,2026-04,3,2,dvyQiXAcsz8GCW8V5Uco#1,Mateus,Jeskai Striker,dvyQiXAcsz8GCW8V5Uco#2,Juliano,Virtude e Valor,win
liga-2x2-online-s2-e1,Liga 2x2 Online S2-E1,2026-04-02,2026-04-02,2026-04,3,2,dvyQiXAcsz8GCW8V5Uco#1,Mateus,Jeskai Striker,TyPECA8vVCs6dvQfrlzl#2,Reva,"Ave, Caesar",win
liga-2x2-online-s2-e1,Liga 2x2 Online S2-E1,2026-04-02,2026-04-02,2026-04,3,2,TyPECA8vVCs6dvQfrlzl#2,Reva,"Ave, Caesar",TyPECA8vVCs6dvQfrlzl#1,Boone,Içar Velas,lose
liga-2x2-online-s2-e1,Liga 2x2 Online S2-E1,2026-04-02,2026-04-02,2026-04,3,2,TyPECA8vVCs6dvQfrlzl#2,Reva,"Ave, Caesar",dvyQiXAcsz8GCW8V5Uco#2,Juliano,Virtude e Valor,lose
liga-2x2-online-s2-e1,Liga 2x2 Online S2-E1,2026-04-02,2026-04-02,2026-04,3,2,TyPECA8vVCs6dvQfrlzl#2,Reva,"Ave, Caesar",dvyQiXAcsz8GCW8V5Uco#1,Mateus,Jeskai Striker,lose
liga-2x2-online-s2-e1,Liga 2x2 Online S2-E1,2026-04-02,2026-04-02,2026-04,3,3,LUHa84fUOZfzUeo4rVPI#1,Erick,Limit Break,oVeKrH0NvjEGxCAA3UKI#2,Jorel,Turtle Power!,draw
liga-2x2-online-s2-e1,Liga 2x2 Online S2-E1,2026-04-02,2026-04-02,2026-04,3,3,LUHa84fUOZfzUeo4rVPI#1,Erick,Limit Break,oVeKrH0NvjEGxCAA3UKI#1,Martin,Counter Blitz,draw
liga-2x2-online-s2-e1,Liga 2x2 Online S2-E1,2026-04-02,2026-04-02,2026-04,3,3,LUHa84fUOZfzUeo4rVPI#1,Erick,Limit Break,LUHa84fUOZfzUeo4rVPI#2,Rogério Nascimento,World Shaper,draw
liga-2x2-online-s2-e1,Liga 2x2 Online S2-E1,2026-04-02,2026-04-02,2026-04,3,3,oVeKrH0NvjEGxCAA3UKI#2,Jorel,Turtle Power!,LUHa84fUOZfzUeo4rVPI#1,Erick,Limit Break,draw
liga-2x2-online-s2-e1,Liga 2x2 Online S2-E1,2026-04-02,2026-04-02,2026-04,3,3,oVeKrH0NvjEGxCAA3UKI#2,Jorel,Turtle Power!,oVeKrH0NvjEGxCAA3UKI#1,Martin,Counter Blitz,draw
liga-2x2-online-s2-e1,Liga 2x2 Online S2-E1,2026-04-02,2026-04-02,2026-04,3,3,oVeKrH0NvjEGxCAA3UKI#2,Jorel,Turtle Power!,LUHa84fUOZfzUeo4rVPI#2,Rogério Nascimento,World Shaper,draw
liga-2x2-online-s2-e1,Liga 2x2 Online S2-E1,2026-04-02,2026-04-02,2026-04,3,3,oVeKrH0NvjEGxCAA3UKI#1,Martin,Counter Blitz,LUHa84fUOZfzUeo4rVPI#1,Erick,Limit Break,draw
liga-2x2-online-s2-e1,Liga 2x2 Online S2-E1,2026-04-02,2026-04-02,2026-04,3,3,oVeKrH0NvjEGxCAA3UKI#1,Martin,Counter Blitz,oVeKrH0NvjEGxCAA3UKI#2,Jorel,Turtle Power!,draw
liga-2x2-online-s2-e1,Liga 2x2 Online S2-E1,2026-04-02,2026-04-02,2026-04,3,3,oVeKrH0NvjEGxCAA3UKI#1,Martin,Counter Blitz,LUHa84fUOZfzUeo4rVPI#2,Rogério Nascimento,World Shaper,draw
liga-2x2-online-s2-e1,Liga 2x2 Online S2-E1,2026-04-02,2026-04-02,2026-04,3,3,LUHa84fUOZfzUeo4rVPI#2,Rogério Nascimento,World Shaper,LUHa84fUOZfzUeo4rVPI#1,Erick,Limit Break,draw
liga-2x2-online-s2-e1,Liga 2x2 Online S2-E1,2026-04-02,2026-04-02,2026-04,3,3,LUHa84fUOZfzUeo4rVPI#2,Rogério Nascimento,World Shaper,oVeKrH0NvjEGxCAA3UKI#2,Jorel,Turtle Power!,draw
liga-2x2-online-s2-e1,Liga 2x2 Online S2-E1,2026-04-02,2026-04-02,2026-04,3,3,LUHa84fUOZfzUeo4rVPI#2,Rogério Nascimento,World Shaper,oVeKrH0NvjEGxCAA3UKI#1,Martin,Counter Blitz,draw
liga-2x2-online-s2-e2,Liga 2x2 Online S2-E2,2026-04-16,2026-04-16,2026-04,1,1,07kh34H4VNbdVRCR5YhA#2,Borini,Abzan Armor,H7FK6fNs1O1UYHNBS6tD#2,Jorel,Domínio das Fadinas,win
liga-2x2-online-s2-e2,Liga 2x2 Online S2-E2,2026-04-16,2026-04-16,2026-04,1,1,07kh34H4VNbdVRCR5YhA#2,Borini,Abzan Armor,H7FK6fNs1O1UYHNBS6tD#1,Martin,Jeskai Striker,win
liga-2x2-online-s2-e2,Liga 2x2 Online S2-E2,2026-04-16,2026-04-16,2026-04,1,1,07kh34H4VNbdVRCR5YhA#2,Borini,Abzan Armor,07kh34H4VNbdVRCR5YhA#1,Vicente,Jeskai Striker,win
liga-2x2-online-s2-e2,Liga 2x2 Online S2-E2,2026-04-16,2026-04-16,2026-04,1,1,H7FK6fNs1O1UYHNBS6tD#2,Jorel,Domínio das Fadinas,07kh34H4VNbdVRCR5YhA#2,Borini,Abzan Armor,lose
liga-2x2-online-s2-e2,Liga 2x2 Online S2-E2,2026-04-16,2026-04-16,2026-04,1,1,H7FK6fNs1O1UYHNBS6tD#2,Jorel,Domínio das Fadinas,H7FK6fNs1O1UYHNBS6tD#1,Martin,Jeskai Striker,lose
liga-2x2-online-s2-e2,Liga 2x2 Online S2-E2,2026-04-16,2026-04-16,2026-04,1,1,H7FK6fNs1O1UYHNBS6tD#2,Jorel,Domínio das Fadinas,07kh34H4VNbdVRCR5YhA#1,Vicente,Jeskai Striker,lose
liga-2x2-online-s2-e2,Liga 2x2 Online S2-E2,2026-04-16,2026-04-16,2026-04,1,1,H7FK6fNs1O1UYHNBS6tD#1,Martin,Jeskai Striker,07kh34H4VNbdVRCR5YhA#2,Borini,Abzan Armor,lose
liga-2x2-online-s2-e2,Liga 2x2 Online S2-E2,2026-04-16,2026-04-16,2026-04,1,1,H7FK6fNs1O1UYHNBS6tD#1,Martin,Jeskai Striker,H7FK6fNs1O1UYHNBS6tD#2,Jorel,Domínio das Fadinas,lose
liga-2x2-online-s2-e2,Liga 2x2 Online S2-E2,2026-04-16,2026-04-16,2026-04,1,1,H7FK6fNs1O1UYHNBS6tD#1,Martin,Jeskai Striker,07kh34H4VNbdVRCR5YhA#1,Vicente,Jeskai Striker,lose
liga-2x2-online-s2-e2,Liga 2x2 Online S2-E2,2026-04-16,2026-04-16,2026-04,1,1,07kh34H4VNbdVRCR5YhA#1,Vicente,Jeskai Striker,07kh34H4VNbdVRCR5YhA#2,Borini,Abzan Armor,win
liga-2x2-online-s2-e2,Liga 2x2 Online S2-E2,2026-04-16,2026-04-16,2026-04,1,1,07kh34H4VNbdVRCR5YhA#1,Vicente,Jeskai Striker,H7FK6fNs1O1UYHNBS6tD#2,Jorel,Domínio das Fadinas,win
liga-2x2-online-s2-e2,Liga 2x2 Online S2-E2,2026-04-16,2026-04-16,2026-04,1,1,07kh34H4VNbdVRCR5YhA#1,Vicente,Jeskai Striker,H7FK6fNs1O1UYHNBS6tD#1,Martin,Jeskai Striker,win
liga-2x2-online-s2-e2,Liga 2x2 Online S2-E2,2026-04-16,2026-04-16,2026-04,1,2,uVQgHlyTUJzaqa3pNYow#1,Bells,Virtude e Valor,VTTYN2ZYZyKap8tRNvsK#1,Elder Mancini,Counter Blitz,win
liga-2x2-online-s2-e2,Liga 2x2 Online S2-E2,2026-04-16,2026-04-16,2026-04,1,2,uVQgHlyTUJzaqa3pNYow#1,Bells,Virtude e Valor,VTTYN2ZYZyKap8tRNvsK#2,Glaicon,Enxame Tiranídeo,win
liga-2x2-online-s2-e2,Liga 2x2 Online S2-E2,2026-04-16,2026-04-16,2026-04,1,2,uVQgHlyTUJzaqa3pNYow#1,Bells,Virtude e Valor,uVQgHlyTUJzaqa3pNYow#2,Greowtty,Masters of Evil,win
liga-2x2-online-s2-e2,Liga 2x2 Online S2-E2,2026-04-16,2026-04-16,2026-04,1,2,VTTYN2ZYZyKap8tRNvsK#1,Elder Mancini,Counter Blitz,uVQgHlyTUJzaqa3pNYow#1,Bells,Virtude e Valor,lose
liga-2x2-online-s2-e2,Liga 2x2 Online S2-E2,2026-04-16,2026-04-16,2026-04,1,2,VTTYN2ZYZyKap8tRNvsK#1,Elder Mancini,Counter Blitz,VTTYN2ZYZyKap8tRNvsK#2,Glaicon,Enxame Tiranídeo,lose
liga-2x2-online-s2-e2,Liga 2x2 Online S2-E2,2026-04-16,2026-04-16,2026-04,1,2,VTTYN2ZYZyKap8tRNvsK#1,Elder Mancini,Counter Blitz,uVQgHlyTUJzaqa3pNYow#2,Greowtty,Masters of Evil,lose
liga-2x2-online-s2-e2,Liga 2x2 Online S2-E2,2026-04-16,2026-04-16,2026-04,1,2,VTTYN2ZYZyKap8tRNvsK#2,Glaicon,Enxame Tiranídeo,uVQgHlyTUJzaqa3pNYow#1,Bells,Virtude e Valor,lose
liga-2x2-online-s2-e2,Liga 2x2 Online S2-E2,2026-04-16,2026-04-16,2026-04,1,2,VTTYN2ZYZyKap8tRNvsK#2,Glaicon,Enxame Tiranídeo,VTTYN2ZYZyKap8tRNvsK#1,Elder Mancini,Counter Blitz,lose
liga-2x2-online-s2-e2,Liga 2x2 Online S2-E2,2026-04-16,2026-04-16,2026-04,1,2,VTTYN2ZYZyKap8tRNvsK#2,Glaicon,Enxame Tiranídeo,uVQgHlyTUJzaqa3pNYow#2,Greowtty,Masters of Evil,lose
liga-2x2-online-s2-e2,Liga 2x2 Online S2-E2,2026-04-16,2026-04-16,2026-04,1,2,uVQgHlyTUJzaqa3pNYow#2,Greowtty,Masters of Evil,uVQgHlyTUJzaqa3pNYow#1,Bells,Virtude e Valor,win
liga-2x2-online-s2-e2,Liga 2x2 Online S2-E2,2026-04-16,2026-04-16,2026-04,1,2,uVQgHlyTUJzaqa3pNYow#2,Greowtty,Masters of Evil,VTTYN2ZYZyKap8tRNvsK#1,Elder Mancini,Counter Blitz,win
liga-2x2-online-s2-e2,Liga 2x2 Online S2-E2,2026-04-16,2026-04-16,2026-04,1,2,uVQgHlyTUJzaqa3pNYow#2,Greowtty,Masters of Evil,VTTYN2ZYZyKap8tRNvsK#2,Glaicon,Enxame Tiranídeo,win
liga-2x2-online-s2-e2,Liga 2x2 Online S2-E2,2026-04-16,2026-04-16,2026-04,1,3,EHHlAKScWZwxtGssvJKa#2,Arthur Sartori,Scions & Spellcraft,dfvS2rVaI1VaCpusXnKm#2,Juliano,Içar Velas,draw
liga-2x2-online-s2-e2,Liga 2x2 Online S2-E2,2026-04-16,2026-04-16,2026-04,1,3,EHHlAKScWZwxtGssvJKa#2,Arthur Sartori,Scions & Spellcraft,EHHlAKScWZwxtGssvJKa#1,Marcos Sartori,Festa dos Planeswalker,draw
liga-2x2-online-s2-e2,Liga 2x2 Online S2-E2,2026-04-16,2026-04-16,2026-04,1,3,EHHlAKScWZwxtGssvJKa#2,Arthur Sartori,Scions & Spellcraft,dfvS2rVaI1VaCpusXnKm#1,Mateus,Jeskai Striker,draw
liga-2x2-online-s2-e2,Liga 2x2 Online S2-E2,2026-04-16,2026-04-16,2026-04,1,3,dfvS2rVaI1VaCpusXnKm#2,Juliano,Içar Velas,EHHlAKScWZwxtGssvJKa#2,Arthur Sartori,Scions & Spellcraft,draw
liga-2x2-online-s2-e2,Liga 2x2 Online S2-E2,2026-04-16,2026-04-16,2026-04,1,3,dfvS2rVaI1VaCpusXnKm#2,Juliano,Içar Velas,EHHlAKScWZwxtGssvJKa#1,Marcos Sartori,Festa dos Planeswalker,draw
liga-2x2-online-s2-e2,Liga 2x2 Online S2-E2,2026-04-16,2026-04-16,2026-04,1,3,dfvS2rVaI1VaCpusXnKm#2,Juliano,Içar Velas,dfvS2rVaI1VaCpusXnKm#1,Mateus,Jeskai Striker,draw
liga-2x2-online-s2-e2,Liga 2x2 Online S2-E2,2026-04-16,2026-04-16,2026-04,1,3,EHHlAKScWZwxtGssvJKa#1,Marcos Sartori,Festa dos Planeswalker,EHHlAKScWZwxtGssvJKa#2,Arthur Sartori,Scions & Spellcraft,draw
liga-2x2-online-s2-e2,Liga 2x2 Online S2-E2,2026-04-16,2026-04-16,2026-04,1,3,EHHlAKScWZwxtGssvJKa#1,Marcos Sartori,Festa dos Planeswalker,dfvS2rVaI1VaCpusXnKm#2,Juliano,Içar Velas,draw
liga-2x2-online-s2-e2,Liga 2x2 Online S2-E2,2026-04-16,2026-04-16,2026-04,1,3,EHHlAKScWZwxtGssvJKa#1,Marcos Sartori,Festa dos Planeswalker,dfvS2rVaI1VaCpusXnKm#1,Mateus,Jeskai Striker,draw
liga-2x2-online-s2-e2,Liga 2x2 Online S2-E2,2026-04-16,2026-04-16,2026-04,1,3,dfvS2rVaI1VaCpusXnKm#1,Mateus,Jeskai Striker,EHHlAKScWZwxtGssvJKa#2,Arthur Sartori,Scions & Spellcraft,draw
liga-2x2-online-s2-e2,Liga 2x2 Online S2-E2,2026-04-16,2026-04-16,2026-04,1,3,dfvS2rVaI1VaCpusXnKm#1,Mateus,Jeskai Striker,dfvS2rVaI1VaCpusXnKm#2,Juliano,Içar Velas,draw
liga-2x2-online-s2-e2,Liga 2x2 Online S2-E2,2026-04-16,2026-04-16,2026-04,1,3,dfvS2rVaI1VaCpusXnKm#1,Mateus,Jeskai Striker,EHHlAKScWZwxtGssvJKa#1,Marcos Sartori,Festa dos Planeswalker,draw
liga-2x2-online-s2-e2,Liga 2x2 Online S2-E2,2026-04-16,2026-04-16,2026-04,1,4,fDKqnqxvd58h9xxnQj1i#2,Carlos,Saída do Exílio,fDKqnqxvd58h9xxnQj1i#1,Cássio,Animated Army,draw
liga-2x2-online-s2-e2,Liga 2x2 Online S2-E2,2026-04-16,2026-04-16,2026-04,1,4,fDKqnqxvd58h9xxnQj1i#2,Carlos,Saída do Exílio,hTFaYhrdnAIdUq0dkTaV#2,Rafael Mendes,Turtle Power!,draw
liga-2x2-online-s2-e2,Liga 2x2 Online S2-E2,2026-04-16,2026-04-16,2026-04,1,4,fDKqnqxvd58h9xxnQj1i#2,Carlos,Saída do Exílio,hTFaYhrdnAIdUq0dkTaV#1,Rogério Nascimento,World Shaper,draw
liga-2x2-online-s2-e2,Liga 2x2 Online S2-E2,2026-04-16,2026-04-16,2026-04,1,4,fDKqnqxvd58h9xxnQj1i#1,Cássio,Animated Army,fDKqnqxvd58h9xxnQj1i#2,Carlos,Saída do Exílio,draw
liga-2x2-online-s2-e2,Liga 2x2 Online S2-E2,2026-04-16,2026-04-16,2026-04,1,4,fDKqnqxvd58h9xxnQj1i#1,Cássio,Animated Army,hTFaYhrdnAIdUq0dkTaV#2,Rafael Mendes,Turtle Power!,draw
liga-2x2-online-s2-e2,Liga 2x2 Online S2-E2,2026-04-16,2026-04-16,2026-04,1,4,fDKqnqxvd58h9xxnQj1i#1,Cássio,Animated Army,hTFaYhrdnAIdUq0dkTaV#1,Rogério Nascimento,World Shaper,draw
liga-2x2-online-s2-e2,Liga 2x2 Online S2-E2,2026-04-16,2026-04-16,2026-04,1,4,hTFaYhrdnAIdUq0dkTaV#2,Rafael Mendes,Turtle Power!,fDKqnqxvd58h9xxnQj1i#2,Carlos,Saída do Exílio,draw
liga-2x2-online-s2-e2,Liga 2x2 Online S2-E2,2026-04-16,2026-04-16,2026-04,1,4,hTFaYhrdnAIdUq0dkTaV#2,Rafael Mendes,Turtle Power!,fDKqnqxvd58h9xxnQj1i#1,Cássio,Animated Army,draw
liga-2x2-online-s2-e2,Liga 2x2 Online S2-E2,2026-04-16,2026-04-16,2026-04,1,4,hTFaYhrdnAIdUq0dkTaV#2,Rafael Mendes,Turtle Power!,hTFaYhrdnAIdUq0dkTaV#1,Rogério Nascimento,World Shaper,draw
liga-2x2-online-s2-e2,Liga 2x2 Online S2-E2,2026-04-16,2026-04-16,2026-04,1,4,hTFaYhrdnAIdUq0dkTaV#1,Rogério Nascimento,World Shaper,fDKqnqxvd58h9xxnQj1i#2,Carlos,Saída do Exílio,draw
liga-2x2-online-s2-e2,Liga 2x2 Online S2-E2,2026-04-16,2026-04-16,2026-04,1,4,hTFaYhrdnAIdUq0dkTaV#1,Rogério Nascimento,World Shaper,fDKqnqxvd58h9xxnQj1i#1,Cássio,Animated Army,draw
liga-2x2-online-s2-e2,Liga 2x2 Online S2-E2,2026-04-16,2026-04-16,2026-04,1,4,hTFaYhrdnAIdUq0dkTaV#1,Rogério Nascimento,World Shaper,hTFaYhrdnAIdUq0dkTaV#2,Rafael Mendes,Turtle Power!,draw
liga-2x2-online-s2-e2,Liga 2x2 Online S2-E2,2026-04-16,2026-04-16,2026-04,1,5,uoOIh0uZzl4mzJadSQ2E#2,Gustavo Dias,Temur Roar,vqVSkFLMa14B0Y0okDfV#2,João Marmentini,Squirreled Away,win
liga-2x2-online-s2-e2,Liga 2x2 Online S2-E2,2026-04-16,2026-04-16,2026-04,1,5,uoOIh0uZzl4mzJadSQ2E#2,Gustavo Dias,Temur Roar,uoOIh0uZzl4mzJadSQ2E#1,Reva,"Ave, Caesar",win
liga-2x2-online-s2-e2,Liga 2x2 Online S2-E2,2026-04-16,2026-04-16,2026-04,1,5,uoOIh0uZzl4mzJadSQ2E#2,Gustavo Dias,Temur Roar,vqVSkFLMa14B0Y0okDfV#1,Vande,Endless Punishment,win
liga-2x2-online-s2-e2,Liga 2x2 Online S2-E2,2026-04-16,2026-04-16,2026-04,1,5,vqVSkFLMa14B0Y0okDfV#2,João Marmentini,Squirreled Away,uoOIh0uZzl4mzJadSQ2E#2,Gustavo Dias,Temur Roar,lose
liga-2x2-online-s2-e2,Liga 2x2 Online S2-E2,2026-04-16,2026-04-16,2026-04,1,5,vqVSkFLMa14B0Y0okDfV#2,João Marmentini,Squirreled Away,uoOIh0uZzl4mzJadSQ2E#1,Reva,"Ave, Caesar",lose
liga-2x2-online-s2-e2,Liga 2x2 Online S2-E2,2026-04-16,2026-04-16,2026-04,1,5,vqVSkFLMa14B0Y0okDfV#2,João Marmentini,Squirreled Away,vqVSkFLMa14B0Y0okDfV#1,Vande,Endless Punishment,lose
liga-2x2-online-s2-e2,Liga 2x2 Online S2-E2,2026-04-16,2026-04-16,2026-04,1,5,uoOIh0uZzl4mzJadSQ2E#1,Reva,"Ave, Caesar",uoOIh0uZzl4mzJadSQ2E#2,Gustavo Dias,Temur Roar,win
liga-2x2-online-s2-e2,Liga 2x2 Online S2-E2,2026-04-16,2026-04-16,2026-04,1,5,uoOIh0uZzl4mzJadSQ2E#1,Reva,"Ave, Caesar",vqVSkFLMa14B0Y0okDfV#2,João Marmentini,Squirreled Away,win
liga-2x2-online-s2-e2,Liga 2x2 Online S2-E2,2026-04-16,2026-04-16,2026-04,1,5,uoOIh0uZzl4mzJadSQ2E#1,Reva,"Ave, Caesar",vqVSkFLMa14B0Y0okDfV#1,Vande,Endless Punishment,win
liga-2x2-online-s2-e2,Liga 2x2 Online S2-E2,2026-04-16,2026-04-16,2026-04,1,5,vqVSkFLMa14B0Y0okDfV#1,Vande,Endless Punishment,uoOIh0uZzl4mzJadSQ2E#2,Gustavo Dias,Temur Roar,lose
liga-2x2-online-s2-e2,Liga 2x2 Online S2-E2,2026-04-16,2026-04-16,2026-04,1,5,vqVSkFLMa14B0Y0okDfV#1,Vande,Endless Punishment,vqVSkFLMa14B0Y0okDfV#2,João Marmentini,Squirreled Away,lose
liga-2x2-online-s2-e2,Liga 2x2 Online S2-E2,2026-04-16,2026-04-16,2026-04,1,5,vqVSkFLMa14B0Y0okDfV#1,Vande,Endless Punishment,uoOIh0uZzl4mzJadSQ2E#1,Reva,"Ave, Caesar",lose
liga-2x2-online-s2-e2,Liga 2x2 Online S2-E2,2026-04-16,2026-04-16,2026-04,2,1,uVQgHlyTUJzaqa3pNYow#1,Bells,Virtude e Valor,07kh34H4VNbdVRCR5YhA#2,Borini,Abzan Armor,draw
liga-2x2-online-s2-e2,Liga 2x2 Online S2-E2,2026-04-16,2026-04-16,2026-04,2,1,uVQgHlyTUJzaqa3pNYow#1,Bells,Virtude e Valor,uVQgHlyTUJzaqa3pNYow#2,Greowtty,Masters of Evil,draw
liga-2x2-online-s2-e2,Liga 2x2 Online S2-E2,2026-04-16,2026-04-16,2026-04,2,1,uVQgHlyTUJzaqa3pNYow#1,Bells,Virtude e Valor,07kh34H4VNbdVRCR5YhA#1,Vicente,Jeskai Striker,draw
liga-2x2-online-s2-e2,Liga 2x2 Online S2-E2,2026-04-16,2026-04-16,2026-04,2,1,07kh34H4VNbdVRCR5YhA#2,Borini,Abzan Armor,uVQgHlyTUJzaqa3pNYow#1,Bells,Virtude e Valor,draw
liga-2x2-online-s2-e2,Liga 2x2 Online S2-E2,2026-04-16,2026-04-16,2026-04,2,1,07kh34H4VNbdVRCR5YhA#2,Borini,Abzan Armor,uVQgHlyTUJzaqa3pNYow#2,Greowtty,Masters of Evil,draw
liga-2x2-online-s2-e2,Liga 2x2 Online S2-E2,2026-04-16,2026-04-16,2026-04,2,1,07kh34H4VNbdVRCR5YhA#2,Borini,Abzan Armor,07kh34H4VNbdVRCR5YhA#1,Vicente,Jeskai Striker,draw
liga-2x2-online-s2-e2,Liga 2x2 Online S2-E2,2026-04-16,2026-04-16,2026-04,2,1,uVQgHlyTUJzaqa3pNYow#2,Greowtty,Masters of Evil,uVQgHlyTUJzaqa3pNYow#1,Bells,Virtude e Valor,draw
liga-2x2-online-s2-e2,Liga 2x2 Online S2-E2,2026-04-16,2026-04-16,2026-04,2,1,uVQgHlyTUJzaqa3pNYow#2,Greowtty,Masters of Evil,07kh34H4VNbdVRCR5YhA#2,Borini,Abzan Armor,draw
liga-2x2-online-s2-e2,Liga 2x2 Online S2-E2,2026-04-16,2026-04-16,2026-04,2,1,uVQgHlyTUJzaqa3pNYow#2,Greowtty,Masters of Evil,07kh34H4VNbdVRCR5YhA#1,Vicente,Jeskai Striker,draw
liga-2x2-online-s2-e2,Liga 2x2 Online S2-E2,2026-04-16,2026-04-16,2026-04,2,1,07kh34H4VNbdVRCR5YhA#1,Vicente,Jeskai Striker,uVQgHlyTUJzaqa3pNYow#1,Bells,Virtude e Valor,draw
liga-2x2-online-s2-e2,Liga 2x2 Online S2-E2,2026-04-16,2026-04-16,2026-04,2,1,07kh34H4VNbdVRCR5YhA#1,Vicente,Jeskai Striker,07kh34H4VNbdVRCR5YhA#2,Borini,Abzan Armor,draw
liga-2x2-online-s2-e2,Liga 2x2 Online S2-E2,2026-04-16,2026-04-16,2026-04,2,1,07kh34H4VNbdVRCR5YhA#1,Vicente,Jeskai Striker,uVQgHlyTUJzaqa3pNYow#2,Greowtty,Masters of Evil,draw
liga-2x2-online-s2-e2,Liga 2x2 Online S2-E2,2026-04-16,2026-04-16,2026-04,2,2,EkZtAKdOhB9PpT1PNxsq#1,Bauer,Scions & Spellcraft,uoOIh0uZzl4mzJadSQ2E#2,Gustavo Dias,Temur Roar,win
liga-2x2-online-s2-e2,Liga 2x2 Online S2-E2,2026-04-16,2026-04-16,2026-04,2,2,EkZtAKdOhB9PpT1PNxsq#1,Bauer,Scions & Spellcraft,EkZtAKdOhB9PpT1PNxsq#2,Langa,Içar Velas,win
liga-2x2-online-s2-e2,Liga 2x2 Online S2-E2,2026-04-16,2026-04-16,2026-04,2,2,EkZtAKdOhB9PpT1PNxsq#1,Bauer,Scions & Spellcraft,uoOIh0uZzl4mzJadSQ2E#1,Reva,"Ave, Caesar",win
liga-2x2-online-s2-e2,Liga 2x2 Online S2-E2,2026-04-16,2026-04-16,2026-04,2,2,uoOIh0uZzl4mzJadSQ2E#2,Gustavo Dias,Temur Roar,EkZtAKdOhB9PpT1PNxsq#1,Bauer,Scions & Spellcraft,lose
liga-2x2-online-s2-e2,Liga 2x2 Online S2-E2,2026-04-16,2026-04-16,2026-04,2,2,uoOIh0uZzl4mzJadSQ2E#2,Gustavo Dias,Temur Roar,EkZtAKdOhB9PpT1PNxsq#2,Langa,Içar Velas,lose
liga-2x2-online-s2-e2,Liga 2x2 Online S2-E2,2026-04-16,2026-04-16,2026-04,2,2,uoOIh0uZzl4mzJadSQ2E#2,Gustavo Dias,Temur Roar,uoOIh0uZzl4mzJadSQ2E#1,Reva,"Ave, Caesar",lose
liga-2x2-online-s2-e2,Liga 2x2 Online S2-E2,2026-04-16,2026-04-16,2026-04,2,2,EkZtAKdOhB9PpT1PNxsq#2,Langa,Içar Velas,EkZtAKdOhB9PpT1PNxsq#1,Bauer,Scions & Spellcraft,win
liga-2x2-online-s2-e2,Liga 2x2 Online S2-E2,2026-04-16,2026-04-16,2026-04,2,2,EkZtAKdOhB9PpT1PNxsq#2,Langa,Içar Velas,uoOIh0uZzl4mzJadSQ2E#2,Gustavo Dias,Temur Roar,win
liga-2x2-online-s2-e2,Liga 2x2 Online S2-E2,2026-04-16,2026-04-16,2026-04,2,2,EkZtAKdOhB9PpT1PNxsq#2,Langa,Içar Velas,uoOIh0uZzl4mzJadSQ2E#1,Reva,"Ave, Caesar",win
liga-2x2-online-s2-e2,Liga 2x2 Online S2-E2,2026-04-16,2026-04-16,2026-04,2,2,uoOIh0uZzl4mzJadSQ2E#1,Reva,"Ave, Caesar",EkZtAKdOhB9PpT1PNxsq#1,Bauer,Scions & Spellcraft,lose
liga-2x2-online-s2-e2,Liga 2x2 Online S2-E2,2026-04-16,2026-04-16,2026-04,2,2,uoOIh0uZzl4mzJadSQ2E#1,Reva,"Ave, Caesar",uoOIh0uZzl4mzJadSQ2E#2,Gustavo Dias,Temur Roar,lose
liga-2x2-online-s2-e2,Liga 2x2 Online S2-E2,2026-04-16,2026-04-16,2026-04,2,2,uoOIh0uZzl4mzJadSQ2E#1,Reva,"Ave, Caesar",EkZtAKdOhB9PpT1PNxsq#2,Langa,Içar Velas,lose
liga-2x2-online-s2-e2,Liga 2x2 Online S2-E2,2026-04-16,2026-04-16,2026-04,2,3,EHHlAKScWZwxtGssvJKa#2,Arthur Sartori,Scions & Spellcraft,EHHlAKScWZwxtGssvJKa#1,Marcos Sartori,Festa dos Planeswalker,win
liga-2x2-online-s2-e2,Liga 2x2 Online S2-E2,2026-04-16,2026-04-16,2026-04,2,3,EHHlAKScWZwxtGssvJKa#2,Arthur Sartori,Scions & Spellcraft,hTFaYhrdnAIdUq0dkTaV#2,Rafael Mendes,Turtle Power!,win
liga-2x2-online-s2-e2,Liga 2x2 Online S2-E2,2026-04-16,2026-04-16,2026-04,2,3,EHHlAKScWZwxtGssvJKa#2,Arthur Sartori,Scions & Spellcraft,hTFaYhrdnAIdUq0dkTaV#1,Rogério Nascimento,World Shaper,win
liga-2x2-online-s2-e2,Liga 2x2 Online S2-E2,2026-04-16,2026-04-16,2026-04,2,3,EHHlAKScWZwxtGssvJKa#1,Marcos Sartori,Festa dos Planeswalker,EHHlAKScWZwxtGssvJKa#2,Arthur Sartori,Scions & Spellcraft,win
liga-2x2-online-s2-e2,Liga 2x2 Online S2-E2,2026-04-16,2026-04-16,2026-04,2,3,EHHlAKScWZwxtGssvJKa#1,Marcos Sartori,Festa dos Planeswalker,hTFaYhrdnAIdUq0dkTaV#2,Rafael Mendes,Turtle Power!,win
liga-2x2-online-s2-e2,Liga 2x2 Online S2-E2,2026-04-16,2026-04-16,2026-04,2,3,EHHlAKScWZwxtGssvJKa#1,Marcos Sartori,Festa dos Planeswalker,hTFaYhrdnAIdUq0dkTaV#1,Rogério Nascimento,World Shaper,win
liga-2x2-online-s2-e2,Liga 2x2 Online S2-E2,2026-04-16,2026-04-16,2026-04,2,3,hTFaYhrdnAIdUq0dkTaV#2,Rafael Mendes,Turtle Power!,EHHlAKScWZwxtGssvJKa#2,Arthur Sartori,Scions & Spellcraft,lose
liga-2x2-online-s2-e2,Liga 2x2 Online S2-E2,2026-04-16,2026-04-16,2026-04,2,3,hTFaYhrdnAIdUq0dkTaV#2,Rafael Mendes,Turtle Power!,EHHlAKScWZwxtGssvJKa#1,Marcos Sartori,Festa dos Planeswalker,lose
liga-2x2-online-s2-e2,Liga 2x2 Online S2-E2,2026-04-16,2026-04-16,2026-04,2,3,hTFaYhrdnAIdUq0dkTaV#2,Rafael Mendes,Turtle Power!,hTFaYhrdnAIdUq0dkTaV#1,Rogério Nascimento,World Shaper,lose
liga-2x2-online-s2-e2,Liga 2x2 Online S2-E2,2026-04-16,2026-04-16,2026-04,2,3,hTFaYhrdnAIdUq0dkTaV#1,Rogério Nascimento,World Shaper,EHHlAKScWZwxtGssvJKa#2,Arthur Sartori,Scions & Spellcraft,lose
liga-2x2-online-s2-e2,Liga 2x2 Online S2-E2,2026-04-16,2026-04-16,2026-04,2,3,hTFaYhrdnAIdUq0dkTaV#1,Rogério Nascimento,World Shaper,EHHlAKScWZwxtGssvJKa#1,Marcos Sartori,Festa dos Planeswalker,lose
liga-2x2-online-s2-e2,Liga 2x2 Online S2-E2,2026-04-16,2026-04-16,2026-04,2,3,hTFaYhrdnAIdUq0dkTaV#1,Rogério Nascimento,World Shaper,hTFaYhrdnAIdUq0dkTaV#2,Rafael Mendes,Turtle Power!,lose
liga-2x2-online-s2-e2,Liga 2x2 Online S2-E2,2026-04-16,2026-04-16,2026-04,2,4,fDKqnqxvd58h9xxnQj1i#2,Carlos,Saída do Exílio,fDKqnqxvd58h9xxnQj1i#1,Cássio,Animated Army,win
liga-2x2-online-s2-e2,Liga 2x2 Online S2-E2,2026-04-16,2026-04-16,2026-04,2,4,fDKqnqxvd58h9xxnQj1i#2,Carlos,Saída do Exílio,dfvS2rVaI1VaCpusXnKm#2,Juliano,Içar Velas,win
liga-2x2-online-s2-e2,Liga 2x2 Online S2-E2,2026-04-16,2026-04-16,2026-04,2,4,fDKqnqxvd58h9xxnQj1i#2,Carlos,Saída do Exílio,dfvS2rVaI1VaCpusXnKm#1,Mateus,Jeskai Striker,win
liga-2x2-online-s2-e2,Liga 2x2 Online S2-E2,2026-04-16,2026-04-16,2026-04,2,4,fDKqnqxvd58h9xxnQj1i#1,Cássio,Animated Army,fDKqnqxvd58h9xxnQj1i#2,Carlos,Saída do Exílio,win
liga-2x2-online-s2-e2,Liga 2x2 Online S2-E2,2026-04-16,2026-04-16,2026-04,2,4,fDKqnqxvd58h9xxnQj1i#1,Cássio,Animated Army,dfvS2rVaI1VaCpusXnKm#2,Juliano,Içar Velas,win
liga-2x2-online-s2-e2,Liga 2x2 Online S2-E2,2026-04-16,2026-04-16,2026-04,2,4,fDKqnqxvd58h9xxnQj1i#1,Cássio,Animated Army,dfvS2rVaI1VaCpusXnKm#1,Mateus,Jeskai Striker,win
liga-2x2-online-s2-e2,Liga 2x2 Online S2-E2,2026-04-16,2026-04-16,2026-04,2,4,dfvS2rVaI1VaCpusXnKm#2,Juliano,Içar Velas,fDKqnqxvd58h9xxnQj1i#2,Carlos,Saída do Exílio,lose
liga-2x2-online-s2-e2,Liga 2x2 Online S2-E2,2026-04-16,2026-04-16,2026-04,2,4,dfvS2rVaI1VaCpusXnKm#2,Juliano,Içar Velas,fDKqnqxvd58h9xxnQj1i#1,Cássio,Animated Army,lose
liga-2x2-online-s2-e2,Liga 2x2 Online S2-E2,2026-04-16,2026-04-16,2026-04,2,4,dfvS2rVaI1VaCpusXnKm#2,Juliano,Içar Velas,dfvS2rVaI1VaCpusXnKm#1,Mateus,Jeskai Striker,lose
liga-2x2-online-s2-e2,Liga 2x2 Online S2-E2,2026-04-16,2026-04-16,2026-04,2,4,dfvS2rVaI1VaCpusXnKm#1,Mateus,Jeskai Striker,fDKqnqxvd58h9xxnQj1i#2,Carlos,Saída do Exílio,lose
liga-2x2-online-s2-e2,Liga 2x2 Online S2-E2,2026-04-16,2026-04-16,2026-04,2,4,dfvS2rVaI1VaCpusXnKm#1,Mateus,Jeskai Striker,fDKqnqxvd58h9xxnQj1i#1,Cássio,Animated Army,lose
liga-2x2-online-s2-e2,Liga 2x2 Online S2-E2,2026-04-16,2026-04-16,2026-04,2,4,dfvS2rVaI1VaCpusXnKm#1,Mateus,Jeskai Striker,dfvS2rVaI1VaCpusXnKm#2,Juliano,Içar Velas,lose
liga-2x2-online-s2-e2,Liga 2x2 Online S2-E2,2026-04-16,2026-04-16,2026-04,2,5,H7FK6fNs1O1UYHNBS6tD#2,Jorel,Domínio das Fadinas,vqVSkFLMa14B0Y0okDfV#2,João Marmentini,Squirreled Away,win
liga-2x2-online-s2-e2,Liga 2x2 Online S2-E2,2026-04-16,2026-04-16,2026-04,2,5,H7FK6fNs1O1UYHNBS6tD#2,Jorel,Domínio das Fadinas,H7FK6fNs1O1UYHNBS6tD#1,Martin,Jeskai Striker,win
liga-2x2-online-s2-e2,Liga 2x2 Online S2-E2,2026-04-16,2026-04-16,2026-04,2,5,H7FK6fNs1O1UYHNBS6tD#2,Jorel,Domínio das Fadinas,vqVSkFLMa14B0Y0okDfV#1,Vande,Endless Punishment,win
liga-2x2-online-s2-e2,Liga 2x2 Online S2-E2,2026-04-16,2026-04-16,2026-04,2,5,vqVSkFLMa14B0Y0okDfV#2,João Marmentini,Squirreled Away,H7FK6fNs1O1UYHNBS6tD#2,Jorel,Domínio das Fadinas,lose
liga-2x2-online-s2-e2,Liga 2x2 Online S2-E2,2026-04-16,2026-04-16,2026-04,2,5,vqVSkFLMa14B0Y0okDfV#2,João Marmentini,Squirreled Away,H7FK6fNs1O1UYHNBS6tD#1,Martin,Jeskai Striker,lose
liga-2x2-online-s2-e2,Liga 2x2 Online S2-E2,2026-04-16,2026-04-16,2026-04,2,5,vqVSkFLMa14B0Y0okDfV#2,João Marmentini,Squirreled Away,vqVSkFLMa14B0Y0okDfV#1,Vande,Endless Punishment,lose
liga-2x2-online-s2-e2,Liga 2x2 Online S2-E2,2026-04-16,2026-04-16,2026-04,2,5,H7FK6fNs1O1UYHNBS6tD#1,Martin,Jeskai Striker,H7FK6fNs1O1UYHNBS6tD#2,Jorel,Domínio das Fadinas,win
liga-2x2-online-s2-e2,Liga 2x2 Online S2-E2,2026-04-16,2026-04-16,2026-04,2,5,H7FK6fNs1O1UYHNBS6tD#1,Martin,Jeskai Striker,vqVSkFLMa14B0Y0okDfV#2,João Marmentini,Squirreled Away,win
liga-2x2-online-s2-e2,Liga 2x2 Online S2-E2,2026-04-16,2026-04-16,2026-04,2,5,H7FK6fNs1O1UYHNBS6tD#1,Martin,Jeskai Striker,vqVSkFLMa14B0Y0okDfV#1,Vande,Endless Punishment,win
liga-2x2-online-s2-e2,Liga 2x2 Online S2-E2,2026-04-16,2026-04-16,2026-04,2,5,vqVSkFLMa14B0Y0okDfV#1,Vande,Endless Punishment,H7FK6fNs1O1UYHNBS6tD#2,Jorel,Domínio das Fadinas,lose
liga-2x2-online-s2-e2,Liga 2x2 Online S2-E2,2026-04-16,2026-04-16,2026-04,2,5,vqVSkFLMa14B0Y0okDfV#1,Vande,Endless Punishment,vqVSkFLMa14B0Y0okDfV#2,João Marmentini,Squirreled Away,lose
liga-2x2-online-s2-e2,Liga 2x2 Online S2-E2,2026-04-16,2026-04-16,2026-04,2,5,vqVSkFLMa14B0Y0okDfV#1,Vande,Endless Punishment,H7FK6fNs1O1UYHNBS6tD#1,Martin,Jeskai Striker,lose
liga-2x2-online-s2-e2,Liga 2x2 Online S2-E2,2026-04-16,2026-04-16,2026-04,3,1,EkZtAKdOhB9PpT1PNxsq#1,Bauer,Scions & Spellcraft,uVQgHlyTUJzaqa3pNYow#1,Bells,Virtude e Valor,lose
liga-2x2-online-s2-e2,Liga 2x2 Online S2-E2,2026-04-16,2026-04-16,2026-04,3,1,EkZtAKdOhB9PpT1PNxsq#1,Bauer,Scions & Spellcraft,uVQgHlyTUJzaqa3pNYow#2,Greowtty,Masters of Evil,lose
liga-2x2-online-s2-e2,Liga 2x2 Online S2-E2,2026-04-16,2026-04-16,2026-04,3,1,EkZtAKdOhB9PpT1PNxsq#1,Bauer,Scions & Spellcraft,EkZtAKdOhB9PpT1PNxsq#2,Langa,Içar Velas,lose
liga-2x2-online-s2-e2,Liga 2x2 Online S2-E2,2026-04-16,2026-04-16,2026-04,3,1,uVQgHlyTUJzaqa3pNYow#1,Bells,Virtude e Valor,EkZtAKdOhB9PpT1PNxsq#1,Bauer,Scions & Spellcraft,win
liga-2x2-online-s2-e2,Liga 2x2 Online S2-E2,2026-04-16,2026-04-16,2026-04,3,1,uVQgHlyTUJzaqa3pNYow#1,Bells,Virtude e Valor,uVQgHlyTUJzaqa3pNYow#2,Greowtty,Masters of Evil,win
liga-2x2-online-s2-e2,Liga 2x2 Online S2-E2,2026-04-16,2026-04-16,2026-04,3,1,uVQgHlyTUJzaqa3pNYow#1,Bells,Virtude e Valor,EkZtAKdOhB9PpT1PNxsq#2,Langa,Içar Velas,win
liga-2x2-online-s2-e2,Liga 2x2 Online S2-E2,2026-04-16,2026-04-16,2026-04,3,1,uVQgHlyTUJzaqa3pNYow#2,Greowtty,Masters of Evil,EkZtAKdOhB9PpT1PNxsq#1,Bauer,Scions & Spellcraft,win
liga-2x2-online-s2-e2,Liga 2x2 Online S2-E2,2026-04-16,2026-04-16,2026-04,3,1,uVQgHlyTUJzaqa3pNYow#2,Greowtty,Masters of Evil,uVQgHlyTUJzaqa3pNYow#1,Bells,Virtude e Valor,win
liga-2x2-online-s2-e2,Liga 2x2 Online S2-E2,2026-04-16,2026-04-16,2026-04,3,1,uVQgHlyTUJzaqa3pNYow#2,Greowtty,Masters of Evil,EkZtAKdOhB9PpT1PNxsq#2,Langa,Içar Velas,win
liga-2x2-online-s2-e2,Liga 2x2 Online S2-E2,2026-04-16,2026-04-16,2026-04,3,1,EkZtAKdOhB9PpT1PNxsq#2,Langa,Içar Velas,EkZtAKdOhB9PpT1PNxsq#1,Bauer,Scions & Spellcraft,lose
liga-2x2-online-s2-e2,Liga 2x2 Online S2-E2,2026-04-16,2026-04-16,2026-04,3,1,EkZtAKdOhB9PpT1PNxsq#2,Langa,Içar Velas,uVQgHlyTUJzaqa3pNYow#1,Bells,Virtude e Valor,lose
liga-2x2-online-s2-e2,Liga 2x2 Online S2-E2,2026-04-16,2026-04-16,2026-04,3,1,EkZtAKdOhB9PpT1PNxsq#2,Langa,Içar Velas,uVQgHlyTUJzaqa3pNYow#2,Greowtty,Masters of Evil,lose
liga-2x2-online-s2-e2,Liga 2x2 Online S2-E2,2026-04-16,2026-04-16,2026-04,3,2,EHHlAKScWZwxtGssvJKa#2,Arthur Sartori,Scions & Spellcraft,fDKqnqxvd58h9xxnQj1i#2,Carlos,Saída do Exílio,lose
liga-2x2-online-s2-e2,Liga 2x2 Online S2-E2,2026-04-16,2026-04-16,2026-04,3,2,EHHlAKScWZwxtGssvJKa#2,Arthur Sartori,Scions & Spellcraft,fDKqnqxvd58h9xxnQj1i#1,Cássio,Animated Army,lose
liga-2x2-online-s2-e2,Liga 2x2 Online S2-E2,2026-04-16,2026-04-16,2026-04,3,2,EHHlAKScWZwxtGssvJKa#2,Arthur Sartori,Scions & Spellcraft,EHHlAKScWZwxtGssvJKa#1,Marcos Sartori,Festa dos Planeswalker,lose
liga-2x2-online-s2-e2,Liga 2x2 Online S2-E2,2026-04-16,2026-04-16,2026-04,3,2,fDKqnqxvd58h9xxnQj1i#2,Carlos,Saída do Exílio,EHHlAKScWZwxtGssvJKa#2,Arthur Sartori,Scions & Spellcraft,win
liga-2x2-online-s2-e2,Liga 2x2 Online S2-E2,2026-04-16,2026-04-16,2026-04,3,2,fDKqnqxvd58h9xxnQj1i#2,Carlos,Saída do Exílio,fDKqnqxvd58h9xxnQj1i#1,Cássio,Animated Army,win
liga-2x2-online-s2-e2,Liga 2x2 Online S2-E2,2026-04-16,2026-04-16,2026-04,3,2,fDKqnqxvd58h9xxnQj1i#2,Carlos,Saída do Exílio,EHHlAKScWZwxtGssvJKa#1,Marcos Sartori,Festa dos Planeswalker,win
liga-2x2-online-s2-e2,Liga 2x2 Online S2-E2,2026-04-16,2026-04-16,2026-04,3,2,fDKqnqxvd58h9xxnQj1i#1,Cássio,Animated Army,EHHlAKScWZwxtGssvJKa#2,Arthur Sartori,Scions & Spellcraft,win
liga-2x2-online-s2-e2,Liga 2x2 Online S2-E2,2026-04-16,2026-04-16,2026-04,3,2,fDKqnqxvd58h9xxnQj1i#1,Cássio,Animated Army,fDKqnqxvd58h9xxnQj1i#2,Carlos,Saída do Exílio,win
liga-2x2-online-s2-e2,Liga 2x2 Online S2-E2,2026-04-16,2026-04-16,2026-04,3,2,fDKqnqxvd58h9xxnQj1i#1,Cássio,Animated Army,EHHlAKScWZwxtGssvJKa#1,Marcos Sartori,Festa dos Planeswalker,win
liga-2x2-online-s2-e2,Liga 2x2 Online S2-E2,2026-04-16,2026-04-16,2026-04,3,2,EHHlAKScWZwxtGssvJKa#1,Marcos Sartori,Festa dos Planeswalker,EHHlAKScWZwxtGssvJKa#2,Arthur Sartori,Scions & Spellcraft,lose
liga-2x2-online-s2-e2,Liga 2x2 Online S2-E2,2026-04-16,2026-04-16,2026-04,3,2,EHHlAKScWZwxtGssvJKa#1,Marcos Sartori,Festa dos Planeswalker,fDKqnqxvd58h9xxnQj1i#2,Carlos,Saída do Exílio,lose
liga-2x2-online-s2-e2,Liga 2x2 Online S2-E2,2026-04-16,2026-04-16,2026-04,3,2,EHHlAKScWZwxtGssvJKa#1,Marcos Sartori,Festa dos Planeswalker,fDKqnqxvd58h9xxnQj1i#1,Cássio,Animated Army,lose
liga-2x2-online-s2-e2,Liga 2x2 Online S2-E2,2026-04-16,2026-04-16,2026-04,3,3,07kh34H4VNbdVRCR5YhA#2,Borini,Abzan Armor,VTTYN2ZYZyKap8tRNvsK#1,Elder Mancini,Counter Blitz,lose
liga-2x2-online-s2-e2,Liga 2x2 Online S2-E2,2026-04-16,2026-04-16,2026-04,3,3,07kh34H4VNbdVRCR5YhA#2,Borini,Abzan Armor,VTTYN2ZYZyKap8tRNvsK#2,Glaicon,Enxame Tiranídeo,lose
liga-2x2-online-s2-e2,Liga 2x2 Online S2-E2,2026-04-16,2026-04-16,2026-04,3,3,07kh34H4VNbdVRCR5YhA#2,Borini,Abzan Armor,07kh34H4VNbdVRCR5YhA#1,Vicente,Jeskai Striker,lose
liga-2x2-online-s2-e2,Liga 2x2 Online S2-E2,2026-04-16,2026-04-16,2026-04,3,3,VTTYN2ZYZyKap8tRNvsK#1,Elder Mancini,Counter Blitz,07kh34H4VNbdVRCR5YhA#2,Borini,Abzan Armor,win
liga-2x2-online-s2-e2,Liga 2x2 Online S2-E2,2026-04-16,2026-04-16,2026-04,3,3,VTTYN2ZYZyKap8tRNvsK#1,Elder Mancini,Counter Blitz,VTTYN2ZYZyKap8tRNvsK#2,Glaicon,Enxame Tiranídeo,win
liga-2x2-online-s2-e2,Liga 2x2 Online S2-E2,2026-04-16,2026-04-16,2026-04,3,3,VTTYN2ZYZyKap8tRNvsK#1,Elder Mancini,Counter Blitz,07kh34H4VNbdVRCR5YhA#1,Vicente,Jeskai Striker,win
liga-2x2-online-s2-e2,Liga 2x2 Online S2-E2,2026-04-16,2026-04-16,2026-04,3,3,VTTYN2ZYZyKap8tRNvsK#2,Glaicon,Enxame Tiranídeo,07kh34H4VNbdVRCR5YhA#2,Borini,Abzan Armor,win
liga-2x2-online-s2-e2,Liga 2x2 Online S2-E2,2026-04-16,2026-04-16,2026-04,3,3,VTTYN2ZYZyKap8tRNvsK#2,Glaicon,Enxame Tiranídeo,VTTYN2ZYZyKap8tRNvsK#1,Elder Mancini,Counter Blitz,win
liga-2x2-online-s2-e2,Liga 2x2 Online S2-E2,2026-04-16,2026-04-16,2026-04,3,3,VTTYN2ZYZyKap8tRNvsK#2,Glaicon,Enxame Tiranídeo,07kh34H4VNbdVRCR5YhA#1,Vicente,Jeskai Striker,win
liga-2x2-online-s2-e2,Liga 2x2 Online S2-E2,2026-04-16,2026-04-16,2026-04,3,3,07kh34H4VNbdVRCR5YhA#1,Vicente,Jeskai Striker,07kh34H4VNbdVRCR5YhA#2,Borini,Abzan Armor,lose
liga-2x2-online-s2-e2,Liga 2x2 Online S2-E2,2026-04-16,2026-04-16,2026-04,3,3,07kh34H4VNbdVRCR5YhA#1,Vicente,Jeskai Striker,VTTYN2ZYZyKap8tRNvsK#1,Elder Mancini,Counter Blitz,lose
liga-2x2-online-s2-e2,Liga 2x2 Online S2-E2,2026-04-16,2026-04-16,2026-04,3,3,07kh34H4VNbdVRCR5YhA#1,Vicente,Jeskai Striker,VTTYN2ZYZyKap8tRNvsK#2,Glaicon,Enxame Tiranídeo,lose
liga-2x2-online-s2-e2,Liga 2x2 Online S2-E2,2026-04-16,2026-04-16,2026-04,3,4,uoOIh0uZzl4mzJadSQ2E#2,Gustavo Dias,Temur Roar,H7FK6fNs1O1UYHNBS6tD#2,Jorel,Domínio das Fadinas,lose
liga-2x2-online-s2-e2,Liga 2x2 Online S2-E2,2026-04-16,2026-04-16,2026-04,3,4,uoOIh0uZzl4mzJadSQ2E#2,Gustavo Dias,Temur Roar,H7FK6fNs1O1UYHNBS6tD#1,Martin,Jeskai Striker,lose
liga-2x2-online-s2-e2,Liga 2x2 Online S2-E2,2026-04-16,2026-04-16,2026-04,3,4,uoOIh0uZzl4mzJadSQ2E#2,Gustavo Dias,Temur Roar,uoOIh0uZzl4mzJadSQ2E#1,Reva,"Ave, Caesar",lose
liga-2x2-online-s2-e2,Liga 2x2 Online S2-E2,2026-04-16,2026-04-16,2026-04,3,4,H7FK6fNs1O1UYHNBS6tD#2,Jorel,Domínio das Fadinas,uoOIh0uZzl4mzJadSQ2E#2,Gustavo Dias,Temur Roar,win
liga-2x2-online-s2-e2,Liga 2x2 Online S2-E2,2026-04-16,2026-04-16,2026-04,3,4,H7FK6fNs1O1UYHNBS6tD#2,Jorel,Domínio das Fadinas,H7FK6fNs1O1UYHNBS6tD#1,Martin,Jeskai Striker,win
liga-2x2-online-s2-e2,Liga 2x2 Online S2-E2,2026-04-16,2026-04-16,2026-04,3,4,H7FK6fNs1O1UYHNBS6tD#2,Jorel,Domínio das Fadinas,uoOIh0uZzl4mzJadSQ2E#1,Reva,"Ave, Caesar",win
liga-2x2-online-s2-e2,Liga 2x2 Online S2-E2,2026-04-16,2026-04-16,2026-04,3,4,H7FK6fNs1O1UYHNBS6tD#1,Martin,Jeskai Striker,uoOIh0uZzl4mzJadSQ2E#2,Gustavo Dias,Temur Roar,win
liga-2x2-online-s2-e2,Liga 2x2 Online S2-E2,2026-04-16,2026-04-16,2026-04,3,4,H7FK6fNs1O1UYHNBS6tD#1,Martin,Jeskai Striker,H7FK6fNs1O1UYHNBS6tD#2,Jorel,Domínio das Fadinas,win
liga-2x2-online-s2-e2,Liga 2x2 Online S2-E2,2026-04-16,2026-04-16,2026-04,3,4,H7FK6fNs1O1UYHNBS6tD#1,Martin,Jeskai Striker,uoOIh0uZzl4mzJadSQ2E#1,Reva,"Ave, Caesar",win
liga-2x2-online-s2-e2,Liga 2x2 Online S2-E2,2026-04-16,2026-04-16,2026-04,3,4,uoOIh0uZzl4mzJadSQ2E#1,Reva,"Ave, Caesar",uoOIh0uZzl4mzJadSQ2E#2,Gustavo Dias,Temur Roar,lose
liga-2x2-online-s2-e2,Liga 2x2 Online S2-E2,2026-04-16,2026-04-16,2026-04,3,4,uoOIh0uZzl4mzJadSQ2E#1,Reva,"Ave, Caesar",H7FK6fNs1O1UYHNBS6tD#2,Jorel,Domínio das Fadinas,lose
liga-2x2-online-s2-e2,Liga 2x2 Online S2-E2,2026-04-16,2026-04-16,2026-04,3,4,uoOIh0uZzl4mzJadSQ2E#1,Reva,"Ave, Caesar",H7FK6fNs1O1UYHNBS6tD#1,Martin,Jeskai Striker,lose
liga-2x2-online-s2-e2,Liga 2x2 Online S2-E2,2026-04-16,2026-04-16,2026-04,3,5,dfvS2rVaI1VaCpusXnKm#2,Juliano,Içar Velas,dfvS2rVaI1VaCpusXnKm#1,Mateus,Jeskai Striker,lose
liga-2x2-online-s2-e2,Liga 2x2 Online S2-E2,2026-04-16,2026-04-16,2026-04,3,5,dfvS2rVaI1VaCpusXnKm#2,Juliano,Içar Velas,hTFaYhrdnAIdUq0dkTaV#2,Rafael Mendes,Turtle Power!,lose
liga-2x2-online-s2-e2,Liga 2x2 Online S2-E2,2026-04-16,2026-04-16,2026-04,3,5,dfvS2rVaI1VaCpusXnKm#2,Juliano,Içar Velas,hTFaYhrdnAIdUq0dkTaV#1,Rogério Nascimento,World Shaper,lose
liga-2x2-online-s2-e2,Liga 2x2 Online S2-E2,2026-04-16,2026-04-16,2026-04,3,5,dfvS2rVaI1VaCpusXnKm#1,Mateus,Jeskai Striker,dfvS2rVaI1VaCpusXnKm#2,Juliano,Içar Velas,lose
liga-2x2-online-s2-e2,Liga 2x2 Online S2-E2,2026-04-16,2026-04-16,2026-04,3,5,dfvS2rVaI1VaCpusXnKm#1,Mateus,Jeskai Striker,hTFaYhrdnAIdUq0dkTaV#2,Rafael Mendes,Turtle Power!,lose
liga-2x2-online-s2-e2,Liga 2x2 Online S2-E2,2026-04-16,2026-04-16,2026-04,3,5,dfvS2rVaI1VaCpusXnKm#1,Mateus,Jeskai Striker,hTFaYhrdnAIdUq0dkTaV#1,Rogério Nascimento,World Shaper,lose
liga-2x2-online-s2-e2,Liga 2x2 Online S2-E2,2026-04-16,2026-04-16,2026-04,3,5,hTFaYhrdnAIdUq0dkTaV#2,Rafael Mendes,Turtle Power!,dfvS2rVaI1VaCpusXnKm#2,Juliano,Içar Velas,win
liga-2x2-online-s2-e2,Liga 2x2 Online S2-E2,2026-04-16,2026-04-16,2026-04,3,5,hTFaYhrdnAIdUq0dkTaV#2,Rafael Mendes,Turtle Power!,dfvS2rVaI1VaCpusXnKm#1,Mateus,Jeskai Striker,win
liga-2x2-online-s2-e2,Liga 2x2 Online S2-E2,2026-04-16,2026-04-16,2026-04,3,5,hTFaYhrdnAIdUq0dkTaV#2,Rafael Mendes,Turtle Power!,hTFaYhrdnAIdUq0dkTaV#1,Rogério Nascimento,World Shaper,win
liga-2x2-online-s2-e2,Liga 2x2 Online S2-E2,2026-04-16,2026-04-16,2026-04,3,5,hTFaYhrdnAIdUq0dkTaV#1,Rogério Nascimento,World Shaper,dfvS2rVaI1VaCpusXnKm#2,Juliano,Içar Velas,win
liga-2x2-online-s2-e2,Liga 2x2 Online S2-E2,2026-04-16,2026-04-16,2026-04,3,5,hTFaYhrdnAIdUq0dkTaV#1,Rogério Nascimento,World Shaper,dfvS2rVaI1VaCpusXnKm#1,Mateus,Jeskai Striker,win
liga-2x2-online-s2-e2,Liga 2x2 Online S2-E2,2026-04-16,2026-04-16,2026-04,3,5,hTFaYhrdnAIdUq0dkTaV#1,Rogério Nascimento,World Shaper,hTFaYhrdnAIdUq0dkTaV#2,Rafael Mendes,Turtle Power!,win
liga-2x2-online-s2-e3,Liga 2x2 Online S2-E3,2026-04-30,2026-04-30,2026-04,1,1,nd8KBDAcrrdYMjzhcK1a#2,Carlos,Saída do Exílio,nd8KBDAcrrdYMjzhcK1a#1,Cássio,Animated Army,draw
liga-2x2-online-s2-e3,Liga 2x2 Online S2-E3,2026-04-30,2026-04-30,2026-04,1,1,nd8KBDAcrrdYMjzhcK1a#2,Carlos,Saída do Exílio,Kod4aRfvWZ22tvoAl2Je#2,Juliano,Jeskai Striker,draw
liga-2x2-online-s2-e3,Liga 2x2 Online S2-E3,2026-04-30,2026-04-30,2026-04,1,1,nd8KBDAcrrdYMjzhcK1a#2,Carlos,Saída do Exílio,Kod4aRfvWZ22tvoAl2Je#1,Mateus,Içar Velas,draw
liga-2x2-online-s2-e3,Liga 2x2 Online S2-E3,2026-04-30,2026-04-30,2026-04,1,1,nd8KBDAcrrdYMjzhcK1a#1,Cássio,Animated Army,nd8KBDAcrrdYMjzhcK1a#2,Carlos,Saída do Exílio,draw
liga-2x2-online-s2-e3,Liga 2x2 Online S2-E3,2026-04-30,2026-04-30,2026-04,1,1,nd8KBDAcrrdYMjzhcK1a#1,Cássio,Animated Army,Kod4aRfvWZ22tvoAl2Je#2,Juliano,Jeskai Striker,draw
liga-2x2-online-s2-e3,Liga 2x2 Online S2-E3,2026-04-30,2026-04-30,2026-04,1,1,nd8KBDAcrrdYMjzhcK1a#1,Cássio,Animated Army,Kod4aRfvWZ22tvoAl2Je#1,Mateus,Içar Velas,draw
liga-2x2-online-s2-e3,Liga 2x2 Online S2-E3,2026-04-30,2026-04-30,2026-04,1,1,Kod4aRfvWZ22tvoAl2Je#2,Juliano,Jeskai Striker,nd8KBDAcrrdYMjzhcK1a#2,Carlos,Saída do Exílio,draw
liga-2x2-online-s2-e3,Liga 2x2 Online S2-E3,2026-04-30,2026-04-30,2026-04,1,1,Kod4aRfvWZ22tvoAl2Je#2,Juliano,Jeskai Striker,nd8KBDAcrrdYMjzhcK1a#1,Cássio,Animated Army,draw
liga-2x2-online-s2-e3,Liga 2x2 Online S2-E3,2026-04-30,2026-04-30,2026-04,1,1,Kod4aRfvWZ22tvoAl2Je#2,Juliano,Jeskai Striker,Kod4aRfvWZ22tvoAl2Je#1,Mateus,Içar Velas,draw
liga-2x2-online-s2-e3,Liga 2x2 Online S2-E3,2026-04-30,2026-04-30,2026-04,1,1,Kod4aRfvWZ22tvoAl2Je#1,Mateus,Içar Velas,nd8KBDAcrrdYMjzhcK1a#2,Carlos,Saída do Exílio,draw
liga-2x2-online-s2-e3,Liga 2x2 Online S2-E3,2026-04-30,2026-04-30,2026-04,1,1,Kod4aRfvWZ22tvoAl2Je#1,Mateus,Içar Velas,nd8KBDAcrrdYMjzhcK1a#1,Cássio,Animated Army,draw
liga-2x2-online-s2-e3,Liga 2x2 Online S2-E3,2026-04-30,2026-04-30,2026-04,1,1,Kod4aRfvWZ22tvoAl2Je#1,Mateus,Içar Velas,Kod4aRfvWZ22tvoAl2Je#2,Juliano,Jeskai Striker,draw
liga-2x2-online-s2-e3,Liga 2x2 Online S2-E3,2026-04-30,2026-04-30,2026-04,1,2,I8V55E6jlMX0duAddSSN#2,Arthur Sartori,Scions & Spellcraft,o6NgKSs02T7AmXHkcqm7#1,Bells,Temur Roar,draw
liga-2x2-online-s2-e3,Liga 2x2 Online S2-E3,2026-04-30,2026-04-30,2026-04,1,2,I8V55E6jlMX0duAddSSN#2,Arthur Sartori,Scions & Spellcraft,o6NgKSs02T7AmXHkcqm7#2,Greowtty,Ciência!,draw
liga-2x2-online-s2-e3,Liga 2x2 Online S2-E3,2026-04-30,2026-04-30,2026-04,1,2,I8V55E6jlMX0duAddSSN#2,Arthur Sartori,Scions & Spellcraft,I8V55E6jlMX0duAddSSN#1,Marcos Sartori,Festa dos Planeswalker,draw
liga-2x2-online-s2-e3,Liga 2x2 Online S2-E3,2026-04-30,2026-04-30,2026-04,1,2,o6NgKSs02T7AmXHkcqm7#1,Bells,Temur Roar,I8V55E6jlMX0duAddSSN#2,Arthur Sartori,Scions & Spellcraft,draw
liga-2x2-online-s2-e3,Liga 2x2 Online S2-E3,2026-04-30,2026-04-30,2026-04,1,2,o6NgKSs02T7AmXHkcqm7#1,Bells,Temur Roar,o6NgKSs02T7AmXHkcqm7#2,Greowtty,Ciência!,draw
liga-2x2-online-s2-e3,Liga 2x2 Online S2-E3,2026-04-30,2026-04-30,2026-04,1,2,o6NgKSs02T7AmXHkcqm7#1,Bells,Temur Roar,I8V55E6jlMX0duAddSSN#1,Marcos Sartori,Festa dos Planeswalker,draw
liga-2x2-online-s2-e3,Liga 2x2 Online S2-E3,2026-04-30,2026-04-30,2026-04,1,2,o6NgKSs02T7AmXHkcqm7#2,Greowtty,Ciência!,I8V55E6jlMX0duAddSSN#2,Arthur Sartori,Scions & Spellcraft,draw
liga-2x2-online-s2-e3,Liga 2x2 Online S2-E3,2026-04-30,2026-04-30,2026-04,1,2,o6NgKSs02T7AmXHkcqm7#2,Greowtty,Ciência!,o6NgKSs02T7AmXHkcqm7#1,Bells,Temur Roar,draw
liga-2x2-online-s2-e3,Liga 2x2 Online S2-E3,2026-04-30,2026-04-30,2026-04,1,2,o6NgKSs02T7AmXHkcqm7#2,Greowtty,Ciência!,I8V55E6jlMX0duAddSSN#1,Marcos Sartori,Festa dos Planeswalker,draw
liga-2x2-online-s2-e3,Liga 2x2 Online S2-E3,2026-04-30,2026-04-30,2026-04,1,2,I8V55E6jlMX0duAddSSN#1,Marcos Sartori,Festa dos Planeswalker,I8V55E6jlMX0duAddSSN#2,Arthur Sartori,Scions & Spellcraft,draw
liga-2x2-online-s2-e3,Liga 2x2 Online S2-E3,2026-04-30,2026-04-30,2026-04,1,2,I8V55E6jlMX0duAddSSN#1,Marcos Sartori,Festa dos Planeswalker,o6NgKSs02T7AmXHkcqm7#1,Bells,Temur Roar,draw
liga-2x2-online-s2-e3,Liga 2x2 Online S2-E3,2026-04-30,2026-04-30,2026-04,1,2,I8V55E6jlMX0duAddSSN#1,Marcos Sartori,Festa dos Planeswalker,o6NgKSs02T7AmXHkcqm7#2,Greowtty,Ciência!,draw
liga-2x2-online-s2-e3,Liga 2x2 Online S2-E3,2026-04-30,2026-04-30,2026-04,1,3,HQJmew1lN4qczAFCXc48#2,Bauer,Scions & Spellcraft,CrT92zmahJfCKDy5zSE3#1,Borini,Abzan Armor,lose
liga-2x2-online-s2-e3,Liga 2x2 Online S2-E3,2026-04-30,2026-04-30,2026-04,1,3,HQJmew1lN4qczAFCXc48#2,Bauer,Scions & Spellcraft,HQJmew1lN4qczAFCXc48#1,Gustavo Dias,Squirreled Away,lose
liga-2x2-online-s2-e3,Liga 2x2 Online S2-E3,2026-04-30,2026-04-30,2026-04,1,3,HQJmew1lN4qczAFCXc48#2,Bauer,Scions & Spellcraft,CrT92zmahJfCKDy5zSE3#2,Vicente,Prismari Artistry,lose
liga-2x2-online-s2-e3,Liga 2x2 Online S2-E3,2026-04-30,2026-04-30,2026-04,1,3,CrT92zmahJfCKDy5zSE3#1,Borini,Abzan Armor,HQJmew1lN4qczAFCXc48#2,Bauer,Scions & Spellcraft,win
liga-2x2-online-s2-e3,Liga 2x2 Online S2-E3,2026-04-30,2026-04-30,2026-04,1,3,CrT92zmahJfCKDy5zSE3#1,Borini,Abzan Armor,HQJmew1lN4qczAFCXc48#1,Gustavo Dias,Squirreled Away,win
liga-2x2-online-s2-e3,Liga 2x2 Online S2-E3,2026-04-30,2026-04-30,2026-04,1,3,CrT92zmahJfCKDy5zSE3#1,Borini,Abzan Armor,CrT92zmahJfCKDy5zSE3#2,Vicente,Prismari Artistry,win
liga-2x2-online-s2-e3,Liga 2x2 Online S2-E3,2026-04-30,2026-04-30,2026-04,1,3,HQJmew1lN4qczAFCXc48#1,Gustavo Dias,Squirreled Away,HQJmew1lN4qczAFCXc48#2,Bauer,Scions & Spellcraft,lose
liga-2x2-online-s2-e3,Liga 2x2 Online S2-E3,2026-04-30,2026-04-30,2026-04,1,3,HQJmew1lN4qczAFCXc48#1,Gustavo Dias,Squirreled Away,CrT92zmahJfCKDy5zSE3#1,Borini,Abzan Armor,lose
liga-2x2-online-s2-e3,Liga 2x2 Online S2-E3,2026-04-30,2026-04-30,2026-04,1,3,HQJmew1lN4qczAFCXc48#1,Gustavo Dias,Squirreled Away,CrT92zmahJfCKDy5zSE3#2,Vicente,Prismari Artistry,lose
liga-2x2-online-s2-e3,Liga 2x2 Online S2-E3,2026-04-30,2026-04-30,2026-04,1,3,CrT92zmahJfCKDy5zSE3#2,Vicente,Prismari Artistry,HQJmew1lN4qczAFCXc48#2,Bauer,Scions & Spellcraft,win
liga-2x2-online-s2-e3,Liga 2x2 Online S2-E3,2026-04-30,2026-04-30,2026-04,1,3,CrT92zmahJfCKDy5zSE3#2,Vicente,Prismari Artistry,CrT92zmahJfCKDy5zSE3#1,Borini,Abzan Armor,win
liga-2x2-online-s2-e3,Liga 2x2 Online S2-E3,2026-04-30,2026-04-30,2026-04,1,3,CrT92zmahJfCKDy5zSE3#2,Vicente,Prismari Artistry,HQJmew1lN4qczAFCXc48#1,Gustavo Dias,Squirreled Away,win
liga-2x2-online-s2-e3,Liga 2x2 Online S2-E3,2026-04-30,2026-04-30,2026-04,1,4,sggdwX3F55jTw9H31Uqg#1,Boone,Festa dos Planeswalker,xb9z2XQvgiW3nKuamD0S#2,João Marmentini,Endless Punishment,lose
liga-2x2-online-s2-e3,Liga 2x2 Online S2-E3,2026-04-30,2026-04-30,2026-04,1,4,sggdwX3F55jTw9H31Uqg#1,Boone,Festa dos Planeswalker,sggdwX3F55jTw9H31Uqg#2,Reva,"Ave, Caesar",lose
liga-2x2-online-s2-e3,Liga 2x2 Online S2-E3,2026-04-30,2026-04-30,2026-04,1,4,sggdwX3F55jTw9H31Uqg#1,Boone,Festa dos Planeswalker,xb9z2XQvgiW3nKuamD0S#1,Vande,Scions & Spellcraft,lose
liga-2x2-online-s2-e3,Liga 2x2 Online S2-E3,2026-04-30,2026-04-30,2026-04,1,4,xb9z2XQvgiW3nKuamD0S#2,João Marmentini,Endless Punishment,sggdwX3F55jTw9H31Uqg#1,Boone,Festa dos Planeswalker,win
liga-2x2-online-s2-e3,Liga 2x2 Online S2-E3,2026-04-30,2026-04-30,2026-04,1,4,xb9z2XQvgiW3nKuamD0S#2,João Marmentini,Endless Punishment,sggdwX3F55jTw9H31Uqg#2,Reva,"Ave, Caesar",win
liga-2x2-online-s2-e3,Liga 2x2 Online S2-E3,2026-04-30,2026-04-30,2026-04,1,4,xb9z2XQvgiW3nKuamD0S#2,João Marmentini,Endless Punishment,xb9z2XQvgiW3nKuamD0S#1,Vande,Scions & Spellcraft,win
liga-2x2-online-s2-e3,Liga 2x2 Online S2-E3,2026-04-30,2026-04-30,2026-04,1,4,sggdwX3F55jTw9H31Uqg#2,Reva,"Ave, Caesar",sggdwX3F55jTw9H31Uqg#1,Boone,Festa dos Planeswalker,lose
liga-2x2-online-s2-e3,Liga 2x2 Online S2-E3,2026-04-30,2026-04-30,2026-04,1,4,sggdwX3F55jTw9H31Uqg#2,Reva,"Ave, Caesar",xb9z2XQvgiW3nKuamD0S#2,João Marmentini,Endless Punishment,lose
liga-2x2-online-s2-e3,Liga 2x2 Online S2-E3,2026-04-30,2026-04-30,2026-04,1,4,sggdwX3F55jTw9H31Uqg#2,Reva,"Ave, Caesar",xb9z2XQvgiW3nKuamD0S#1,Vande,Scions & Spellcraft,lose
liga-2x2-online-s2-e3,Liga 2x2 Online S2-E3,2026-04-30,2026-04-30,2026-04,1,4,xb9z2XQvgiW3nKuamD0S#1,Vande,Scions & Spellcraft,sggdwX3F55jTw9H31Uqg#1,Boone,Festa dos Planeswalker,win
liga-2x2-online-s2-e3,Liga 2x2 Online S2-E3,2026-04-30,2026-04-30,2026-04,1,4,xb9z2XQvgiW3nKuamD0S#1,Vande,Scions & Spellcraft,xb9z2XQvgiW3nKuamD0S#2,João Marmentini,Endless Punishment,win
liga-2x2-online-s2-e3,Liga 2x2 Online S2-E3,2026-04-30,2026-04-30,2026-04,1,4,xb9z2XQvgiW3nKuamD0S#1,Vande,Scions & Spellcraft,sggdwX3F55jTw9H31Uqg#2,Reva,"Ave, Caesar",win
liga-2x2-online-s2-e3,Liga 2x2 Online S2-E3,2026-04-30,2026-04-30,2026-04,2,1,CrT92zmahJfCKDy5zSE3#1,Borini,Abzan Armor,xb9z2XQvgiW3nKuamD0S#2,João Marmentini,Endless Punishment,lose
liga-2x2-online-s2-e3,Liga 2x2 Online S2-E3,2026-04-30,2026-04-30,2026-04,2,1,CrT92zmahJfCKDy5zSE3#1,Borini,Abzan Armor,xb9z2XQvgiW3nKuamD0S#1,Vande,Scions & Spellcraft,lose
liga-2x2-online-s2-e3,Liga 2x2 Online S2-E3,2026-04-30,2026-04-30,2026-04,2,1,CrT92zmahJfCKDy5zSE3#1,Borini,Abzan Armor,CrT92zmahJfCKDy5zSE3#2,Vicente,Prismari Artistry,lose
liga-2x2-online-s2-e3,Liga 2x2 Online S2-E3,2026-04-30,2026-04-30,2026-04,2,1,xb9z2XQvgiW3nKuamD0S#2,João Marmentini,Endless Punishment,CrT92zmahJfCKDy5zSE3#1,Borini,Abzan Armor,win
liga-2x2-online-s2-e3,Liga 2x2 Online S2-E3,2026-04-30,2026-04-30,2026-04,2,1,xb9z2XQvgiW3nKuamD0S#2,João Marmentini,Endless Punishment,xb9z2XQvgiW3nKuamD0S#1,Vande,Scions & Spellcraft,win
liga-2x2-online-s2-e3,Liga 2x2 Online S2-E3,2026-04-30,2026-04-30,2026-04,2,1,xb9z2XQvgiW3nKuamD0S#2,João Marmentini,Endless Punishment,CrT92zmahJfCKDy5zSE3#2,Vicente,Prismari Artistry,win
liga-2x2-online-s2-e3,Liga 2x2 Online S2-E3,2026-04-30,2026-04-30,2026-04,2,1,xb9z2XQvgiW3nKuamD0S#1,Vande,Scions & Spellcraft,CrT92zmahJfCKDy5zSE3#1,Borini,Abzan Armor,win
liga-2x2-online-s2-e3,Liga 2x2 Online S2-E3,2026-04-30,2026-04-30,2026-04,2,1,xb9z2XQvgiW3nKuamD0S#1,Vande,Scions & Spellcraft,xb9z2XQvgiW3nKuamD0S#2,João Marmentini,Endless Punishment,win
liga-2x2-online-s2-e3,Liga 2x2 Online S2-E3,2026-04-30,2026-04-30,2026-04,2,1,xb9z2XQvgiW3nKuamD0S#1,Vande,Scions & Spellcraft,CrT92zmahJfCKDy5zSE3#2,Vicente,Prismari Artistry,win
liga-2x2-online-s2-e3,Liga 2x2 Online S2-E3,2026-04-30,2026-04-30,2026-04,2,1,CrT92zmahJfCKDy5zSE3#2,Vicente,Prismari Artistry,CrT92zmahJfCKDy5zSE3#1,Borini,Abzan Armor,lose
liga-2x2-online-s2-e3,Liga 2x2 Online S2-E3,2026-04-30,2026-04-30,2026-04,2,1,CrT92zmahJfCKDy5zSE3#2,Vicente,Prismari Artistry,xb9z2XQvgiW3nKuamD0S#2,João Marmentini,Endless Punishment,lose
liga-2x2-online-s2-e3,Liga 2x2 Online S2-E3,2026-04-30,2026-04-30,2026-04,2,1,CrT92zmahJfCKDy5zSE3#2,Vicente,Prismari Artistry,xb9z2XQvgiW3nKuamD0S#1,Vande,Scions & Spellcraft,lose
liga-2x2-online-s2-e3,Liga 2x2 Online S2-E3,2026-04-30,2026-04-30,2026-04,2,2,I8V55E6jlMX0duAddSSN#2,Arthur Sartori,Scions & Spellcraft,nd8KBDAcrrdYMjzhcK1a#2,Carlos,Saída do Exílio,win
liga-2x2-online-s2-e3,Liga 2x2 Online S2-E3,2026-04-30,2026-04-30,2026-04,2,2,I8V55E6jlMX0duAddSSN#2,Arthur Sartori,Scions & Spellcraft,nd8KBDAcrrdYMjzhcK1a#1,Cássio,Animated Army,win
liga-2x2-online-s2-e3,Liga 2x2 Online S2-E3,2026-04-30,2026-04-30,2026-04,2,2,I8V55E6jlMX0duAddSSN#2,Arthur Sartori,Scions & Spellcraft,I8V55E6jlMX0duAddSSN#1,Marcos Sartori,Festa dos Planeswalker,win
liga-2x2-online-s2-e3,Liga 2x2 Online S2-E3,2026-04-30,2026-04-30,2026-04,2,2,nd8KBDAcrrdYMjzhcK1a#2,Carlos,Saída do Exílio,I8V55E6jlMX0duAddSSN#2,Arthur Sartori,Scions & Spellcraft,lose
liga-2x2-online-s2-e3,Liga 2x2 Online S2-E3,2026-04-30,2026-04-30,2026-04,2,2,nd8KBDAcrrdYMjzhcK1a#2,Carlos,Saída do Exílio,nd8KBDAcrrdYMjzhcK1a#1,Cássio,Animated Army,lose
liga-2x2-online-s2-e3,Liga 2x2 Online S2-E3,2026-04-30,2026-04-30,2026-04,2,2,nd8KBDAcrrdYMjzhcK1a#2,Carlos,Saída do Exílio,I8V55E6jlMX0duAddSSN#1,Marcos Sartori,Festa dos Planeswalker,lose
liga-2x2-online-s2-e3,Liga 2x2 Online S2-E3,2026-04-30,2026-04-30,2026-04,2,2,nd8KBDAcrrdYMjzhcK1a#1,Cássio,Animated Army,I8V55E6jlMX0duAddSSN#2,Arthur Sartori,Scions & Spellcraft,lose
liga-2x2-online-s2-e3,Liga 2x2 Online S2-E3,2026-04-30,2026-04-30,2026-04,2,2,nd8KBDAcrrdYMjzhcK1a#1,Cássio,Animated Army,nd8KBDAcrrdYMjzhcK1a#2,Carlos,Saída do Exílio,lose
liga-2x2-online-s2-e3,Liga 2x2 Online S2-E3,2026-04-30,2026-04-30,2026-04,2,2,nd8KBDAcrrdYMjzhcK1a#1,Cássio,Animated Army,I8V55E6jlMX0duAddSSN#1,Marcos Sartori,Festa dos Planeswalker,lose
liga-2x2-online-s2-e3,Liga 2x2 Online S2-E3,2026-04-30,2026-04-30,2026-04,2,2,I8V55E6jlMX0duAddSSN#1,Marcos Sartori,Festa dos Planeswalker,I8V55E6jlMX0duAddSSN#2,Arthur Sartori,Scions & Spellcraft,win
liga-2x2-online-s2-e3,Liga 2x2 Online S2-E3,2026-04-30,2026-04-30,2026-04,2,2,I8V55E6jlMX0duAddSSN#1,Marcos Sartori,Festa dos Planeswalker,nd8KBDAcrrdYMjzhcK1a#2,Carlos,Saída do Exílio,win
liga-2x2-online-s2-e3,Liga 2x2 Online S2-E3,2026-04-30,2026-04-30,2026-04,2,2,I8V55E6jlMX0duAddSSN#1,Marcos Sartori,Festa dos Planeswalker,nd8KBDAcrrdYMjzhcK1a#1,Cássio,Animated Army,win
liga-2x2-online-s2-e3,Liga 2x2 Online S2-E3,2026-04-30,2026-04-30,2026-04,2,3,o6NgKSs02T7AmXHkcqm7#1,Bells,Temur Roar,o6NgKSs02T7AmXHkcqm7#2,Greowtty,Ciência!,win
liga-2x2-online-s2-e3,Liga 2x2 Online S2-E3,2026-04-30,2026-04-30,2026-04,2,3,o6NgKSs02T7AmXHkcqm7#1,Bells,Temur Roar,Kod4aRfvWZ22tvoAl2Je#2,Juliano,Jeskai Striker,win
liga-2x2-online-s2-e3,Liga 2x2 Online S2-E3,2026-04-30,2026-04-30,2026-04,2,3,o6NgKSs02T7AmXHkcqm7#1,Bells,Temur Roar,Kod4aRfvWZ22tvoAl2Je#1,Mateus,Içar Velas,win
liga-2x2-online-s2-e3,Liga 2x2 Online S2-E3,2026-04-30,2026-04-30,2026-04,2,3,o6NgKSs02T7AmXHkcqm7#2,Greowtty,Ciência!,o6NgKSs02T7AmXHkcqm7#1,Bells,Temur Roar,win
liga-2x2-online-s2-e3,Liga 2x2 Online S2-E3,2026-04-30,2026-04-30,2026-04,2,3,o6NgKSs02T7AmXHkcqm7#2,Greowtty,Ciência!,Kod4aRfvWZ22tvoAl2Je#2,Juliano,Jeskai Striker,win
liga-2x2-online-s2-e3,Liga 2x2 Online S2-E3,2026-04-30,2026-04-30,2026-04,2,3,o6NgKSs02T7AmXHkcqm7#2,Greowtty,Ciência!,Kod4aRfvWZ22tvoAl2Je#1,Mateus,Içar Velas,win
liga-2x2-online-s2-e3,Liga 2x2 Online S2-E3,2026-04-30,2026-04-30,2026-04,2,3,Kod4aRfvWZ22tvoAl2Je#2,Juliano,Jeskai Striker,o6NgKSs02T7AmXHkcqm7#1,Bells,Temur Roar,lose
liga-2x2-online-s2-e3,Liga 2x2 Online S2-E3,2026-04-30,2026-04-30,2026-04,2,3,Kod4aRfvWZ22tvoAl2Je#2,Juliano,Jeskai Striker,o6NgKSs02T7AmXHkcqm7#2,Greowtty,Ciência!,lose
liga-2x2-online-s2-e3,Liga 2x2 Online S2-E3,2026-04-30,2026-04-30,2026-04,2,3,Kod4aRfvWZ22tvoAl2Je#2,Juliano,Jeskai Striker,Kod4aRfvWZ22tvoAl2Je#1,Mateus,Içar Velas,lose
liga-2x2-online-s2-e3,Liga 2x2 Online S2-E3,2026-04-30,2026-04-30,2026-04,2,3,Kod4aRfvWZ22tvoAl2Je#1,Mateus,Içar Velas,o6NgKSs02T7AmXHkcqm7#1,Bells,Temur Roar,lose
liga-2x2-online-s2-e3,Liga 2x2 Online S2-E3,2026-04-30,2026-04-30,2026-04,2,3,Kod4aRfvWZ22tvoAl2Je#1,Mateus,Içar Velas,o6NgKSs02T7AmXHkcqm7#2,Greowtty,Ciência!,lose
liga-2x2-online-s2-e3,Liga 2x2 Online S2-E3,2026-04-30,2026-04-30,2026-04,2,3,Kod4aRfvWZ22tvoAl2Je#1,Mateus,Içar Velas,Kod4aRfvWZ22tvoAl2Je#2,Juliano,Jeskai Striker,lose
liga-2x2-online-s2-e3,Liga 2x2 Online S2-E3,2026-04-30,2026-04-30,2026-04,2,4,HQJmew1lN4qczAFCXc48#2,Bauer,Scions & Spellcraft,sggdwX3F55jTw9H31Uqg#1,Boone,Festa dos Planeswalker,draw
liga-2x2-online-s2-e3,Liga 2x2 Online S2-E3,2026-04-30,2026-04-30,2026-04,2,4,HQJmew1lN4qczAFCXc48#2,Bauer,Scions & Spellcraft,HQJmew1lN4qczAFCXc48#1,Gustavo Dias,Squirreled Away,draw
liga-2x2-online-s2-e3,Liga 2x2 Online S2-E3,2026-04-30,2026-04-30,2026-04,2,4,HQJmew1lN4qczAFCXc48#2,Bauer,Scions & Spellcraft,sggdwX3F55jTw9H31Uqg#2,Reva,"Ave, Caesar",draw
liga-2x2-online-s2-e3,Liga 2x2 Online S2-E3,2026-04-30,2026-04-30,2026-04,2,4,sggdwX3F55jTw9H31Uqg#1,Boone,Festa dos Planeswalker,HQJmew1lN4qczAFCXc48#2,Bauer,Scions & Spellcraft,draw
liga-2x2-online-s2-e3,Liga 2x2 Online S2-E3,2026-04-30,2026-04-30,2026-04,2,4,sggdwX3F55jTw9H31Uqg#1,Boone,Festa dos Planeswalker,HQJmew1lN4qczAFCXc48#1,Gustavo Dias,Squirreled Away,draw
liga-2x2-online-s2-e3,Liga 2x2 Online S2-E3,2026-04-30,2026-04-30,2026-04,2,4,sggdwX3F55jTw9H31Uqg#1,Boone,Festa dos Planeswalker,sggdwX3F55jTw9H31Uqg#2,Reva,"Ave, Caesar",draw
liga-2x2-online-s2-e3,Liga 2x2 Online S2-E3,2026-04-30,2026-04-30,2026-04,2,4,HQJmew1lN4qczAFCXc48#1,Gustavo Dias,Squirreled Away,HQJmew1lN4qczAFCXc48#2,Bauer,Scions & Spellcraft,draw
liga-2x2-online-s2-e3,Liga 2x2 Online S2-E3,2026-04-30,2026-04-30,2026-04,2,4,HQJmew1lN4qczAFCXc48#1,Gustavo Dias,Squirreled Away,sggdwX3F55jTw9H31Uqg#1,Boone,Festa dos Planeswalker,draw
liga-2x2-online-s2-e3,Liga 2x2 Online S2-E3,2026-04-30,2026-04-30,2026-04,2,4,HQJmew1lN4qczAFCXc48#1,Gustavo Dias,Squirreled Away,sggdwX3F55jTw9H31Uqg#2,Reva,"Ave, Caesar",draw
liga-2x2-online-s2-e3,Liga 2x2 Online S2-E3,2026-04-30,2026-04-30,2026-04,2,4,sggdwX3F55jTw9H31Uqg#2,Reva,"Ave, Caesar",HQJmew1lN4qczAFCXc48#2,Bauer,Scions & Spellcraft,draw
liga-2x2-online-s2-e3,Liga 2x2 Online S2-E3,2026-04-30,2026-04-30,2026-04,2,4,sggdwX3F55jTw9H31Uqg#2,Reva,"Ave, Caesar",sggdwX3F55jTw9H31Uqg#1,Boone,Festa dos Planeswalker,draw
liga-2x2-online-s2-e3,Liga 2x2 Online S2-E3,2026-04-30,2026-04-30,2026-04,2,4,sggdwX3F55jTw9H31Uqg#2,Reva,"Ave, Caesar",HQJmew1lN4qczAFCXc48#1,Gustavo Dias,Squirreled Away,draw
liga-2x2-online-s2-e3,Liga 2x2 Online S2-E3,2026-04-30,2026-04-30,2026-04,3,1,o6NgKSs02T7AmXHkcqm7#1,Bells,Temur Roar,o6NgKSs02T7AmXHkcqm7#2,Greowtty,Ciência!,draw
liga-2x2-online-s2-e3,Liga 2x2 Online S2-E3,2026-04-30,2026-04-30,2026-04,3,1,o6NgKSs02T7AmXHkcqm7#1,Bells,Temur Roar,xb9z2XQvgiW3nKuamD0S#2,João Marmentini,Endless Punishment,draw
liga-2x2-online-s2-e3,Liga 2x2 Online S2-E3,2026-04-30,2026-04-30,2026-04,3,1,o6NgKSs02T7AmXHkcqm7#1,Bells,Temur Roar,xb9z2XQvgiW3nKuamD0S#1,Vande,Scions & Spellcraft,draw
liga-2x2-online-s2-e3,Liga 2x2 Online S2-E3,2026-04-30,2026-04-30,2026-04,3,1,o6NgKSs02T7AmXHkcqm7#2,Greowtty,Ciência!,o6NgKSs02T7AmXHkcqm7#1,Bells,Temur Roar,draw
liga-2x2-online-s2-e3,Liga 2x2 Online S2-E3,2026-04-30,2026-04-30,2026-04,3,1,o6NgKSs02T7AmXHkcqm7#2,Greowtty,Ciência!,xb9z2XQvgiW3nKuamD0S#2,João Marmentini,Endless Punishment,draw
liga-2x2-online-s2-e3,Liga 2x2 Online S2-E3,2026-04-30,2026-04-30,2026-04,3,1,o6NgKSs02T7AmXHkcqm7#2,Greowtty,Ciência!,xb9z2XQvgiW3nKuamD0S#1,Vande,Scions & Spellcraft,draw
liga-2x2-online-s2-e3,Liga 2x2 Online S2-E3,2026-04-30,2026-04-30,2026-04,3,1,xb9z2XQvgiW3nKuamD0S#2,João Marmentini,Endless Punishment,o6NgKSs02T7AmXHkcqm7#1,Bells,Temur Roar,draw
liga-2x2-online-s2-e3,Liga 2x2 Online S2-E3,2026-04-30,2026-04-30,2026-04,3,1,xb9z2XQvgiW3nKuamD0S#2,João Marmentini,Endless Punishment,o6NgKSs02T7AmXHkcqm7#2,Greowtty,Ciência!,draw
liga-2x2-online-s2-e3,Liga 2x2 Online S2-E3,2026-04-30,2026-04-30,2026-04,3,1,xb9z2XQvgiW3nKuamD0S#2,João Marmentini,Endless Punishment,xb9z2XQvgiW3nKuamD0S#1,Vande,Scions & Spellcraft,draw
liga-2x2-online-s2-e3,Liga 2x2 Online S2-E3,2026-04-30,2026-04-30,2026-04,3,1,xb9z2XQvgiW3nKuamD0S#1,Vande,Scions & Spellcraft,o6NgKSs02T7AmXHkcqm7#1,Bells,Temur Roar,draw
liga-2x2-online-s2-e3,Liga 2x2 Online S2-E3,2026-04-30,2026-04-30,2026-04,3,1,xb9z2XQvgiW3nKuamD0S#1,Vande,Scions & Spellcraft,o6NgKSs02T7AmXHkcqm7#2,Greowtty,Ciência!,draw
liga-2x2-online-s2-e3,Liga 2x2 Online S2-E3,2026-04-30,2026-04-30,2026-04,3,1,xb9z2XQvgiW3nKuamD0S#1,Vande,Scions & Spellcraft,xb9z2XQvgiW3nKuamD0S#2,João Marmentini,Endless Punishment,draw
liga-2x2-online-s2-e3,Liga 2x2 Online S2-E3,2026-04-30,2026-04-30,2026-04,3,2,I8V55E6jlMX0duAddSSN#2,Arthur Sartori,Scions & Spellcraft,CrT92zmahJfCKDy5zSE3#1,Borini,Abzan Armor,win
liga-2x2-online-s2-e3,Liga 2x2 Online S2-E3,2026-04-30,2026-04-30,2026-04,3,2,I8V55E6jlMX0duAddSSN#2,Arthur Sartori,Scions & Spellcraft,I8V55E6jlMX0duAddSSN#1,Marcos Sartori,Festa dos Planeswalker,win
liga-2x2-online-s2-e3,Liga 2x2 Online S2-E3,2026-04-30,2026-04-30,2026-04,3,2,I8V55E6jlMX0duAddSSN#2,Arthur Sartori,Scions & Spellcraft,CrT92zmahJfCKDy5zSE3#2,Vicente,Prismari Artistry,win
liga-2x2-online-s2-e3,Liga 2x2 Online S2-E3,2026-04-30,2026-04-30,2026-04,3,2,CrT92zmahJfCKDy5zSE3#1,Borini,Abzan Armor,I8V55E6jlMX0duAddSSN#2,Arthur Sartori,Scions & Spellcraft,lose
liga-2x2-online-s2-e3,Liga 2x2 Online S2-E3,2026-04-30,2026-04-30,2026-04,3,2,CrT92zmahJfCKDy5zSE3#1,Borini,Abzan Armor,I8V55E6jlMX0duAddSSN#1,Marcos Sartori,Festa dos Planeswalker,lose
liga-2x2-online-s2-e3,Liga 2x2 Online S2-E3,2026-04-30,2026-04-30,2026-04,3,2,CrT92zmahJfCKDy5zSE3#1,Borini,Abzan Armor,CrT92zmahJfCKDy5zSE3#2,Vicente,Prismari Artistry,lose
liga-2x2-online-s2-e3,Liga 2x2 Online S2-E3,2026-04-30,2026-04-30,2026-04,3,2,I8V55E6jlMX0duAddSSN#1,Marcos Sartori,Festa dos Planeswalker,I8V55E6jlMX0duAddSSN#2,Arthur Sartori,Scions & Spellcraft,win
liga-2x2-online-s2-e3,Liga 2x2 Online S2-E3,2026-04-30,2026-04-30,2026-04,3,2,I8V55E6jlMX0duAddSSN#1,Marcos Sartori,Festa dos Planeswalker,CrT92zmahJfCKDy5zSE3#1,Borini,Abzan Armor,win
liga-2x2-online-s2-e3,Liga 2x2 Online S2-E3,2026-04-30,2026-04-30,2026-04,3,2,I8V55E6jlMX0duAddSSN#1,Marcos Sartori,Festa dos Planeswalker,CrT92zmahJfCKDy5zSE3#2,Vicente,Prismari Artistry,win
liga-2x2-online-s2-e3,Liga 2x2 Online S2-E3,2026-04-30,2026-04-30,2026-04,3,2,CrT92zmahJfCKDy5zSE3#2,Vicente,Prismari Artistry,I8V55E6jlMX0duAddSSN#2,Arthur Sartori,Scions & Spellcraft,lose
liga-2x2-online-s2-e3,Liga 2x2 Online S2-E3,2026-04-30,2026-04-30,2026-04,3,2,CrT92zmahJfCKDy5zSE3#2,Vicente,Prismari Artistry,CrT92zmahJfCKDy5zSE3#1,Borini,Abzan Armor,lose
liga-2x2-online-s2-e3,Liga 2x2 Online S2-E3,2026-04-30,2026-04-30,2026-04,3,2,CrT92zmahJfCKDy5zSE3#2,Vicente,Prismari Artistry,I8V55E6jlMX0duAddSSN#1,Marcos Sartori,Festa dos Planeswalker,lose
liga-2x2-online-s2-e3,Liga 2x2 Online S2-E3,2026-04-30,2026-04-30,2026-04,3,3,sggdwX3F55jTw9H31Uqg#1,Boone,Festa dos Planeswalker,nd8KBDAcrrdYMjzhcK1a#2,Carlos,Saída do Exílio,win
liga-2x2-online-s2-e3,Liga 2x2 Online S2-E3,2026-04-30,2026-04-30,2026-04,3,3,sggdwX3F55jTw9H31Uqg#1,Boone,Festa dos Planeswalker,nd8KBDAcrrdYMjzhcK1a#1,Cássio,Animated Army,win
liga-2x2-online-s2-e3,Liga 2x2 Online S2-E3,2026-04-30,2026-04-30,2026-04,3,3,sggdwX3F55jTw9H31Uqg#1,Boone,Festa dos Planeswalker,sggdwX3F55jTw9H31Uqg#2,Reva,"Ave, Caesar",win
liga-2x2-online-s2-e3,Liga 2x2 Online S2-E3,2026-04-30,2026-04-30,2026-04,3,3,nd8KBDAcrrdYMjzhcK1a#2,Carlos,Saída do Exílio,sggdwX3F55jTw9H31Uqg#1,Boone,Festa dos Planeswalker,lose
liga-2x2-online-s2-e3,Liga 2x2 Online S2-E3,2026-04-30,2026-04-30,2026-04,3,3,nd8KBDAcrrdYMjzhcK1a#2,Carlos,Saída do Exílio,nd8KBDAcrrdYMjzhcK1a#1,Cássio,Animated Army,lose
liga-2x2-online-s2-e3,Liga 2x2 Online S2-E3,2026-04-30,2026-04-30,2026-04,3,3,nd8KBDAcrrdYMjzhcK1a#2,Carlos,Saída do Exílio,sggdwX3F55jTw9H31Uqg#2,Reva,"Ave, Caesar",lose
liga-2x2-online-s2-e3,Liga 2x2 Online S2-E3,2026-04-30,2026-04-30,2026-04,3,3,nd8KBDAcrrdYMjzhcK1a#1,Cássio,Animated Army,sggdwX3F55jTw9H31Uqg#1,Boone,Festa dos Planeswalker,lose
liga-2x2-online-s2-e3,Liga 2x2 Online S2-E3,2026-04-30,2026-04-30,2026-04,3,3,nd8KBDAcrrdYMjzhcK1a#1,Cássio,Animated Army,nd8KBDAcrrdYMjzhcK1a#2,Carlos,Saída do Exílio,lose
liga-2x2-online-s2-e3,Liga 2x2 Online S2-E3,2026-04-30,2026-04-30,2026-04,3,3,nd8KBDAcrrdYMjzhcK1a#1,Cássio,Animated Army,sggdwX3F55jTw9H31Uqg#2,Reva,"Ave, Caesar",lose
liga-2x2-online-s2-e3,Liga 2x2 Online S2-E3,2026-04-30,2026-04-30,2026-04,3,3,sggdwX3F55jTw9H31Uqg#2,Reva,"Ave, Caesar",sggdwX3F55jTw9H31Uqg#1,Boone,Festa dos Planeswalker,win
liga-2x2-online-s2-e3,Liga 2x2 Online S2-E3,2026-04-30,2026-04-30,2026-04,3,3,sggdwX3F55jTw9H31Uqg#2,Reva,"Ave, Caesar",nd8KBDAcrrdYMjzhcK1a#2,Carlos,Saída do Exílio,win
liga-2x2-online-s2-e3,Liga 2x2 Online S2-E3,2026-04-30,2026-04-30,2026-04,3,3,sggdwX3F55jTw9H31Uqg#2,Reva,"Ave, Caesar",nd8KBDAcrrdYMjzhcK1a#1,Cássio,Animated Army,win
liga-2x2-online-s2-e3,Liga 2x2 Online S2-E3,2026-04-30,2026-04-30,2026-04,3,4,HQJmew1lN4qczAFCXc48#2,Bauer,Scions & Spellcraft,HQJmew1lN4qczAFCXc48#1,Gustavo Dias,Squirreled Away,draw
liga-2x2-online-s2-e3,Liga 2x2 Online S2-E3,2026-04-30,2026-04-30,2026-04,3,4,HQJmew1lN4qczAFCXc48#2,Bauer,Scions & Spellcraft,Kod4aRfvWZ22tvoAl2Je#2,Juliano,Jeskai Striker,draw
liga-2x2-online-s2-e3,Liga 2x2 Online S2-E3,2026-04-30,2026-04-30,2026-04,3,4,HQJmew1lN4qczAFCXc48#2,Bauer,Scions & Spellcraft,Kod4aRfvWZ22tvoAl2Je#1,Mateus,Içar Velas,draw
liga-2x2-online-s2-e3,Liga 2x2 Online S2-E3,2026-04-30,2026-04-30,2026-04,3,4,HQJmew1lN4qczAFCXc48#1,Gustavo Dias,Squirreled Away,HQJmew1lN4qczAFCXc48#2,Bauer,Scions & Spellcraft,draw
liga-2x2-online-s2-e3,Liga 2x2 Online S2-E3,2026-04-30,2026-04-30,2026-04,3,4,HQJmew1lN4qczAFCXc48#1,Gustavo Dias,Squirreled Away,Kod4aRfvWZ22tvoAl2Je#2,Juliano,Jeskai Striker,draw
liga-2x2-online-s2-e3,Liga 2x2 Online S2-E3,2026-04-30,2026-04-30,2026-04,3,4,HQJmew1lN4qczAFCXc48#1,Gustavo Dias,Squirreled Away,Kod4aRfvWZ22tvoAl2Je#1,Mateus,Içar Velas,draw
liga-2x2-online-s2-e3,Liga 2x2 Online S2-E3,2026-04-30,2026-04-30,2026-04,3,4,Kod4aRfvWZ22tvoAl2Je#2,Juliano,Jeskai Striker,HQJmew1lN4qczAFCXc48#2,Bauer,Scions & Spellcraft,draw
liga-2x2-online-s2-e3,Liga 2x2 Online S2-E3,2026-04-30,2026-04-30,2026-04,3,4,Kod4aRfvWZ22tvoAl2Je#2,Juliano,Jeskai Striker,HQJmew1lN4qczAFCXc48#1,Gustavo Dias,Squirreled Away,draw
liga-2x2-online-s2-e3,Liga 2x2 Online S2-E3,2026-04-30,2026-04-30,2026-04,3,4,Kod4aRfvWZ22tvoAl2Je#2,Juliano,Jeskai Striker,Kod4aRfvWZ22tvoAl2Je#1,Mateus,Içar Velas,draw
liga-2x2-online-s2-e3,Liga 2x2 Online S2-E3,2026-04-30,2026-04-30,2026-04,3,4,Kod4aRfvWZ22tvoAl2Je#1,Mateus,Içar Velas,HQJmew1lN4qczAFCXc48#2,Bauer,Scions & Spellcraft,draw
liga-2x2-online-s2-e3,Liga 2x2 Online S2-E3,2026-04-30,2026-04-30,2026-04,3,4,Kod4aRfvWZ22tvoAl2Je#1,Mateus,Içar Velas,HQJmew1lN4qczAFCXc48#1,Gustavo Dias,Squirreled Away,draw
liga-2x2-online-s2-e3,Liga 2x2 Online S2-E3,2026-04-30,2026-04-30,2026-04,3,4,Kod4aRfvWZ22tvoAl2Je#1,Mateus,Içar Velas,Kod4aRfvWZ22tvoAl2Je#2,Juliano,Jeskai Striker,draw
liga-2x2-online-s2-e4,Liga 2x2 Online S2-E4,2026-05-14,2026-05-14,2026-05,1,1,id2atwiYn3CKnyYe1dEu#1,Boone,Içar Velas,4YOAlIOdJs413ZUxzWUE#2,Carlos,Squirreled Away,lose
liga-2x2-online-s2-e4,Liga 2x2 Online S2-E4,2026-05-14,2026-05-14,2026-05,1,1,id2atwiYn3CKnyYe1dEu#1,Boone,Içar Velas,4YOAlIOdJs413ZUxzWUE#1,Cássio,Animated Army,lose
liga-2x2-online-s2-e4,Liga 2x2 Online S2-E4,2026-05-14,2026-05-14,2026-05,1,1,id2atwiYn3CKnyYe1dEu#1,Boone,Içar Velas,id2atwiYn3CKnyYe1dEu#2,Reva,"Ave, Caesar",lose
liga-2x2-online-s2-e4,Liga 2x2 Online S2-E4,2026-05-14,2026-05-14,2026-05,1,1,4YOAlIOdJs413ZUxzWUE#2,Carlos,Squirreled Away,id2atwiYn3CKnyYe1dEu#1,Boone,Içar Velas,win
liga-2x2-online-s2-e4,Liga 2x2 Online S2-E4,2026-05-14,2026-05-14,2026-05,1,1,4YOAlIOdJs413ZUxzWUE#2,Carlos,Squirreled Away,4YOAlIOdJs413ZUxzWUE#1,Cássio,Animated Army,win
liga-2x2-online-s2-e4,Liga 2x2 Online S2-E4,2026-05-14,2026-05-14,2026-05,1,1,4YOAlIOdJs413ZUxzWUE#2,Carlos,Squirreled Away,id2atwiYn3CKnyYe1dEu#2,Reva,"Ave, Caesar",win
liga-2x2-online-s2-e4,Liga 2x2 Online S2-E4,2026-05-14,2026-05-14,2026-05,1,1,4YOAlIOdJs413ZUxzWUE#1,Cássio,Animated Army,id2atwiYn3CKnyYe1dEu#1,Boone,Içar Velas,win
liga-2x2-online-s2-e4,Liga 2x2 Online S2-E4,2026-05-14,2026-05-14,2026-05,1,1,4YOAlIOdJs413ZUxzWUE#1,Cássio,Animated Army,4YOAlIOdJs413ZUxzWUE#2,Carlos,Squirreled Away,win
liga-2x2-online-s2-e4,Liga 2x2 Online S2-E4,2026-05-14,2026-05-14,2026-05,1,1,4YOAlIOdJs413ZUxzWUE#1,Cássio,Animated Army,id2atwiYn3CKnyYe1dEu#2,Reva,"Ave, Caesar",win
liga-2x2-online-s2-e4,Liga 2x2 Online S2-E4,2026-05-14,2026-05-14,2026-05,1,1,id2atwiYn3CKnyYe1dEu#2,Reva,"Ave, Caesar",id2atwiYn3CKnyYe1dEu#1,Boone,Içar Velas,lose
liga-2x2-online-s2-e4,Liga 2x2 Online S2-E4,2026-05-14,2026-05-14,2026-05,1,1,id2atwiYn3CKnyYe1dEu#2,Reva,"Ave, Caesar",4YOAlIOdJs413ZUxzWUE#2,Carlos,Squirreled Away,lose
liga-2x2-online-s2-e4,Liga 2x2 Online S2-E4,2026-05-14,2026-05-14,2026-05,1,1,id2atwiYn3CKnyYe1dEu#2,Reva,"Ave, Caesar",4YOAlIOdJs413ZUxzWUE#1,Cássio,Animated Army,lose
liga-2x2-online-s2-e4,Liga 2x2 Online S2-E4,2026-05-14,2026-05-14,2026-05,1,2,5H22KtFrycpvziBSY2PJ#2,Arthur Sartori,Scions & Spellcraft,R75rZAqaX2zsbRh9NzVw#2,João Marmentini,Silverquill Influence,win
liga-2x2-online-s2-e4,Liga 2x2 Online S2-E4,2026-05-14,2026-05-14,2026-05,1,2,5H22KtFrycpvziBSY2PJ#2,Arthur Sartori,Scions & Spellcraft,5H22KtFrycpvziBSY2PJ#1,Marcos Sartori,Festa dos Planeswalker,win
liga-2x2-online-s2-e4,Liga 2x2 Online S2-E4,2026-05-14,2026-05-14,2026-05,1,2,5H22KtFrycpvziBSY2PJ#2,Arthur Sartori,Scions & Spellcraft,R75rZAqaX2zsbRh9NzVw#1,Vande,Virtude e Valor,win
liga-2x2-online-s2-e4,Liga 2x2 Online S2-E4,2026-05-14,2026-05-14,2026-05,1,2,R75rZAqaX2zsbRh9NzVw#2,João Marmentini,Silverquill Influence,5H22KtFrycpvziBSY2PJ#2,Arthur Sartori,Scions & Spellcraft,lose
liga-2x2-online-s2-e4,Liga 2x2 Online S2-E4,2026-05-14,2026-05-14,2026-05,1,2,R75rZAqaX2zsbRh9NzVw#2,João Marmentini,Silverquill Influence,5H22KtFrycpvziBSY2PJ#1,Marcos Sartori,Festa dos Planeswalker,lose
liga-2x2-online-s2-e4,Liga 2x2 Online S2-E4,2026-05-14,2026-05-14,2026-05,1,2,R75rZAqaX2zsbRh9NzVw#2,João Marmentini,Silverquill Influence,R75rZAqaX2zsbRh9NzVw#1,Vande,Virtude e Valor,lose
liga-2x2-online-s2-e4,Liga 2x2 Online S2-E4,2026-05-14,2026-05-14,2026-05,1,2,5H22KtFrycpvziBSY2PJ#1,Marcos Sartori,Festa dos Planeswalker,5H22KtFrycpvziBSY2PJ#2,Arthur Sartori,Scions & Spellcraft,win
liga-2x2-online-s2-e4,Liga 2x2 Online S2-E4,2026-05-14,2026-05-14,2026-05,1,2,5H22KtFrycpvziBSY2PJ#1,Marcos Sartori,Festa dos Planeswalker,R75rZAqaX2zsbRh9NzVw#2,João Marmentini,Silverquill Influence,win
liga-2x2-online-s2-e4,Liga 2x2 Online S2-E4,2026-05-14,2026-05-14,2026-05,1,2,5H22KtFrycpvziBSY2PJ#1,Marcos Sartori,Festa dos Planeswalker,R75rZAqaX2zsbRh9NzVw#1,Vande,Virtude e Valor,win
liga-2x2-online-s2-e4,Liga 2x2 Online S2-E4,2026-05-14,2026-05-14,2026-05,1,2,R75rZAqaX2zsbRh9NzVw#1,Vande,Virtude e Valor,5H22KtFrycpvziBSY2PJ#2,Arthur Sartori,Scions & Spellcraft,lose
liga-2x2-online-s2-e4,Liga 2x2 Online S2-E4,2026-05-14,2026-05-14,2026-05,1,2,R75rZAqaX2zsbRh9NzVw#1,Vande,Virtude e Valor,R75rZAqaX2zsbRh9NzVw#2,João Marmentini,Silverquill Influence,lose
liga-2x2-online-s2-e4,Liga 2x2 Online S2-E4,2026-05-14,2026-05-14,2026-05,1,2,R75rZAqaX2zsbRh9NzVw#1,Vande,Virtude e Valor,5H22KtFrycpvziBSY2PJ#1,Marcos Sartori,Festa dos Planeswalker,lose
liga-2x2-online-s2-e4,Liga 2x2 Online S2-E4,2026-05-14,2026-05-14,2026-05,1,3,QZ89wxBLstENHnhqxDMC#1,Bauer,Festa dos Planeswalker,sN3sDxxpkkeocqa9Xkio#1,Borini,Lorehold Spirit,win
liga-2x2-online-s2-e4,Liga 2x2 Online S2-E4,2026-05-14,2026-05-14,2026-05,1,3,QZ89wxBLstENHnhqxDMC#1,Bauer,Festa dos Planeswalker,QZ89wxBLstENHnhqxDMC#2,Langa,Içar Velas,win
liga-2x2-online-s2-e4,Liga 2x2 Online S2-E4,2026-05-14,2026-05-14,2026-05,1,3,QZ89wxBLstENHnhqxDMC#1,Bauer,Festa dos Planeswalker,sN3sDxxpkkeocqa9Xkio#2,Vicente,Silverquill Influence,win
liga-2x2-online-s2-e4,Liga 2x2 Online S2-E4,2026-05-14,2026-05-14,2026-05,1,3,sN3sDxxpkkeocqa9Xkio#1,Borini,Lorehold Spirit,QZ89wxBLstENHnhqxDMC#1,Bauer,Festa dos Planeswalker,lose
liga-2x2-online-s2-e4,Liga 2x2 Online S2-E4,2026-05-14,2026-05-14,2026-05,1,3,sN3sDxxpkkeocqa9Xkio#1,Borini,Lorehold Spirit,QZ89wxBLstENHnhqxDMC#2,Langa,Içar Velas,lose
liga-2x2-online-s2-e4,Liga 2x2 Online S2-E4,2026-05-14,2026-05-14,2026-05,1,3,sN3sDxxpkkeocqa9Xkio#1,Borini,Lorehold Spirit,sN3sDxxpkkeocqa9Xkio#2,Vicente,Silverquill Influence,lose
liga-2x2-online-s2-e4,Liga 2x2 Online S2-E4,2026-05-14,2026-05-14,2026-05,1,3,QZ89wxBLstENHnhqxDMC#2,Langa,Içar Velas,QZ89wxBLstENHnhqxDMC#1,Bauer,Festa dos Planeswalker,win
liga-2x2-online-s2-e4,Liga 2x2 Online S2-E4,2026-05-14,2026-05-14,2026-05,1,3,QZ89wxBLstENHnhqxDMC#2,Langa,Içar Velas,sN3sDxxpkkeocqa9Xkio#1,Borini,Lorehold Spirit,win
liga-2x2-online-s2-e4,Liga 2x2 Online S2-E4,2026-05-14,2026-05-14,2026-05,1,3,QZ89wxBLstENHnhqxDMC#2,Langa,Içar Velas,sN3sDxxpkkeocqa9Xkio#2,Vicente,Silverquill Influence,win
liga-2x2-online-s2-e4,Liga 2x2 Online S2-E4,2026-05-14,2026-05-14,2026-05,1,3,sN3sDxxpkkeocqa9Xkio#2,Vicente,Silverquill Influence,QZ89wxBLstENHnhqxDMC#1,Bauer,Festa dos Planeswalker,lose
liga-2x2-online-s2-e4,Liga 2x2 Online S2-E4,2026-05-14,2026-05-14,2026-05,1,3,sN3sDxxpkkeocqa9Xkio#2,Vicente,Silverquill Influence,sN3sDxxpkkeocqa9Xkio#1,Borini,Lorehold Spirit,lose
liga-2x2-online-s2-e4,Liga 2x2 Online S2-E4,2026-05-14,2026-05-14,2026-05,1,3,sN3sDxxpkkeocqa9Xkio#2,Vicente,Silverquill Influence,QZ89wxBLstENHnhqxDMC#2,Langa,Içar Velas,lose
liga-2x2-online-s2-e4,Liga 2x2 Online S2-E4,2026-05-14,2026-05-14,2026-05,1,4,QtDrsWsB43AdMv90nqN8#1,Bells,Quandrix Unlimited,QtDrsWsB43AdMv90nqN8#2,Greowtty,Maelstrom Arcano,lose
liga-2x2-online-s2-e4,Liga 2x2 Online S2-E4,2026-05-14,2026-05-14,2026-05,1,4,QtDrsWsB43AdMv90nqN8#1,Bells,Quandrix Unlimited,sCSBgilzOb8wrd53CkBx#2,Jorel,Quandrix Unlimited,lose
liga-2x2-online-s2-e4,Liga 2x2 Online S2-E4,2026-05-14,2026-05-14,2026-05,1,4,QtDrsWsB43AdMv90nqN8#1,Bells,Quandrix Unlimited,sCSBgilzOb8wrd53CkBx#1,Martin,Lorehold Spirit,lose
liga-2x2-online-s2-e4,Liga 2x2 Online S2-E4,2026-05-14,2026-05-14,2026-05,1,4,QtDrsWsB43AdMv90nqN8#2,Greowtty,Maelstrom Arcano,QtDrsWsB43AdMv90nqN8#1,Bells,Quandrix Unlimited,lose
liga-2x2-online-s2-e4,Liga 2x2 Online S2-E4,2026-05-14,2026-05-14,2026-05,1,4,QtDrsWsB43AdMv90nqN8#2,Greowtty,Maelstrom Arcano,sCSBgilzOb8wrd53CkBx#2,Jorel,Quandrix Unlimited,lose
liga-2x2-online-s2-e4,Liga 2x2 Online S2-E4,2026-05-14,2026-05-14,2026-05,1,4,QtDrsWsB43AdMv90nqN8#2,Greowtty,Maelstrom Arcano,sCSBgilzOb8wrd53CkBx#1,Martin,Lorehold Spirit,lose
liga-2x2-online-s2-e4,Liga 2x2 Online S2-E4,2026-05-14,2026-05-14,2026-05,1,4,sCSBgilzOb8wrd53CkBx#2,Jorel,Quandrix Unlimited,QtDrsWsB43AdMv90nqN8#1,Bells,Quandrix Unlimited,win
liga-2x2-online-s2-e4,Liga 2x2 Online S2-E4,2026-05-14,2026-05-14,2026-05,1,4,sCSBgilzOb8wrd53CkBx#2,Jorel,Quandrix Unlimited,QtDrsWsB43AdMv90nqN8#2,Greowtty,Maelstrom Arcano,win
liga-2x2-online-s2-e4,Liga 2x2 Online S2-E4,2026-05-14,2026-05-14,2026-05,1,4,sCSBgilzOb8wrd53CkBx#2,Jorel,Quandrix Unlimited,sCSBgilzOb8wrd53CkBx#1,Martin,Lorehold Spirit,win
liga-2x2-online-s2-e4,Liga 2x2 Online S2-E4,2026-05-14,2026-05-14,2026-05,1,4,sCSBgilzOb8wrd53CkBx#1,Martin,Lorehold Spirit,QtDrsWsB43AdMv90nqN8#1,Bells,Quandrix Unlimited,win
liga-2x2-online-s2-e4,Liga 2x2 Online S2-E4,2026-05-14,2026-05-14,2026-05,1,4,sCSBgilzOb8wrd53CkBx#1,Martin,Lorehold Spirit,QtDrsWsB43AdMv90nqN8#2,Greowtty,Maelstrom Arcano,win
liga-2x2-online-s2-e4,Liga 2x2 Online S2-E4,2026-05-14,2026-05-14,2026-05,1,4,sCSBgilzOb8wrd53CkBx#1,Martin,Lorehold Spirit,sCSBgilzOb8wrd53CkBx#2,Jorel,Quandrix Unlimited,win
liga-2x2-online-s2-e4,Liga 2x2 Online S2-E4,2026-05-14,2026-05-14,2026-05,2,1,QZ89wxBLstENHnhqxDMC#1,Bauer,Festa dos Planeswalker,4YOAlIOdJs413ZUxzWUE#2,Carlos,Squirreled Away,lose
liga-2x2-online-s2-e4,Liga 2x2 Online S2-E4,2026-05-14,2026-05-14,2026-05,2,1,QZ89wxBLstENHnhqxDMC#1,Bauer,Festa dos Planeswalker,4YOAlIOdJs413ZUxzWUE#1,Cássio,Animated Army,lose
liga-2x2-online-s2-e4,Liga 2x2 Online S2-E4,2026-05-14,2026-05-14,2026-05,2,1,QZ89wxBLstENHnhqxDMC#1,Bauer,Festa dos Planeswalker,QZ89wxBLstENHnhqxDMC#2,Langa,Içar Velas,lose
liga-2x2-online-s2-e4,Liga 2x2 Online S2-E4,2026-05-14,2026-05-14,2026-05,2,1,4YOAlIOdJs413ZUxzWUE#2,Carlos,Squirreled Away,QZ89wxBLstENHnhqxDMC#1,Bauer,Festa dos Planeswalker,win
liga-2x2-online-s2-e4,Liga 2x2 Online S2-E4,2026-05-14,2026-05-14,2026-05,2,1,4YOAlIOdJs413ZUxzWUE#2,Carlos,Squirreled Away,4YOAlIOdJs413ZUxzWUE#1,Cássio,Animated Army,win
liga-2x2-online-s2-e4,Liga 2x2 Online S2-E4,2026-05-14,2026-05-14,2026-05,2,1,4YOAlIOdJs413ZUxzWUE#2,Carlos,Squirreled Away,QZ89wxBLstENHnhqxDMC#2,Langa,Içar Velas,win
liga-2x2-online-s2-e4,Liga 2x2 Online S2-E4,2026-05-14,2026-05-14,2026-05,2,1,4YOAlIOdJs413ZUxzWUE#1,Cássio,Animated Army,QZ89wxBLstENHnhqxDMC#1,Bauer,Festa dos Planeswalker,win
liga-2x2-online-s2-e4,Liga 2x2 Online S2-E4,2026-05-14,2026-05-14,2026-05,2,1,4YOAlIOdJs413ZUxzWUE#1,Cássio,Animated Army,4YOAlIOdJs413ZUxzWUE#2,Carlos,Squirreled Away,win
liga-2x2-online-s2-e4,Liga 2x2 Online S2-E4,2026-05-14,2026-05-14,2026-05,2,1,4YOAlIOdJs413ZUxzWUE#1,Cássio,Animated Army,QZ89wxBLstENHnhqxDMC#2,Langa,Içar Velas,win
liga-2x2-online-s2-e4,Liga 2x2 Online S2-E4,2026-05-14,2026-05-14,2026-05,2,1,QZ89wxBLstENHnhqxDMC#2,Langa,Içar Velas,QZ89wxBLstENHnhqxDMC#1,Bauer,Festa dos Planeswalker,lose
liga-2x2-online-s2-e4,Liga 2x2 Online S2-E4,2026-05-14,2026-05-14,2026-05,2,1,QZ89wxBLstENHnhqxDMC#2,Langa,Içar Velas,4YOAlIOdJs413ZUxzWUE#2,Carlos,Squirreled Away,lose
liga-2x2-online-s2-e4,Liga 2x2 Online S2-E4,2026-05-14,2026-05-14,2026-05,2,1,QZ89wxBLstENHnhqxDMC#2,Langa,Içar Velas,4YOAlIOdJs413ZUxzWUE#1,Cássio,Animated Army,lose
liga-2x2-online-s2-e4,Liga 2x2 Online S2-E4,2026-05-14,2026-05-14,2026-05,2,2,5H22KtFrycpvziBSY2PJ#2,Arthur Sartori,Scions & Spellcraft,sCSBgilzOb8wrd53CkBx#2,Jorel,Quandrix Unlimited,win
liga-2x2-online-s2-e4,Liga 2x2 Online S2-E4,2026-05-14,2026-05-14,2026-05,2,2,5H22KtFrycpvziBSY2PJ#2,Arthur Sartori,Scions & Spellcraft,5H22KtFrycpvziBSY2PJ#1,Marcos Sartori,Festa dos Planeswalker,win
liga-2x2-online-s2-e4,Liga 2x2 Online S2-E4,2026-05-14,2026-05-14,2026-05,2,2,5H22KtFrycpvziBSY2PJ#2,Arthur Sartori,Scions & Spellcraft,sCSBgilzOb8wrd53CkBx#1,Martin,Lorehold Spirit,win
liga-2x2-online-s2-e4,Liga 2x2 Online S2-E4,2026-05-14,2026-05-14,2026-05,2,2,sCSBgilzOb8wrd53CkBx#2,Jorel,Quandrix Unlimited,5H22KtFrycpvziBSY2PJ#2,Arthur Sartori,Scions & Spellcraft,lose
liga-2x2-online-s2-e4,Liga 2x2 Online S2-E4,2026-05-14,2026-05-14,2026-05,2,2,sCSBgilzOb8wrd53CkBx#2,Jorel,Quandrix Unlimited,5H22KtFrycpvziBSY2PJ#1,Marcos Sartori,Festa dos Planeswalker,lose
liga-2x2-online-s2-e4,Liga 2x2 Online S2-E4,2026-05-14,2026-05-14,2026-05,2,2,sCSBgilzOb8wrd53CkBx#2,Jorel,Quandrix Unlimited,sCSBgilzOb8wrd53CkBx#1,Martin,Lorehold Spirit,lose
liga-2x2-online-s2-e4,Liga 2x2 Online S2-E4,2026-05-14,2026-05-14,2026-05,2,2,5H22KtFrycpvziBSY2PJ#1,Marcos Sartori,Festa dos Planeswalker,5H22KtFrycpvziBSY2PJ#2,Arthur Sartori,Scions & Spellcraft,win
liga-2x2-online-s2-e4,Liga 2x2 Online S2-E4,2026-05-14,2026-05-14,2026-05,2,2,5H22KtFrycpvziBSY2PJ#1,Marcos Sartori,Festa dos Planeswalker,sCSBgilzOb8wrd53CkBx#2,Jorel,Quandrix Unlimited,win
liga-2x2-online-s2-e4,Liga 2x2 Online S2-E4,2026-05-14,2026-05-14,2026-05,2,2,5H22KtFrycpvziBSY2PJ#1,Marcos Sartori,Festa dos Planeswalker,sCSBgilzOb8wrd53CkBx#1,Martin,Lorehold Spirit,win
liga-2x2-online-s2-e4,Liga 2x2 Online S2-E4,2026-05-14,2026-05-14,2026-05,2,2,sCSBgilzOb8wrd53CkBx#1,Martin,Lorehold Spirit,5H22KtFrycpvziBSY2PJ#2,Arthur Sartori,Scions & Spellcraft,lose
liga-2x2-online-s2-e4,Liga 2x2 Online S2-E4,2026-05-14,2026-05-14,2026-05,2,2,sCSBgilzOb8wrd53CkBx#1,Martin,Lorehold Spirit,sCSBgilzOb8wrd53CkBx#2,Jorel,Quandrix Unlimited,lose
liga-2x2-online-s2-e4,Liga 2x2 Online S2-E4,2026-05-14,2026-05-14,2026-05,2,2,sCSBgilzOb8wrd53CkBx#1,Martin,Lorehold Spirit,5H22KtFrycpvziBSY2PJ#1,Marcos Sartori,Festa dos Planeswalker,lose
liga-2x2-online-s2-e4,Liga 2x2 Online S2-E4,2026-05-14,2026-05-14,2026-05,2,3,id2atwiYn3CKnyYe1dEu#1,Boone,Içar Velas,R75rZAqaX2zsbRh9NzVw#2,João Marmentini,Silverquill Influence,win
liga-2x2-online-s2-e4,Liga 2x2 Online S2-E4,2026-05-14,2026-05-14,2026-05,2,3,id2atwiYn3CKnyYe1dEu#1,Boone,Içar Velas,id2atwiYn3CKnyYe1dEu#2,Reva,"Ave, Caesar",win
liga-2x2-online-s2-e4,Liga 2x2 Online S2-E4,2026-05-14,2026-05-14,2026-05,2,3,id2atwiYn3CKnyYe1dEu#1,Boone,Içar Velas,R75rZAqaX2zsbRh9NzVw#1,Vande,Virtude e Valor,win
liga-2x2-online-s2-e4,Liga 2x2 Online S2-E4,2026-05-14,2026-05-14,2026-05,2,3,R75rZAqaX2zsbRh9NzVw#2,João Marmentini,Silverquill Influence,id2atwiYn3CKnyYe1dEu#1,Boone,Içar Velas,lose
liga-2x2-online-s2-e4,Liga 2x2 Online S2-E4,2026-05-14,2026-05-14,2026-05,2,3,R75rZAqaX2zsbRh9NzVw#2,João Marmentini,Silverquill Influence,id2atwiYn3CKnyYe1dEu#2,Reva,"Ave, Caesar",lose
liga-2x2-online-s2-e4,Liga 2x2 Online S2-E4,2026-05-14,2026-05-14,2026-05,2,3,R75rZAqaX2zsbRh9NzVw#2,João Marmentini,Silverquill Influence,R75rZAqaX2zsbRh9NzVw#1,Vande,Virtude e Valor,lose
liga-2x2-online-s2-e4,Liga 2x2 Online S2-E4,2026-05-14,2026-05-14,2026-05,2,3,id2atwiYn3CKnyYe1dEu#2,Reva,"Ave, Caesar",id2atwiYn3CKnyYe1dEu#1,Boone,Içar Velas,win
liga-2x2-online-s2-e4,Liga 2x2 Online S2-E4,2026-05-14,2026-05-14,2026-05,2,3,id2atwiYn3CKnyYe1dEu#2,Reva,"Ave, Caesar",R75rZAqaX2zsbRh9NzVw#2,João Marmentini,Silverquill Influence,win
liga-2x2-online-s2-e4,Liga 2x2 Online S2-E4,2026-05-14,2026-05-14,2026-05,2,3,id2atwiYn3CKnyYe1dEu#2,Reva,"Ave, Caesar",R75rZAqaX2zsbRh9NzVw#1,Vande,Virtude e Valor,win
liga-2x2-online-s2-e4,Liga 2x2 Online S2-E4,2026-05-14,2026-05-14,2026-05,2,3,R75rZAqaX2zsbRh9NzVw#1,Vande,Virtude e Valor,id2atwiYn3CKnyYe1dEu#1,Boone,Içar Velas,lose
liga-2x2-online-s2-e4,Liga 2x2 Online S2-E4,2026-05-14,2026-05-14,2026-05,2,3,R75rZAqaX2zsbRh9NzVw#1,Vande,Virtude e Valor,R75rZAqaX2zsbRh9NzVw#2,João Marmentini,Silverquill Influence,lose
liga-2x2-online-s2-e4,Liga 2x2 Online S2-E4,2026-05-14,2026-05-14,2026-05,2,3,R75rZAqaX2zsbRh9NzVw#1,Vande,Virtude e Valor,id2atwiYn3CKnyYe1dEu#2,Reva,"Ave, Caesar",lose
liga-2x2-online-s2-e4,Liga 2x2 Online S2-E4,2026-05-14,2026-05-14,2026-05,2,4,QtDrsWsB43AdMv90nqN8#1,Bells,Quandrix Unlimited,sN3sDxxpkkeocqa9Xkio#1,Borini,Lorehold Spirit,win
liga-2x2-online-s2-e4,Liga 2x2 Online S2-E4,2026-05-14,2026-05-14,2026-05,2,4,QtDrsWsB43AdMv90nqN8#1,Bells,Quandrix Unlimited,QtDrsWsB43AdMv90nqN8#2,Greowtty,Maelstrom Arcano,win
liga-2x2-online-s2-e4,Liga 2x2 Online S2-E4,2026-05-14,2026-05-14,2026-05,2,4,QtDrsWsB43AdMv90nqN8#1,Bells,Quandrix Unlimited,sN3sDxxpkkeocqa9Xkio#2,Vicente,Silverquill Influence,win
liga-2x2-online-s2-e4,Liga 2x2 Online S2-E4,2026-05-14,2026-05-14,2026-05,2,4,sN3sDxxpkkeocqa9Xkio#1,Borini,Lorehold Spirit,QtDrsWsB43AdMv90nqN8#1,Bells,Quandrix Unlimited,lose
liga-2x2-online-s2-e4,Liga 2x2 Online S2-E4,2026-05-14,2026-05-14,2026-05,2,4,sN3sDxxpkkeocqa9Xkio#1,Borini,Lorehold Spirit,QtDrsWsB43AdMv90nqN8#2,Greowtty,Maelstrom Arcano,lose
liga-2x2-online-s2-e4,Liga 2x2 Online S2-E4,2026-05-14,2026-05-14,2026-05,2,4,sN3sDxxpkkeocqa9Xkio#1,Borini,Lorehold Spirit,sN3sDxxpkkeocqa9Xkio#2,Vicente,Silverquill Influence,lose
liga-2x2-online-s2-e4,Liga 2x2 Online S2-E4,2026-05-14,2026-05-14,2026-05,2,4,QtDrsWsB43AdMv90nqN8#2,Greowtty,Maelstrom Arcano,QtDrsWsB43AdMv90nqN8#1,Bells,Quandrix Unlimited,win
liga-2x2-online-s2-e4,Liga 2x2 Online S2-E4,2026-05-14,2026-05-14,2026-05,2,4,QtDrsWsB43AdMv90nqN8#2,Greowtty,Maelstrom Arcano,sN3sDxxpkkeocqa9Xkio#1,Borini,Lorehold Spirit,win
liga-2x2-online-s2-e4,Liga 2x2 Online S2-E4,2026-05-14,2026-05-14,2026-05,2,4,QtDrsWsB43AdMv90nqN8#2,Greowtty,Maelstrom Arcano,sN3sDxxpkkeocqa9Xkio#2,Vicente,Silverquill Influence,win
liga-2x2-online-s2-e4,Liga 2x2 Online S2-E4,2026-05-14,2026-05-14,2026-05,2,4,sN3sDxxpkkeocqa9Xkio#2,Vicente,Silverquill Influence,QtDrsWsB43AdMv90nqN8#1,Bells,Quandrix Unlimited,lose
liga-2x2-online-s2-e4,Liga 2x2 Online S2-E4,2026-05-14,2026-05-14,2026-05,2,4,sN3sDxxpkkeocqa9Xkio#2,Vicente,Silverquill Influence,sN3sDxxpkkeocqa9Xkio#1,Borini,Lorehold Spirit,lose
liga-2x2-online-s2-e4,Liga 2x2 Online S2-E4,2026-05-14,2026-05-14,2026-05,2,4,sN3sDxxpkkeocqa9Xkio#2,Vicente,Silverquill Influence,QtDrsWsB43AdMv90nqN8#2,Greowtty,Maelstrom Arcano,lose
liga-2x2-online-s2-e4,Liga 2x2 Online S2-E4,2026-05-14,2026-05-14,2026-05,3,1,5H22KtFrycpvziBSY2PJ#2,Arthur Sartori,Scions & Spellcraft,4YOAlIOdJs413ZUxzWUE#2,Carlos,Squirreled Away,lose
liga-2x2-online-s2-e4,Liga 2x2 Online S2-E4,2026-05-14,2026-05-14,2026-05,3,1,5H22KtFrycpvziBSY2PJ#2,Arthur Sartori,Scions & Spellcraft,4YOAlIOdJs413ZUxzWUE#1,Cássio,Animated Army,lose
liga-2x2-online-s2-e4,Liga 2x2 Online S2-E4,2026-05-14,2026-05-14,2026-05,3,1,5H22KtFrycpvziBSY2PJ#2,Arthur Sartori,Scions & Spellcraft,5H22KtFrycpvziBSY2PJ#1,Marcos Sartori,Festa dos Planeswalker,lose
liga-2x2-online-s2-e4,Liga 2x2 Online S2-E4,2026-05-14,2026-05-14,2026-05,3,1,4YOAlIOdJs413ZUxzWUE#2,Carlos,Squirreled Away,5H22KtFrycpvziBSY2PJ#2,Arthur Sartori,Scions & Spellcraft,win
liga-2x2-online-s2-e4,Liga 2x2 Online S2-E4,2026-05-14,2026-05-14,2026-05,3,1,4YOAlIOdJs413ZUxzWUE#2,Carlos,Squirreled Away,4YOAlIOdJs413ZUxzWUE#1,Cássio,Animated Army,win
liga-2x2-online-s2-e4,Liga 2x2 Online S2-E4,2026-05-14,2026-05-14,2026-05,3,1,4YOAlIOdJs413ZUxzWUE#2,Carlos,Squirreled Away,5H22KtFrycpvziBSY2PJ#1,Marcos Sartori,Festa dos Planeswalker,win
liga-2x2-online-s2-e4,Liga 2x2 Online S2-E4,2026-05-14,2026-05-14,2026-05,3,1,4YOAlIOdJs413ZUxzWUE#1,Cássio,Animated Army,5H22KtFrycpvziBSY2PJ#2,Arthur Sartori,Scions & Spellcraft,win
liga-2x2-online-s2-e4,Liga 2x2 Online S2-E4,2026-05-14,2026-05-14,2026-05,3,1,4YOAlIOdJs413ZUxzWUE#1,Cássio,Animated Army,4YOAlIOdJs413ZUxzWUE#2,Carlos,Squirreled Away,win
liga-2x2-online-s2-e4,Liga 2x2 Online S2-E4,2026-05-14,2026-05-14,2026-05,3,1,4YOAlIOdJs413ZUxzWUE#1,Cássio,Animated Army,5H22KtFrycpvziBSY2PJ#1,Marcos Sartori,Festa dos Planeswalker,win
liga-2x2-online-s2-e4,Liga 2x2 Online S2-E4,2026-05-14,2026-05-14,2026-05,3,1,5H22KtFrycpvziBSY2PJ#1,Marcos Sartori,Festa dos Planeswalker,5H22KtFrycpvziBSY2PJ#2,Arthur Sartori,Scions & Spellcraft,lose
liga-2x2-online-s2-e4,Liga 2x2 Online S2-E4,2026-05-14,2026-05-14,2026-05,3,1,5H22KtFrycpvziBSY2PJ#1,Marcos Sartori,Festa dos Planeswalker,4YOAlIOdJs413ZUxzWUE#2,Carlos,Squirreled Away,lose
liga-2x2-online-s2-e4,Liga 2x2 Online S2-E4,2026-05-14,2026-05-14,2026-05,3,1,5H22KtFrycpvziBSY2PJ#1,Marcos Sartori,Festa dos Planeswalker,4YOAlIOdJs413ZUxzWUE#1,Cássio,Animated Army,lose
liga-2x2-online-s2-e4,Liga 2x2 Online S2-E4,2026-05-14,2026-05-14,2026-05,3,2,QtDrsWsB43AdMv90nqN8#1,Bells,Quandrix Unlimited,id2atwiYn3CKnyYe1dEu#1,Boone,Içar Velas,win
liga-2x2-online-s2-e4,Liga 2x2 Online S2-E4,2026-05-14,2026-05-14,2026-05,3,2,QtDrsWsB43AdMv90nqN8#1,Bells,Quandrix Unlimited,QtDrsWsB43AdMv90nqN8#2,Greowtty,Maelstrom Arcano,win
liga-2x2-online-s2-e4,Liga 2x2 Online S2-E4,2026-05-14,2026-05-14,2026-05,3,2,QtDrsWsB43AdMv90nqN8#1,Bells,Quandrix Unlimited,id2atwiYn3CKnyYe1dEu#2,Reva,"Ave, Caesar",win
liga-2x2-online-s2-e4,Liga 2x2 Online S2-E4,2026-05-14,2026-05-14,2026-05,3,2,id2atwiYn3CKnyYe1dEu#1,Boone,Içar Velas,QtDrsWsB43AdMv90nqN8#1,Bells,Quandrix Unlimited,lose
liga-2x2-online-s2-e4,Liga 2x2 Online S2-E4,2026-05-14,2026-05-14,2026-05,3,2,id2atwiYn3CKnyYe1dEu#1,Boone,Içar Velas,QtDrsWsB43AdMv90nqN8#2,Greowtty,Maelstrom Arcano,lose
liga-2x2-online-s2-e4,Liga 2x2 Online S2-E4,2026-05-14,2026-05-14,2026-05,3,2,id2atwiYn3CKnyYe1dEu#1,Boone,Içar Velas,id2atwiYn3CKnyYe1dEu#2,Reva,"Ave, Caesar",lose
liga-2x2-online-s2-e4,Liga 2x2 Online S2-E4,2026-05-14,2026-05-14,2026-05,3,2,QtDrsWsB43AdMv90nqN8#2,Greowtty,Maelstrom Arcano,QtDrsWsB43AdMv90nqN8#1,Bells,Quandrix Unlimited,win
liga-2x2-online-s2-e4,Liga 2x2 Online S2-E4,2026-05-14,2026-05-14,2026-05,3,2,QtDrsWsB43AdMv90nqN8#2,Greowtty,Maelstrom Arcano,id2atwiYn3CKnyYe1dEu#1,Boone,Içar Velas,win
liga-2x2-online-s2-e4,Liga 2x2 Online S2-E4,2026-05-14,2026-05-14,2026-05,3,2,QtDrsWsB43AdMv90nqN8#2,Greowtty,Maelstrom Arcano,id2atwiYn3CKnyYe1dEu#2,Reva,"Ave, Caesar",win
liga-2x2-online-s2-e4,Liga 2x2 Online S2-E4,2026-05-14,2026-05-14,2026-05,3,2,id2atwiYn3CKnyYe1dEu#2,Reva,"Ave, Caesar",QtDrsWsB43AdMv90nqN8#1,Bells,Quandrix Unlimited,lose
liga-2x2-online-s2-e4,Liga 2x2 Online S2-E4,2026-05-14,2026-05-14,2026-05,3,2,id2atwiYn3CKnyYe1dEu#2,Reva,"Ave, Caesar",id2atwiYn3CKnyYe1dEu#1,Boone,Içar Velas,lose
liga-2x2-online-s2-e4,Liga 2x2 Online S2-E4,2026-05-14,2026-05-14,2026-05,3,2,id2atwiYn3CKnyYe1dEu#2,Reva,"Ave, Caesar",QtDrsWsB43AdMv90nqN8#2,Greowtty,Maelstrom Arcano,lose
liga-2x2-online-s2-e4,Liga 2x2 Online S2-E4,2026-05-14,2026-05-14,2026-05,3,3,QZ89wxBLstENHnhqxDMC#1,Bauer,Festa dos Planeswalker,sCSBgilzOb8wrd53CkBx#2,Jorel,Quandrix Unlimited,lose
liga-2x2-online-s2-e4,Liga 2x2 Online S2-E4,2026-05-14,2026-05-14,2026-05,3,3,QZ89wxBLstENHnhqxDMC#1,Bauer,Festa dos Planeswalker,QZ89wxBLstENHnhqxDMC#2,Langa,Içar Velas,lose
liga-2x2-online-s2-e4,Liga 2x2 Online S2-E4,2026-05-14,2026-05-14,2026-05,3,3,QZ89wxBLstENHnhqxDMC#1,Bauer,Festa dos Planeswalker,sCSBgilzOb8wrd53CkBx#1,Martin,Lorehold Spirit,lose
liga-2x2-online-s2-e4,Liga 2x2 Online S2-E4,2026-05-14,2026-05-14,2026-05,3,3,sCSBgilzOb8wrd53CkBx#2,Jorel,Quandrix Unlimited,QZ89wxBLstENHnhqxDMC#1,Bauer,Festa dos Planeswalker,win
liga-2x2-online-s2-e4,Liga 2x2 Online S2-E4,2026-05-14,2026-05-14,2026-05,3,3,sCSBgilzOb8wrd53CkBx#2,Jorel,Quandrix Unlimited,QZ89wxBLstENHnhqxDMC#2,Langa,Içar Velas,win
liga-2x2-online-s2-e4,Liga 2x2 Online S2-E4,2026-05-14,2026-05-14,2026-05,3,3,sCSBgilzOb8wrd53CkBx#2,Jorel,Quandrix Unlimited,sCSBgilzOb8wrd53CkBx#1,Martin,Lorehold Spirit,win
liga-2x2-online-s2-e4,Liga 2x2 Online S2-E4,2026-05-14,2026-05-14,2026-05,3,3,QZ89wxBLstENHnhqxDMC#2,Langa,Içar Velas,QZ89wxBLstENHnhqxDMC#1,Bauer,Festa dos Planeswalker,lose
liga-2x2-online-s2-e4,Liga 2x2 Online S2-E4,2026-05-14,2026-05-14,2026-05,3,3,QZ89wxBLstENHnhqxDMC#2,Langa,Içar Velas,sCSBgilzOb8wrd53CkBx#2,Jorel,Quandrix Unlimited,lose
liga-2x2-online-s2-e4,Liga 2x2 Online S2-E4,2026-05-14,2026-05-14,2026-05,3,3,QZ89wxBLstENHnhqxDMC#2,Langa,Içar Velas,sCSBgilzOb8wrd53CkBx#1,Martin,Lorehold Spirit,lose
liga-2x2-online-s2-e4,Liga 2x2 Online S2-E4,2026-05-14,2026-05-14,2026-05,3,3,sCSBgilzOb8wrd53CkBx#1,Martin,Lorehold Spirit,QZ89wxBLstENHnhqxDMC#1,Bauer,Festa dos Planeswalker,win
liga-2x2-online-s2-e4,Liga 2x2 Online S2-E4,2026-05-14,2026-05-14,2026-05,3,3,sCSBgilzOb8wrd53CkBx#1,Martin,Lorehold Spirit,sCSBgilzOb8wrd53CkBx#2,Jorel,Quandrix Unlimited,win
liga-2x2-online-s2-e4,Liga 2x2 Online S2-E4,2026-05-14,2026-05-14,2026-05,3,3,sCSBgilzOb8wrd53CkBx#1,Martin,Lorehold Spirit,QZ89wxBLstENHnhqxDMC#2,Langa,Içar Velas,win
liga-2x2-online-s2-e4,Liga 2x2 Online S2-E4,2026-05-14,2026-05-14,2026-05,3,4,sN3sDxxpkkeocqa9Xkio#1,Borini,Lorehold Spirit,R75rZAqaX2zsbRh9NzVw#2,João Marmentini,Silverquill Influence,lose
liga-2x2-online-s2-e4,Liga 2x2 Online S2-E4,2026-05-14,2026-05-14,2026-05,3,4,sN3sDxxpkkeocqa9Xkio#1,Borini,Lorehold Spirit,R75rZAqaX2zsbRh9NzVw#1,Vande,Virtude e Valor,lose
liga-2x2-online-s2-e4,Liga 2x2 Online S2-E4,2026-05-14,2026-05-14,2026-05,3,4,sN3sDxxpkkeocqa9Xkio#1,Borini,Lorehold Spirit,sN3sDxxpkkeocqa9Xkio#2,Vicente,Silverquill Influence,lose
liga-2x2-online-s2-e4,Liga 2x2 Online S2-E4,2026-05-14,2026-05-14,2026-05,3,4,R75rZAqaX2zsbRh9NzVw#2,João Marmentini,Silverquill Influence,sN3sDxxpkkeocqa9Xkio#1,Borini,Lorehold Spirit,win
liga-2x2-online-s2-e4,Liga 2x2 Online S2-E4,2026-05-14,2026-05-14,2026-05,3,4,R75rZAqaX2zsbRh9NzVw#2,João Marmentini,Silverquill Influence,R75rZAqaX2zsbRh9NzVw#1,Vande,Virtude e Valor,win
liga-2x2-online-s2-e4,Liga 2x2 Online S2-E4,2026-05-14,2026-05-14,2026-05,3,4,R75rZAqaX2zsbRh9NzVw#2,João Marmentini,Silverquill Influence,sN3sDxxpkkeocqa9Xkio#2,Vicente,Silverquill Influence,win
liga-2x2-online-s2-e4,Liga 2x2 Online S2-E4,2026-05-14,2026-05-14,2026-05,3,4,R75rZAqaX2zsbRh9NzVw#1,Vande,Virtude e Valor,sN3sDxxpkkeocqa9Xkio#1,Borini,Lorehold Spirit,win
liga-2x2-online-s2-e4,Liga 2x2 Online S2-E4,2026-05-14,2026-05-14,2026-05,3,4,R75rZAqaX2zsbRh9NzVw#1,Vande,Virtude e Valor,R75rZAqaX2zsbRh9NzVw#2,João Marmentini,Silverquill Influence,win
liga-2x2-online-s2-e4,Liga 2x2 Online S2-E4,2026-05-14,2026-05-14,2026-05,3,4,R75rZAqaX2zsbRh9NzVw#1,Vande,Virtude e Valor,sN3sDxxpkkeocqa9Xkio#2,Vicente,Silverquill Influence,win
liga-2x2-online-s2-e4,Liga 2x2 Online S2-E4,2026-05-14,2026-05-14,2026-05,3,4,sN3sDxxpkkeocqa9Xkio#2,Vicente,Silverquill Influence,sN3sDxxpkkeocqa9Xkio#1,Borini,Lorehold Spirit,lose
liga-2x2-online-s2-e4,Liga 2x2 Online S2-E4,2026-05-14,2026-05-14,2026-05,3,4,sN3sDxxpkkeocqa9Xkio#2,Vicente,Silverquill Influence,R75rZAqaX2zsbRh9NzVw#2,João Marmentini,Silverquill Influence,lose
liga-2x2-online-s2-e4,Liga 2x2 Online S2-E4,2026-05-14,2026-05-14,2026-05,3,4,sN3sDxxpkkeocqa9Xkio#2,Vicente,Silverquill Influence,R75rZAqaX2zsbRh9NzVw#1,Vande,Virtude e Valor,lose
liga-2x2-online-s2-e5,Liga 2x2 Online S2-E5,2026-05-28,2026-05-28,2026-05,1,1,JziGWoSfHhaqxStE7HDL#1,Jorel,Turtle Power!,JziGWoSfHhaqxStE7HDL#2,Martin,Lorehold Spirit,lose
liga-2x2-online-s2-e5,Liga 2x2 Online S2-E5,2026-05-28,2026-05-28,2026-05,1,1,JziGWoSfHhaqxStE7HDL#1,Jorel,Turtle Power!,uU0teU1BbSoiiwYl3DGJ#2,Reva,"Ave, Caesar",lose
liga-2x2-online-s2-e5,Liga 2x2 Online S2-E5,2026-05-28,2026-05-28,2026-05,1,1,JziGWoSfHhaqxStE7HDL#1,Jorel,Turtle Power!,uU0teU1BbSoiiwYl3DGJ#1,Samuel,Prismari Artistry,lose
liga-2x2-online-s2-e5,Liga 2x2 Online S2-E5,2026-05-28,2026-05-28,2026-05,1,1,JziGWoSfHhaqxStE7HDL#2,Martin,Lorehold Spirit,JziGWoSfHhaqxStE7HDL#1,Jorel,Turtle Power!,lose
liga-2x2-online-s2-e5,Liga 2x2 Online S2-E5,2026-05-28,2026-05-28,2026-05,1,1,JziGWoSfHhaqxStE7HDL#2,Martin,Lorehold Spirit,uU0teU1BbSoiiwYl3DGJ#2,Reva,"Ave, Caesar",lose
liga-2x2-online-s2-e5,Liga 2x2 Online S2-E5,2026-05-28,2026-05-28,2026-05,1,1,JziGWoSfHhaqxStE7HDL#2,Martin,Lorehold Spirit,uU0teU1BbSoiiwYl3DGJ#1,Samuel,Prismari Artistry,lose
liga-2x2-online-s2-e5,Liga 2x2 Online S2-E5,2026-05-28,2026-05-28,2026-05,1,1,uU0teU1BbSoiiwYl3DGJ#2,Reva,"Ave, Caesar",JziGWoSfHhaqxStE7HDL#1,Jorel,Turtle Power!,win
liga-2x2-online-s2-e5,Liga 2x2 Online S2-E5,2026-05-28,2026-05-28,2026-05,1,1,uU0teU1BbSoiiwYl3DGJ#2,Reva,"Ave, Caesar",JziGWoSfHhaqxStE7HDL#2,Martin,Lorehold Spirit,win
liga-2x2-online-s2-e5,Liga 2x2 Online S2-E5,2026-05-28,2026-05-28,2026-05,1,1,uU0teU1BbSoiiwYl3DGJ#2,Reva,"Ave, Caesar",uU0teU1BbSoiiwYl3DGJ#1,Samuel,Prismari Artistry,win
liga-2x2-online-s2-e5,Liga 2x2 Online S2-E5,2026-05-28,2026-05-28,2026-05,1,1,uU0teU1BbSoiiwYl3DGJ#1,Samuel,Prismari Artistry,JziGWoSfHhaqxStE7HDL#1,Jorel,Turtle Power!,win
liga-2x2-online-s2-e5,Liga 2x2 Online S2-E5,2026-05-28,2026-05-28,2026-05,1,1,uU0teU1BbSoiiwYl3DGJ#1,Samuel,Prismari Artistry,JziGWoSfHhaqxStE7HDL#2,Martin,Lorehold Spirit,win
liga-2x2-online-s2-e5,Liga 2x2 Online S2-E5,2026-05-28,2026-05-28,2026-05,1,1,uU0teU1BbSoiiwYl3DGJ#1,Samuel,Prismari Artistry,uU0teU1BbSoiiwYl3DGJ#2,Reva,"Ave, Caesar",win
liga-2x2-online-s2-e5,Liga 2x2 Online S2-E5,2026-05-28,2026-05-28,2026-05,1,2,1atcQv9NkUeLX7C9UOCh#2,Arthur Sartori,Scions & Spellcraft,0AJe1evsueT2dORXkLlv#2,Carlos,Squirreled Away,win
liga-2x2-online-s2-e5,Liga 2x2 Online S2-E5,2026-05-28,2026-05-28,2026-05,1,2,1atcQv9NkUeLX7C9UOCh#2,Arthur Sartori,Scions & Spellcraft,0AJe1evsueT2dORXkLlv#1,Cássio,Animated Army,win
liga-2x2-online-s2-e5,Liga 2x2 Online S2-E5,2026-05-28,2026-05-28,2026-05,1,2,1atcQv9NkUeLX7C9UOCh#2,Arthur Sartori,Scions & Spellcraft,1atcQv9NkUeLX7C9UOCh#1,Marcos Sartori,Festa dos Planeswalker,win
liga-2x2-online-s2-e5,Liga 2x2 Online S2-E5,2026-05-28,2026-05-28,2026-05,1,2,0AJe1evsueT2dORXkLlv#2,Carlos,Squirreled Away,1atcQv9NkUeLX7C9UOCh#2,Arthur Sartori,Scions & Spellcraft,lose
liga-2x2-online-s2-e5,Liga 2x2 Online S2-E5,2026-05-28,2026-05-28,2026-05,1,2,0AJe1evsueT2dORXkLlv#2,Carlos,Squirreled Away,0AJe1evsueT2dORXkLlv#1,Cássio,Animated Army,lose
liga-2x2-online-s2-e5,Liga 2x2 Online S2-E5,2026-05-28,2026-05-28,2026-05,1,2,0AJe1evsueT2dORXkLlv#2,Carlos,Squirreled Away,1atcQv9NkUeLX7C9UOCh#1,Marcos Sartori,Festa dos Planeswalker,lose
liga-2x2-online-s2-e5,Liga 2x2 Online S2-E5,2026-05-28,2026-05-28,2026-05,1,2,0AJe1evsueT2dORXkLlv#1,Cássio,Animated Army,1atcQv9NkUeLX7C9UOCh#2,Arthur Sartori,Scions & Spellcraft,lose
liga-2x2-online-s2-e5,Liga 2x2 Online S2-E5,2026-05-28,2026-05-28,2026-05,1,2,0AJe1evsueT2dORXkLlv#1,Cássio,Animated Army,0AJe1evsueT2dORXkLlv#2,Carlos,Squirreled Away,lose
liga-2x2-online-s2-e5,Liga 2x2 Online S2-E5,2026-05-28,2026-05-28,2026-05,1,2,0AJe1evsueT2dORXkLlv#1,Cássio,Animated Army,1atcQv9NkUeLX7C9UOCh#1,Marcos Sartori,Festa dos Planeswalker,lose
liga-2x2-online-s2-e5,Liga 2x2 Online S2-E5,2026-05-28,2026-05-28,2026-05,1,2,1atcQv9NkUeLX7C9UOCh#1,Marcos Sartori,Festa dos Planeswalker,1atcQv9NkUeLX7C9UOCh#2,Arthur Sartori,Scions & Spellcraft,win
liga-2x2-online-s2-e5,Liga 2x2 Online S2-E5,2026-05-28,2026-05-28,2026-05,1,2,1atcQv9NkUeLX7C9UOCh#1,Marcos Sartori,Festa dos Planeswalker,0AJe1evsueT2dORXkLlv#2,Carlos,Squirreled Away,win
liga-2x2-online-s2-e5,Liga 2x2 Online S2-E5,2026-05-28,2026-05-28,2026-05,1,2,1atcQv9NkUeLX7C9UOCh#1,Marcos Sartori,Festa dos Planeswalker,0AJe1evsueT2dORXkLlv#1,Cássio,Animated Army,win
liga-2x2-online-s2-e5,Liga 2x2 Online S2-E5,2026-05-28,2026-05-28,2026-05,1,3,uTIXx4IHKzf4QEpA9fXy#2,Crothen,Blight Curse,uTIXx4IHKzf4QEpA9fXy#1,Erick,Endless Punishment,win
liga-2x2-online-s2-e5,Liga 2x2 Online S2-E5,2026-05-28,2026-05-28,2026-05,1,3,uTIXx4IHKzf4QEpA9fXy#2,Crothen,Blight Curse,I1xd9vCpZvHcswGRpGxc#1,Marcelo F.,Lorehold Spirit,win
liga-2x2-online-s2-e5,Liga 2x2 Online S2-E5,2026-05-28,2026-05-28,2026-05,1,3,uTIXx4IHKzf4QEpA9fXy#2,Crothen,Blight Curse,I1xd9vCpZvHcswGRpGxc#2,Renan,Içar Velas,win
liga-2x2-online-s2-e5,Liga 2x2 Online S2-E5,2026-05-28,2026-05-28,2026-05,1,3,uTIXx4IHKzf4QEpA9fXy#1,Erick,Endless Punishment,uTIXx4IHKzf4QEpA9fXy#2,Crothen,Blight Curse,win
liga-2x2-online-s2-e5,Liga 2x2 Online S2-E5,2026-05-28,2026-05-28,2026-05,1,3,uTIXx4IHKzf4QEpA9fXy#1,Erick,Endless Punishment,I1xd9vCpZvHcswGRpGxc#1,Marcelo F.,Lorehold Spirit,win
liga-2x2-online-s2-e5,Liga 2x2 Online S2-E5,2026-05-28,2026-05-28,2026-05,1,3,uTIXx4IHKzf4QEpA9fXy#1,Erick,Endless Punishment,I1xd9vCpZvHcswGRpGxc#2,Renan,Içar Velas,win
liga-2x2-online-s2-e5,Liga 2x2 Online S2-E5,2026-05-28,2026-05-28,2026-05,1,3,I1xd9vCpZvHcswGRpGxc#1,Marcelo F.,Lorehold Spirit,uTIXx4IHKzf4QEpA9fXy#2,Crothen,Blight Curse,lose
liga-2x2-online-s2-e5,Liga 2x2 Online S2-E5,2026-05-28,2026-05-28,2026-05,1,3,I1xd9vCpZvHcswGRpGxc#1,Marcelo F.,Lorehold Spirit,uTIXx4IHKzf4QEpA9fXy#1,Erick,Endless Punishment,lose
liga-2x2-online-s2-e5,Liga 2x2 Online S2-E5,2026-05-28,2026-05-28,2026-05,1,3,I1xd9vCpZvHcswGRpGxc#1,Marcelo F.,Lorehold Spirit,I1xd9vCpZvHcswGRpGxc#2,Renan,Içar Velas,lose
liga-2x2-online-s2-e5,Liga 2x2 Online S2-E5,2026-05-28,2026-05-28,2026-05,1,3,I1xd9vCpZvHcswGRpGxc#2,Renan,Içar Velas,uTIXx4IHKzf4QEpA9fXy#2,Crothen,Blight Curse,lose
liga-2x2-online-s2-e5,Liga 2x2 Online S2-E5,2026-05-28,2026-05-28,2026-05,1,3,I1xd9vCpZvHcswGRpGxc#2,Renan,Içar Velas,uTIXx4IHKzf4QEpA9fXy#1,Erick,Endless Punishment,lose
liga-2x2-online-s2-e5,Liga 2x2 Online S2-E5,2026-05-28,2026-05-28,2026-05,1,3,I1xd9vCpZvHcswGRpGxc#2,Renan,Içar Velas,I1xd9vCpZvHcswGRpGxc#1,Marcelo F.,Lorehold Spirit,lose
liga-2x2-online-s2-e5,Liga 2x2 Online S2-E5,2026-05-28,2026-05-28,2026-05,1,4,au9Ig4YwXBMV8ZeV4tVN#2,Bells,Masters of Evil,au9Ig4YwXBMV8ZeV4tVN#1,Greowtty,Virtude e Valor,lose
liga-2x2-online-s2-e5,Liga 2x2 Online S2-E5,2026-05-28,2026-05-28,2026-05,1,4,au9Ig4YwXBMV8ZeV4tVN#2,Bells,Masters of Evil,fdzD7AE16ILvLTLxVZf1#2,Guilherme,Dance of the Elements,lose
liga-2x2-online-s2-e5,Liga 2x2 Online S2-E5,2026-05-28,2026-05-28,2026-05,1,4,au9Ig4YwXBMV8ZeV4tVN#2,Bells,Masters of Evil,fdzD7AE16ILvLTLxVZf1#1,Vicente,Forças do Império,lose
liga-2x2-online-s2-e5,Liga 2x2 Online S2-E5,2026-05-28,2026-05-28,2026-05,1,4,au9Ig4YwXBMV8ZeV4tVN#1,Greowtty,Virtude e Valor,au9Ig4YwXBMV8ZeV4tVN#2,Bells,Masters of Evil,lose
liga-2x2-online-s2-e5,Liga 2x2 Online S2-E5,2026-05-28,2026-05-28,2026-05,1,4,au9Ig4YwXBMV8ZeV4tVN#1,Greowtty,Virtude e Valor,fdzD7AE16ILvLTLxVZf1#2,Guilherme,Dance of the Elements,lose
liga-2x2-online-s2-e5,Liga 2x2 Online S2-E5,2026-05-28,2026-05-28,2026-05,1,4,au9Ig4YwXBMV8ZeV4tVN#1,Greowtty,Virtude e Valor,fdzD7AE16ILvLTLxVZf1#1,Vicente,Forças do Império,lose
liga-2x2-online-s2-e5,Liga 2x2 Online S2-E5,2026-05-28,2026-05-28,2026-05,1,4,fdzD7AE16ILvLTLxVZf1#2,Guilherme,Dance of the Elements,au9Ig4YwXBMV8ZeV4tVN#2,Bells,Masters of Evil,win
liga-2x2-online-s2-e5,Liga 2x2 Online S2-E5,2026-05-28,2026-05-28,2026-05,1,4,fdzD7AE16ILvLTLxVZf1#2,Guilherme,Dance of the Elements,au9Ig4YwXBMV8ZeV4tVN#1,Greowtty,Virtude e Valor,win
liga-2x2-online-s2-e5,Liga 2x2 Online S2-E5,2026-05-28,2026-05-28,2026-05,1,4,fdzD7AE16ILvLTLxVZf1#2,Guilherme,Dance of the Elements,fdzD7AE16ILvLTLxVZf1#1,Vicente,Forças do Império,win
liga-2x2-online-s2-e5,Liga 2x2 Online S2-E5,2026-05-28,2026-05-28,2026-05,1,4,fdzD7AE16ILvLTLxVZf1#1,Vicente,Forças do Império,au9Ig4YwXBMV8ZeV4tVN#2,Bells,Masters of Evil,win
liga-2x2-online-s2-e5,Liga 2x2 Online S2-E5,2026-05-28,2026-05-28,2026-05,1,4,fdzD7AE16ILvLTLxVZf1#1,Vicente,Forças do Império,au9Ig4YwXBMV8ZeV4tVN#1,Greowtty,Virtude e Valor,win
liga-2x2-online-s2-e5,Liga 2x2 Online S2-E5,2026-05-28,2026-05-28,2026-05,1,4,fdzD7AE16ILvLTLxVZf1#1,Vicente,Forças do Império,fdzD7AE16ILvLTLxVZf1#2,Guilherme,Dance of the Elements,win
liga-2x2-online-s2-e5,Liga 2x2 Online S2-E5,2026-05-28,2026-05-28,2026-05,1,5,qukqq03EOs21DXqcLsNk#1,Bauer,Influência Corruptora,P22EYCgCIE91BE9JByIG#2,Daniel,Creative Energy,lose
liga-2x2-online-s2-e5,Liga 2x2 Online S2-E5,2026-05-28,2026-05-28,2026-05,1,5,qukqq03EOs21DXqcLsNk#1,Bauer,Influência Corruptora,qukqq03EOs21DXqcLsNk#2,Gustavo Dias,Quandrix Unlimited,lose
liga-2x2-online-s2-e5,Liga 2x2 Online S2-E5,2026-05-28,2026-05-28,2026-05,1,5,qukqq03EOs21DXqcLsNk#1,Bauer,Influência Corruptora,P22EYCgCIE91BE9JByIG#1,Rodrigo,Cavaleiros de Rohan,lose
liga-2x2-online-s2-e5,Liga 2x2 Online S2-E5,2026-05-28,2026-05-28,2026-05,1,5,P22EYCgCIE91BE9JByIG#2,Daniel,Creative Energy,qukqq03EOs21DXqcLsNk#1,Bauer,Influência Corruptora,win
liga-2x2-online-s2-e5,Liga 2x2 Online S2-E5,2026-05-28,2026-05-28,2026-05,1,5,P22EYCgCIE91BE9JByIG#2,Daniel,Creative Energy,qukqq03EOs21DXqcLsNk#2,Gustavo Dias,Quandrix Unlimited,win
liga-2x2-online-s2-e5,Liga 2x2 Online S2-E5,2026-05-28,2026-05-28,2026-05,1,5,P22EYCgCIE91BE9JByIG#2,Daniel,Creative Energy,P22EYCgCIE91BE9JByIG#1,Rodrigo,Cavaleiros de Rohan,win
liga-2x2-online-s2-e5,Liga 2x2 Online S2-E5,2026-05-28,2026-05-28,2026-05,1,5,qukqq03EOs21DXqcLsNk#2,Gustavo Dias,Quandrix Unlimited,qukqq03EOs21DXqcLsNk#1,Bauer,Influência Corruptora,lose
liga-2x2-online-s2-e5,Liga 2x2 Online S2-E5,2026-05-28,2026-05-28,2026-05,1,5,qukqq03EOs21DXqcLsNk#2,Gustavo Dias,Quandrix Unlimited,P22EYCgCIE91BE9JByIG#2,Daniel,Creative Energy,lose
liga-2x2-online-s2-e5,Liga 2x2 Online S2-E5,2026-05-28,2026-05-28,2026-05,1,5,qukqq03EOs21DXqcLsNk#2,Gustavo Dias,Quandrix Unlimited,P22EYCgCIE91BE9JByIG#1,Rodrigo,Cavaleiros de Rohan,lose
liga-2x2-online-s2-e5,Liga 2x2 Online S2-E5,2026-05-28,2026-05-28,2026-05,1,5,P22EYCgCIE91BE9JByIG#1,Rodrigo,Cavaleiros de Rohan,qukqq03EOs21DXqcLsNk#1,Bauer,Influência Corruptora,win
liga-2x2-online-s2-e5,Liga 2x2 Online S2-E5,2026-05-28,2026-05-28,2026-05,1,5,P22EYCgCIE91BE9JByIG#1,Rodrigo,Cavaleiros de Rohan,P22EYCgCIE91BE9JByIG#2,Daniel,Creative Energy,win
liga-2x2-online-s2-e5,Liga 2x2 Online S2-E5,2026-05-28,2026-05-28,2026-05,1,5,P22EYCgCIE91BE9JByIG#1,Rodrigo,Cavaleiros de Rohan,qukqq03EOs21DXqcLsNk#2,Gustavo Dias,Quandrix Unlimited,win
liga-2x2-online-s2-e5,Liga 2x2 Online S2-E5,2026-05-28,2026-05-28,2026-05,1,6,wPcnMZiYa5RYwOn0mCKV#2,Felipe,Counter Blitz,wjaO6tNYxV9IRWUD9kHW#2,João Marmentini,Endless Punishment,draw
liga-2x2-online-s2-e5,Liga 2x2 Online S2-E5,2026-05-28,2026-05-28,2026-05,1,6,wPcnMZiYa5RYwOn0mCKV#2,Felipe,Counter Blitz,wPcnMZiYa5RYwOn0mCKV#1,Pinho,Tricky Terrain,draw
liga-2x2-online-s2-e5,Liga 2x2 Online S2-E5,2026-05-28,2026-05-28,2026-05,1,6,wPcnMZiYa5RYwOn0mCKV#2,Felipe,Counter Blitz,wjaO6tNYxV9IRWUD9kHW#1,Vande,Scions & Spellcraft,draw
liga-2x2-online-s2-e5,Liga 2x2 Online S2-E5,2026-05-28,2026-05-28,2026-05,1,6,wjaO6tNYxV9IRWUD9kHW#2,João Marmentini,Endless Punishment,wPcnMZiYa5RYwOn0mCKV#2,Felipe,Counter Blitz,draw
liga-2x2-online-s2-e5,Liga 2x2 Online S2-E5,2026-05-28,2026-05-28,2026-05,1,6,wjaO6tNYxV9IRWUD9kHW#2,João Marmentini,Endless Punishment,wPcnMZiYa5RYwOn0mCKV#1,Pinho,Tricky Terrain,draw
liga-2x2-online-s2-e5,Liga 2x2 Online S2-E5,2026-05-28,2026-05-28,2026-05,1,6,wjaO6tNYxV9IRWUD9kHW#2,João Marmentini,Endless Punishment,wjaO6tNYxV9IRWUD9kHW#1,Vande,Scions & Spellcraft,draw
liga-2x2-online-s2-e5,Liga 2x2 Online S2-E5,2026-05-28,2026-05-28,2026-05,1,6,wPcnMZiYa5RYwOn0mCKV#1,Pinho,Tricky Terrain,wPcnMZiYa5RYwOn0mCKV#2,Felipe,Counter Blitz,draw
liga-2x2-online-s2-e5,Liga 2x2 Online S2-E5,2026-05-28,2026-05-28,2026-05,1,6,wPcnMZiYa5RYwOn0mCKV#1,Pinho,Tricky Terrain,wjaO6tNYxV9IRWUD9kHW#2,João Marmentini,Endless Punishment,draw
liga-2x2-online-s2-e5,Liga 2x2 Online S2-E5,2026-05-28,2026-05-28,2026-05,1,6,wPcnMZiYa5RYwOn0mCKV#1,Pinho,Tricky Terrain,wjaO6tNYxV9IRWUD9kHW#1,Vande,Scions & Spellcraft,draw
liga-2x2-online-s2-e5,Liga 2x2 Online S2-E5,2026-05-28,2026-05-28,2026-05,1,6,wjaO6tNYxV9IRWUD9kHW#1,Vande,Scions & Spellcraft,wPcnMZiYa5RYwOn0mCKV#2,Felipe,Counter Blitz,draw
liga-2x2-online-s2-e5,Liga 2x2 Online S2-E5,2026-05-28,2026-05-28,2026-05,1,6,wjaO6tNYxV9IRWUD9kHW#1,Vande,Scions & Spellcraft,wjaO6tNYxV9IRWUD9kHW#2,João Marmentini,Endless Punishment,draw
liga-2x2-online-s2-e5,Liga 2x2 Online S2-E5,2026-05-28,2026-05-28,2026-05,1,6,wjaO6tNYxV9IRWUD9kHW#1,Vande,Scions & Spellcraft,wPcnMZiYa5RYwOn0mCKV#1,Pinho,Tricky Terrain,draw
liga-2x2-online-s2-e5,Liga 2x2 Online S2-E5,2026-05-28,2026-05-28,2026-05,2,1,uTIXx4IHKzf4QEpA9fXy#2,Crothen,Blight Curse,uTIXx4IHKzf4QEpA9fXy#1,Erick,Endless Punishment,win
liga-2x2-online-s2-e5,Liga 2x2 Online S2-E5,2026-05-28,2026-05-28,2026-05,2,1,uTIXx4IHKzf4QEpA9fXy#2,Crothen,Blight Curse,uU0teU1BbSoiiwYl3DGJ#2,Reva,"Ave, Caesar",win
liga-2x2-online-s2-e5,Liga 2x2 Online S2-E5,2026-05-28,2026-05-28,2026-05,2,1,uTIXx4IHKzf4QEpA9fXy#2,Crothen,Blight Curse,uU0teU1BbSoiiwYl3DGJ#1,Samuel,Prismari Artistry,win
liga-2x2-online-s2-e5,Liga 2x2 Online S2-E5,2026-05-28,2026-05-28,2026-05,2,1,uTIXx4IHKzf4QEpA9fXy#1,Erick,Endless Punishment,uTIXx4IHKzf4QEpA9fXy#2,Crothen,Blight Curse,win
liga-2x2-online-s2-e5,Liga 2x2 Online S2-E5,2026-05-28,2026-05-28,2026-05,2,1,uTIXx4IHKzf4QEpA9fXy#1,Erick,Endless Punishment,uU0teU1BbSoiiwYl3DGJ#2,Reva,"Ave, Caesar",win
liga-2x2-online-s2-e5,Liga 2x2 Online S2-E5,2026-05-28,2026-05-28,2026-05,2,1,uTIXx4IHKzf4QEpA9fXy#1,Erick,Endless Punishment,uU0teU1BbSoiiwYl3DGJ#1,Samuel,Prismari Artistry,win
liga-2x2-online-s2-e5,Liga 2x2 Online S2-E5,2026-05-28,2026-05-28,2026-05,2,1,uU0teU1BbSoiiwYl3DGJ#2,Reva,"Ave, Caesar",uTIXx4IHKzf4QEpA9fXy#2,Crothen,Blight Curse,lose
liga-2x2-online-s2-e5,Liga 2x2 Online S2-E5,2026-05-28,2026-05-28,2026-05,2,1,uU0teU1BbSoiiwYl3DGJ#2,Reva,"Ave, Caesar",uTIXx4IHKzf4QEpA9fXy#1,Erick,Endless Punishment,lose
liga-2x2-online-s2-e5,Liga 2x2 Online S2-E5,2026-05-28,2026-05-28,2026-05,2,1,uU0teU1BbSoiiwYl3DGJ#2,Reva,"Ave, Caesar",uU0teU1BbSoiiwYl3DGJ#1,Samuel,Prismari Artistry,lose
liga-2x2-online-s2-e5,Liga 2x2 Online S2-E5,2026-05-28,2026-05-28,2026-05,2,1,uU0teU1BbSoiiwYl3DGJ#1,Samuel,Prismari Artistry,uTIXx4IHKzf4QEpA9fXy#2,Crothen,Blight Curse,lose
liga-2x2-online-s2-e5,Liga 2x2 Online S2-E5,2026-05-28,2026-05-28,2026-05,2,1,uU0teU1BbSoiiwYl3DGJ#1,Samuel,Prismari Artistry,uTIXx4IHKzf4QEpA9fXy#1,Erick,Endless Punishment,lose
liga-2x2-online-s2-e5,Liga 2x2 Online S2-E5,2026-05-28,2026-05-28,2026-05,2,1,uU0teU1BbSoiiwYl3DGJ#1,Samuel,Prismari Artistry,uU0teU1BbSoiiwYl3DGJ#2,Reva,"Ave, Caesar",lose
liga-2x2-online-s2-e5,Liga 2x2 Online S2-E5,2026-05-28,2026-05-28,2026-05,2,2,P22EYCgCIE91BE9JByIG#2,Daniel,Creative Energy,fdzD7AE16ILvLTLxVZf1#2,Guilherme,Dance of the Elements,lose
liga-2x2-online-s2-e5,Liga 2x2 Online S2-E5,2026-05-28,2026-05-28,2026-05,2,2,P22EYCgCIE91BE9JByIG#2,Daniel,Creative Energy,P22EYCgCIE91BE9JByIG#1,Rodrigo,Cavaleiros de Rohan,lose
liga-2x2-online-s2-e5,Liga 2x2 Online S2-E5,2026-05-28,2026-05-28,2026-05,2,2,P22EYCgCIE91BE9JByIG#2,Daniel,Creative Energy,fdzD7AE16ILvLTLxVZf1#1,Vicente,Forças do Império,lose
liga-2x2-online-s2-e5,Liga 2x2 Online S2-E5,2026-05-28,2026-05-28,2026-05,2,2,fdzD7AE16ILvLTLxVZf1#2,Guilherme,Dance of the Elements,P22EYCgCIE91BE9JByIG#2,Daniel,Creative Energy,win
liga-2x2-online-s2-e5,Liga 2x2 Online S2-E5,2026-05-28,2026-05-28,2026-05,2,2,fdzD7AE16ILvLTLxVZf1#2,Guilherme,Dance of the Elements,P22EYCgCIE91BE9JByIG#1,Rodrigo,Cavaleiros de Rohan,win
liga-2x2-online-s2-e5,Liga 2x2 Online S2-E5,2026-05-28,2026-05-28,2026-05,2,2,fdzD7AE16ILvLTLxVZf1#2,Guilherme,Dance of the Elements,fdzD7AE16ILvLTLxVZf1#1,Vicente,Forças do Império,win
liga-2x2-online-s2-e5,Liga 2x2 Online S2-E5,2026-05-28,2026-05-28,2026-05,2,2,P22EYCgCIE91BE9JByIG#1,Rodrigo,Cavaleiros de Rohan,P22EYCgCIE91BE9JByIG#2,Daniel,Creative Energy,lose
liga-2x2-online-s2-e5,Liga 2x2 Online S2-E5,2026-05-28,2026-05-28,2026-05,2,2,P22EYCgCIE91BE9JByIG#1,Rodrigo,Cavaleiros de Rohan,fdzD7AE16ILvLTLxVZf1#2,Guilherme,Dance of the Elements,lose
liga-2x2-online-s2-e5,Liga 2x2 Online S2-E5,2026-05-28,2026-05-28,2026-05,2,2,P22EYCgCIE91BE9JByIG#1,Rodrigo,Cavaleiros de Rohan,fdzD7AE16ILvLTLxVZf1#1,Vicente,Forças do Império,lose
liga-2x2-online-s2-e5,Liga 2x2 Online S2-E5,2026-05-28,2026-05-28,2026-05,2,2,fdzD7AE16ILvLTLxVZf1#1,Vicente,Forças do Império,P22EYCgCIE91BE9JByIG#2,Daniel,Creative Energy,win
liga-2x2-online-s2-e5,Liga 2x2 Online S2-E5,2026-05-28,2026-05-28,2026-05,2,2,fdzD7AE16ILvLTLxVZf1#1,Vicente,Forças do Império,fdzD7AE16ILvLTLxVZf1#2,Guilherme,Dance of the Elements,win
liga-2x2-online-s2-e5,Liga 2x2 Online S2-E5,2026-05-28,2026-05-28,2026-05,2,2,fdzD7AE16ILvLTLxVZf1#1,Vicente,Forças do Império,P22EYCgCIE91BE9JByIG#1,Rodrigo,Cavaleiros de Rohan,win
liga-2x2-online-s2-e5,Liga 2x2 Online S2-E5,2026-05-28,2026-05-28,2026-05,2,3,1atcQv9NkUeLX7C9UOCh#2,Arthur Sartori,Scions & Spellcraft,wPcnMZiYa5RYwOn0mCKV#2,Felipe,Counter Blitz,win
liga-2x2-online-s2-e5,Liga 2x2 Online S2-E5,2026-05-28,2026-05-28,2026-05,2,3,1atcQv9NkUeLX7C9UOCh#2,Arthur Sartori,Scions & Spellcraft,1atcQv9NkUeLX7C9UOCh#1,Marcos Sartori,Festa dos Planeswalker,win
liga-2x2-online-s2-e5,Liga 2x2 Online S2-E5,2026-05-28,2026-05-28,2026-05,2,3,1atcQv9NkUeLX7C9UOCh#2,Arthur Sartori,Scions & Spellcraft,wPcnMZiYa5RYwOn0mCKV#1,Pinho,Tricky Terrain,win
liga-2x2-online-s2-e5,Liga 2x2 Online S2-E5,2026-05-28,2026-05-28,2026-05,2,3,wPcnMZiYa5RYwOn0mCKV#2,Felipe,Counter Blitz,1atcQv9NkUeLX7C9UOCh#2,Arthur Sartori,Scions & Spellcraft,lose
liga-2x2-online-s2-e5,Liga 2x2 Online S2-E5,2026-05-28,2026-05-28,2026-05,2,3,wPcnMZiYa5RYwOn0mCKV#2,Felipe,Counter Blitz,1atcQv9NkUeLX7C9UOCh#1,Marcos Sartori,Festa dos Planeswalker,lose
liga-2x2-online-s2-e5,Liga 2x2 Online S2-E5,2026-05-28,2026-05-28,2026-05,2,3,wPcnMZiYa5RYwOn0mCKV#2,Felipe,Counter Blitz,wPcnMZiYa5RYwOn0mCKV#1,Pinho,Tricky Terrain,lose
liga-2x2-online-s2-e5,Liga 2x2 Online S2-E5,2026-05-28,2026-05-28,2026-05,2,3,1atcQv9NkUeLX7C9UOCh#1,Marcos Sartori,Festa dos Planeswalker,1atcQv9NkUeLX7C9UOCh#2,Arthur Sartori,Scions & Spellcraft,win
liga-2x2-online-s2-e5,Liga 2x2 Online S2-E5,2026-05-28,2026-05-28,2026-05,2,3,1atcQv9NkUeLX7C9UOCh#1,Marcos Sartori,Festa dos Planeswalker,wPcnMZiYa5RYwOn0mCKV#2,Felipe,Counter Blitz,win
liga-2x2-online-s2-e5,Liga 2x2 Online S2-E5,2026-05-28,2026-05-28,2026-05,2,3,1atcQv9NkUeLX7C9UOCh#1,Marcos Sartori,Festa dos Planeswalker,wPcnMZiYa5RYwOn0mCKV#1,Pinho,Tricky Terrain,win
liga-2x2-online-s2-e5,Liga 2x2 Online S2-E5,2026-05-28,2026-05-28,2026-05,2,3,wPcnMZiYa5RYwOn0mCKV#1,Pinho,Tricky Terrain,1atcQv9NkUeLX7C9UOCh#2,Arthur Sartori,Scions & Spellcraft,lose
liga-2x2-online-s2-e5,Liga 2x2 Online S2-E5,2026-05-28,2026-05-28,2026-05,2,3,wPcnMZiYa5RYwOn0mCKV#1,Pinho,Tricky Terrain,wPcnMZiYa5RYwOn0mCKV#2,Felipe,Counter Blitz,lose
liga-2x2-online-s2-e5,Liga 2x2 Online S2-E5,2026-05-28,2026-05-28,2026-05,2,3,wPcnMZiYa5RYwOn0mCKV#1,Pinho,Tricky Terrain,1atcQv9NkUeLX7C9UOCh#1,Marcos Sartori,Festa dos Planeswalker,lose
liga-2x2-online-s2-e5,Liga 2x2 Online S2-E5,2026-05-28,2026-05-28,2026-05,2,4,qukqq03EOs21DXqcLsNk#1,Bauer,Influência Corruptora,qukqq03EOs21DXqcLsNk#2,Gustavo Dias,Quandrix Unlimited,lose
liga-2x2-online-s2-e5,Liga 2x2 Online S2-E5,2026-05-28,2026-05-28,2026-05,2,4,qukqq03EOs21DXqcLsNk#1,Bauer,Influência Corruptora,wjaO6tNYxV9IRWUD9kHW#2,João Marmentini,Endless Punishment,lose
liga-2x2-online-s2-e5,Liga 2x2 Online S2-E5,2026-05-28,2026-05-28,2026-05,2,4,qukqq03EOs21DXqcLsNk#1,Bauer,Influência Corruptora,wjaO6tNYxV9IRWUD9kHW#1,Vande,Scions & Spellcraft,lose
liga-2x2-online-s2-e5,Liga 2x2 Online S2-E5,2026-05-28,2026-05-28,2026-05,2,4,qukqq03EOs21DXqcLsNk#2,Gustavo Dias,Quandrix Unlimited,qukqq03EOs21DXqcLsNk#1,Bauer,Influência Corruptora,lose
liga-2x2-online-s2-e5,Liga 2x2 Online S2-E5,2026-05-28,2026-05-28,2026-05,2,4,qukqq03EOs21DXqcLsNk#2,Gustavo Dias,Quandrix Unlimited,wjaO6tNYxV9IRWUD9kHW#2,João Marmentini,Endless Punishment,lose
liga-2x2-online-s2-e5,Liga 2x2 Online S2-E5,2026-05-28,2026-05-28,2026-05,2,4,qukqq03EOs21DXqcLsNk#2,Gustavo Dias,Quandrix Unlimited,wjaO6tNYxV9IRWUD9kHW#1,Vande,Scions & Spellcraft,lose
liga-2x2-online-s2-e5,Liga 2x2 Online S2-E5,2026-05-28,2026-05-28,2026-05,2,4,wjaO6tNYxV9IRWUD9kHW#2,João Marmentini,Endless Punishment,qukqq03EOs21DXqcLsNk#1,Bauer,Influência Corruptora,win
liga-2x2-online-s2-e5,Liga 2x2 Online S2-E5,2026-05-28,2026-05-28,2026-05,2,4,wjaO6tNYxV9IRWUD9kHW#2,João Marmentini,Endless Punishment,qukqq03EOs21DXqcLsNk#2,Gustavo Dias,Quandrix Unlimited,win
liga-2x2-online-s2-e5,Liga 2x2 Online S2-E5,2026-05-28,2026-05-28,2026-05,2,4,wjaO6tNYxV9IRWUD9kHW#2,João Marmentini,Endless Punishment,wjaO6tNYxV9IRWUD9kHW#1,Vande,Scions & Spellcraft,win
liga-2x2-online-s2-e5,Liga 2x2 Online S2-E5,2026-05-28,2026-05-28,2026-05,2,4,wjaO6tNYxV9IRWUD9kHW#1,Vande,Scions & Spellcraft,qukqq03EOs21DXqcLsNk#1,Bauer,Influência Corruptora,win
liga-2x2-online-s2-e5,Liga 2x2 Online S2-E5,2026-05-28,2026-05-28,2026-05,2,4,wjaO6tNYxV9IRWUD9kHW#1,Vande,Scions & Spellcraft,qukqq03EOs21DXqcLsNk#2,Gustavo Dias,Quandrix Unlimited,win
liga-2x2-online-s2-e5,Liga 2x2 Online S2-E5,2026-05-28,2026-05-28,2026-05,2,4,wjaO6tNYxV9IRWUD9kHW#1,Vande,Scions & Spellcraft,wjaO6tNYxV9IRWUD9kHW#2,João Marmentini,Endless Punishment,win
liga-2x2-online-s2-e5,Liga 2x2 Online S2-E5,2026-05-28,2026-05-28,2026-05,2,5,0AJe1evsueT2dORXkLlv#2,Carlos,Squirreled Away,0AJe1evsueT2dORXkLlv#1,Cássio,Animated Army,draw
liga-2x2-online-s2-e5,Liga 2x2 Online S2-E5,2026-05-28,2026-05-28,2026-05,2,5,0AJe1evsueT2dORXkLlv#2,Carlos,Squirreled Away,JziGWoSfHhaqxStE7HDL#1,Jorel,Turtle Power!,draw
liga-2x2-online-s2-e5,Liga 2x2 Online S2-E5,2026-05-28,2026-05-28,2026-05,2,5,0AJe1evsueT2dORXkLlv#2,Carlos,Squirreled Away,JziGWoSfHhaqxStE7HDL#2,Martin,Lorehold Spirit,draw
liga-2x2-online-s2-e5,Liga 2x2 Online S2-E5,2026-05-28,2026-05-28,2026-05,2,5,0AJe1evsueT2dORXkLlv#1,Cássio,Animated Army,0AJe1evsueT2dORXkLlv#2,Carlos,Squirreled Away,draw
liga-2x2-online-s2-e5,Liga 2x2 Online S2-E5,2026-05-28,2026-05-28,2026-05,2,5,0AJe1evsueT2dORXkLlv#1,Cássio,Animated Army,JziGWoSfHhaqxStE7HDL#1,Jorel,Turtle Power!,draw
liga-2x2-online-s2-e5,Liga 2x2 Online S2-E5,2026-05-28,2026-05-28,2026-05,2,5,0AJe1evsueT2dORXkLlv#1,Cássio,Animated Army,JziGWoSfHhaqxStE7HDL#2,Martin,Lorehold Spirit,draw
liga-2x2-online-s2-e5,Liga 2x2 Online S2-E5,2026-05-28,2026-05-28,2026-05,2,5,JziGWoSfHhaqxStE7HDL#1,Jorel,Turtle Power!,0AJe1evsueT2dORXkLlv#2,Carlos,Squirreled Away,draw
liga-2x2-online-s2-e5,Liga 2x2 Online S2-E5,2026-05-28,2026-05-28,2026-05,2,5,JziGWoSfHhaqxStE7HDL#1,Jorel,Turtle Power!,0AJe1evsueT2dORXkLlv#1,Cássio,Animated Army,draw
liga-2x2-online-s2-e5,Liga 2x2 Online S2-E5,2026-05-28,2026-05-28,2026-05,2,5,JziGWoSfHhaqxStE7HDL#1,Jorel,Turtle Power!,JziGWoSfHhaqxStE7HDL#2,Martin,Lorehold Spirit,draw
liga-2x2-online-s2-e5,Liga 2x2 Online S2-E5,2026-05-28,2026-05-28,2026-05,2,5,JziGWoSfHhaqxStE7HDL#2,Martin,Lorehold Spirit,0AJe1evsueT2dORXkLlv#2,Carlos,Squirreled Away,draw
liga-2x2-online-s2-e5,Liga 2x2 Online S2-E5,2026-05-28,2026-05-28,2026-05,2,5,JziGWoSfHhaqxStE7HDL#2,Martin,Lorehold Spirit,0AJe1evsueT2dORXkLlv#1,Cássio,Animated Army,draw
liga-2x2-online-s2-e5,Liga 2x2 Online S2-E5,2026-05-28,2026-05-28,2026-05,2,5,JziGWoSfHhaqxStE7HDL#2,Martin,Lorehold Spirit,JziGWoSfHhaqxStE7HDL#1,Jorel,Turtle Power!,draw
liga-2x2-online-s2-e5,Liga 2x2 Online S2-E5,2026-05-28,2026-05-28,2026-05,2,6,au9Ig4YwXBMV8ZeV4tVN#2,Bells,Masters of Evil,au9Ig4YwXBMV8ZeV4tVN#1,Greowtty,Virtude e Valor,win
liga-2x2-online-s2-e5,Liga 2x2 Online S2-E5,2026-05-28,2026-05-28,2026-05,2,6,au9Ig4YwXBMV8ZeV4tVN#2,Bells,Masters of Evil,I1xd9vCpZvHcswGRpGxc#1,Marcelo F.,Lorehold Spirit,win
liga-2x2-online-s2-e5,Liga 2x2 Online S2-E5,2026-05-28,2026-05-28,2026-05,2,6,au9Ig4YwXBMV8ZeV4tVN#2,Bells,Masters of Evil,I1xd9vCpZvHcswGRpGxc#2,Renan,Içar Velas,win
liga-2x2-online-s2-e5,Liga 2x2 Online S2-E5,2026-05-28,2026-05-28,2026-05,2,6,au9Ig4YwXBMV8ZeV4tVN#1,Greowtty,Virtude e Valor,au9Ig4YwXBMV8ZeV4tVN#2,Bells,Masters of Evil,win
liga-2x2-online-s2-e5,Liga 2x2 Online S2-E5,2026-05-28,2026-05-28,2026-05,2,6,au9Ig4YwXBMV8ZeV4tVN#1,Greowtty,Virtude e Valor,I1xd9vCpZvHcswGRpGxc#1,Marcelo F.,Lorehold Spirit,win
liga-2x2-online-s2-e5,Liga 2x2 Online S2-E5,2026-05-28,2026-05-28,2026-05,2,6,au9Ig4YwXBMV8ZeV4tVN#1,Greowtty,Virtude e Valor,I1xd9vCpZvHcswGRpGxc#2,Renan,Içar Velas,win
liga-2x2-online-s2-e5,Liga 2x2 Online S2-E5,2026-05-28,2026-05-28,2026-05,2,6,I1xd9vCpZvHcswGRpGxc#1,Marcelo F.,Lorehold Spirit,au9Ig4YwXBMV8ZeV4tVN#2,Bells,Masters of Evil,lose
liga-2x2-online-s2-e5,Liga 2x2 Online S2-E5,2026-05-28,2026-05-28,2026-05,2,6,I1xd9vCpZvHcswGRpGxc#1,Marcelo F.,Lorehold Spirit,au9Ig4YwXBMV8ZeV4tVN#1,Greowtty,Virtude e Valor,lose
liga-2x2-online-s2-e5,Liga 2x2 Online S2-E5,2026-05-28,2026-05-28,2026-05,2,6,I1xd9vCpZvHcswGRpGxc#1,Marcelo F.,Lorehold Spirit,I1xd9vCpZvHcswGRpGxc#2,Renan,Içar Velas,lose
liga-2x2-online-s2-e5,Liga 2x2 Online S2-E5,2026-05-28,2026-05-28,2026-05,2,6,I1xd9vCpZvHcswGRpGxc#2,Renan,Içar Velas,au9Ig4YwXBMV8ZeV4tVN#2,Bells,Masters of Evil,lose
liga-2x2-online-s2-e5,Liga 2x2 Online S2-E5,2026-05-28,2026-05-28,2026-05,2,6,I1xd9vCpZvHcswGRpGxc#2,Renan,Içar Velas,au9Ig4YwXBMV8ZeV4tVN#1,Greowtty,Virtude e Valor,lose
liga-2x2-online-s2-e5,Liga 2x2 Online S2-E5,2026-05-28,2026-05-28,2026-05,2,6,I1xd9vCpZvHcswGRpGxc#2,Renan,Içar Velas,I1xd9vCpZvHcswGRpGxc#1,Marcelo F.,Lorehold Spirit,lose
liga-2x2-online-s2-e5,Liga 2x2 Online S2-E5,2026-05-28,2026-05-28,2026-05,3,1,1atcQv9NkUeLX7C9UOCh#2,Arthur Sartori,Scions & Spellcraft,fdzD7AE16ILvLTLxVZf1#2,Guilherme,Dance of the Elements,win
liga-2x2-online-s2-e5,Liga 2x2 Online S2-E5,2026-05-28,2026-05-28,2026-05,3,1,1atcQv9NkUeLX7C9UOCh#2,Arthur Sartori,Scions & Spellcraft,1atcQv9NkUeLX7C9UOCh#1,Marcos Sartori,Festa dos Planeswalker,win
liga-2x2-online-s2-e5,Liga 2x2 Online S2-E5,2026-05-28,2026-05-28,2026-05,3,1,1atcQv9NkUeLX7C9UOCh#2,Arthur Sartori,Scions & Spellcraft,fdzD7AE16ILvLTLxVZf1#1,Vicente,Forças do Império,win
liga-2x2-online-s2-e5,Liga 2x2 Online S2-E5,2026-05-28,2026-05-28,2026-05,3,1,fdzD7AE16ILvLTLxVZf1#2,Guilherme,Dance of the Elements,1atcQv9NkUeLX7C9UOCh#2,Arthur Sartori,Scions & Spellcraft,lose
liga-2x2-online-s2-e5,Liga 2x2 Online S2-E5,2026-05-28,2026-05-28,2026-05,3,1,fdzD7AE16ILvLTLxVZf1#2,Guilherme,Dance of the Elements,1atcQv9NkUeLX7C9UOCh#1,Marcos Sartori,Festa dos Planeswalker,lose
liga-2x2-online-s2-e5,Liga 2x2 Online S2-E5,2026-05-28,2026-05-28,2026-05,3,1,fdzD7AE16ILvLTLxVZf1#2,Guilherme,Dance of the Elements,fdzD7AE16ILvLTLxVZf1#1,Vicente,Forças do Império,lose
liga-2x2-online-s2-e5,Liga 2x2 Online S2-E5,2026-05-28,2026-05-28,2026-05,3,1,1atcQv9NkUeLX7C9UOCh#1,Marcos Sartori,Festa dos Planeswalker,1atcQv9NkUeLX7C9UOCh#2,Arthur Sartori,Scions & Spellcraft,win
liga-2x2-online-s2-e5,Liga 2x2 Online S2-E5,2026-05-28,2026-05-28,2026-05,3,1,1atcQv9NkUeLX7C9UOCh#1,Marcos Sartori,Festa dos Planeswalker,fdzD7AE16ILvLTLxVZf1#2,Guilherme,Dance of the Elements,win
liga-2x2-online-s2-e5,Liga 2x2 Online S2-E5,2026-05-28,2026-05-28,2026-05,3,1,1atcQv9NkUeLX7C9UOCh#1,Marcos Sartori,Festa dos Planeswalker,fdzD7AE16ILvLTLxVZf1#1,Vicente,Forças do Império,win
liga-2x2-online-s2-e5,Liga 2x2 Online S2-E5,2026-05-28,2026-05-28,2026-05,3,1,fdzD7AE16ILvLTLxVZf1#1,Vicente,Forças do Império,1atcQv9NkUeLX7C9UOCh#2,Arthur Sartori,Scions & Spellcraft,lose
liga-2x2-online-s2-e5,Liga 2x2 Online S2-E5,2026-05-28,2026-05-28,2026-05,3,1,fdzD7AE16ILvLTLxVZf1#1,Vicente,Forças do Império,fdzD7AE16ILvLTLxVZf1#2,Guilherme,Dance of the Elements,lose
liga-2x2-online-s2-e5,Liga 2x2 Online S2-E5,2026-05-28,2026-05-28,2026-05,3,1,fdzD7AE16ILvLTLxVZf1#1,Vicente,Forças do Império,1atcQv9NkUeLX7C9UOCh#1,Marcos Sartori,Festa dos Planeswalker,lose
liga-2x2-online-s2-e5,Liga 2x2 Online S2-E5,2026-05-28,2026-05-28,2026-05,3,2,uTIXx4IHKzf4QEpA9fXy#2,Crothen,Blight Curse,uTIXx4IHKzf4QEpA9fXy#1,Erick,Endless Punishment,lose
liga-2x2-online-s2-e5,Liga 2x2 Online S2-E5,2026-05-28,2026-05-28,2026-05,3,2,uTIXx4IHKzf4QEpA9fXy#2,Crothen,Blight Curse,wjaO6tNYxV9IRWUD9kHW#2,João Marmentini,Endless Punishment,lose
liga-2x2-online-s2-e5,Liga 2x2 Online S2-E5,2026-05-28,2026-05-28,2026-05,3,2,uTIXx4IHKzf4QEpA9fXy#2,Crothen,Blight Curse,wjaO6tNYxV9IRWUD9kHW#1,Vande,Scions & Spellcraft,lose
liga-2x2-online-s2-e5,Liga 2x2 Online S2-E5,2026-05-28,2026-05-28,2026-05,3,2,uTIXx4IHKzf4QEpA9fXy#1,Erick,Endless Punishment,uTIXx4IHKzf4QEpA9fXy#2,Crothen,Blight Curse,lose
liga-2x2-online-s2-e5,Liga 2x2 Online S2-E5,2026-05-28,2026-05-28,2026-05,3,2,uTIXx4IHKzf4QEpA9fXy#1,Erick,Endless Punishment,wjaO6tNYxV9IRWUD9kHW#2,João Marmentini,Endless Punishment,lose
liga-2x2-online-s2-e5,Liga 2x2 Online S2-E5,2026-05-28,2026-05-28,2026-05,3,2,uTIXx4IHKzf4QEpA9fXy#1,Erick,Endless Punishment,wjaO6tNYxV9IRWUD9kHW#1,Vande,Scions & Spellcraft,lose
liga-2x2-online-s2-e5,Liga 2x2 Online S2-E5,2026-05-28,2026-05-28,2026-05,3,2,wjaO6tNYxV9IRWUD9kHW#2,João Marmentini,Endless Punishment,uTIXx4IHKzf4QEpA9fXy#2,Crothen,Blight Curse,win
liga-2x2-online-s2-e5,Liga 2x2 Online S2-E5,2026-05-28,2026-05-28,2026-05,3,2,wjaO6tNYxV9IRWUD9kHW#2,João Marmentini,Endless Punishment,uTIXx4IHKzf4QEpA9fXy#1,Erick,Endless Punishment,win
liga-2x2-online-s2-e5,Liga 2x2 Online S2-E5,2026-05-28,2026-05-28,2026-05,3,2,wjaO6tNYxV9IRWUD9kHW#2,João Marmentini,Endless Punishment,wjaO6tNYxV9IRWUD9kHW#1,Vande,Scions & Spellcraft,win
liga-2x2-online-s2-e5,Liga 2x2 Online S2-E5,2026-05-28,2026-05-28,2026-05,3,2,wjaO6tNYxV9IRWUD9kHW#1,Vande,Scions & Spellcraft,uTIXx4IHKzf4QEpA9fXy#2,Crothen,Blight Curse,win
liga-2x2-online-s2-e5,Liga 2x2 Online S2-E5,2026-05-28,2026-05-28,2026-05,3,2,wjaO6tNYxV9IRWUD9kHW#1,Vande,Scions & Spellcraft,uTIXx4IHKzf4QEpA9fXy#1,Erick,Endless Punishment,win
liga-2x2-online-s2-e5,Liga 2x2 Online S2-E5,2026-05-28,2026-05-28,2026-05,3,2,wjaO6tNYxV9IRWUD9kHW#1,Vande,Scions & Spellcraft,wjaO6tNYxV9IRWUD9kHW#2,João Marmentini,Endless Punishment,win
liga-2x2-online-s2-e5,Liga 2x2 Online S2-E5,2026-05-28,2026-05-28,2026-05,3,3,au9Ig4YwXBMV8ZeV4tVN#2,Bells,Masters of Evil,P22EYCgCIE91BE9JByIG#2,Daniel,Creative Energy,win
liga-2x2-online-s2-e5,Liga 2x2 Online S2-E5,2026-05-28,2026-05-28,2026-05,3,3,au9Ig4YwXBMV8ZeV4tVN#2,Bells,Masters of Evil,au9Ig4YwXBMV8ZeV4tVN#1,Greowtty,Virtude e Valor,win
liga-2x2-online-s2-e5,Liga 2x2 Online S2-E5,2026-05-28,2026-05-28,2026-05,3,3,au9Ig4YwXBMV8ZeV4tVN#2,Bells,Masters of Evil,P22EYCgCIE91BE9JByIG#1,Rodrigo,Cavaleiros de Rohan,win
liga-2x2-online-s2-e5,Liga 2x2 Online S2-E5,2026-05-28,2026-05-28,2026-05,3,3,P22EYCgCIE91BE9JByIG#2,Daniel,Creative Energy,au9Ig4YwXBMV8ZeV4tVN#2,Bells,Masters of Evil,lose
liga-2x2-online-s2-e5,Liga 2x2 Online S2-E5,2026-05-28,2026-05-28,2026-05,3,3,P22EYCgCIE91BE9JByIG#2,Daniel,Creative Energy,au9Ig4YwXBMV8ZeV4tVN#1,Greowtty,Virtude e Valor,lose
liga-2x2-online-s2-e5,Liga 2x2 Online S2-E5,2026-05-28,2026-05-28,2026-05,3,3,P22EYCgCIE91BE9JByIG#2,Daniel,Creative Energy,P22EYCgCIE91BE9JByIG#1,Rodrigo,Cavaleiros de Rohan,lose
liga-2x2-online-s2-e5,Liga 2x2 Online S2-E5,2026-05-28,2026-05-28,2026-05,3,3,au9Ig4YwXBMV8ZeV4tVN#1,Greowtty,Virtude e Valor,au9Ig4YwXBMV8ZeV4tVN#2,Bells,Masters of Evil,win
liga-2x2-online-s2-e5,Liga 2x2 Online S2-E5,2026-05-28,2026-05-28,2026-05,3,3,au9Ig4YwXBMV8ZeV4tVN#1,Greowtty,Virtude e Valor,P22EYCgCIE91BE9JByIG#2,Daniel,Creative Energy,win
liga-2x2-online-s2-e5,Liga 2x2 Online S2-E5,2026-05-28,2026-05-28,2026-05,3,3,au9Ig4YwXBMV8ZeV4tVN#1,Greowtty,Virtude e Valor,P22EYCgCIE91BE9JByIG#1,Rodrigo,Cavaleiros de Rohan,win
liga-2x2-online-s2-e5,Liga 2x2 Online S2-E5,2026-05-28,2026-05-28,2026-05,3,3,P22EYCgCIE91BE9JByIG#1,Rodrigo,Cavaleiros de Rohan,au9Ig4YwXBMV8ZeV4tVN#2,Bells,Masters of Evil,lose
liga-2x2-online-s2-e5,Liga 2x2 Online S2-E5,2026-05-28,2026-05-28,2026-05,3,3,P22EYCgCIE91BE9JByIG#1,Rodrigo,Cavaleiros de Rohan,P22EYCgCIE91BE9JByIG#2,Daniel,Creative Energy,lose
liga-2x2-online-s2-e5,Liga 2x2 Online S2-E5,2026-05-28,2026-05-28,2026-05,3,3,P22EYCgCIE91BE9JByIG#1,Rodrigo,Cavaleiros de Rohan,au9Ig4YwXBMV8ZeV4tVN#1,Greowtty,Virtude e Valor,lose
liga-2x2-online-s2-e5,Liga 2x2 Online S2-E5,2026-05-28,2026-05-28,2026-05,3,4,0AJe1evsueT2dORXkLlv#2,Carlos,Squirreled Away,0AJe1evsueT2dORXkLlv#1,Cássio,Animated Army,win
liga-2x2-online-s2-e5,Liga 2x2 Online S2-E5,2026-05-28,2026-05-28,2026-05,3,4,0AJe1evsueT2dORXkLlv#2,Carlos,Squirreled Away,uU0teU1BbSoiiwYl3DGJ#2,Reva,"Ave, Caesar",win
liga-2x2-online-s2-e5,Liga 2x2 Online S2-E5,2026-05-28,2026-05-28,2026-05,3,4,0AJe1evsueT2dORXkLlv#2,Carlos,Squirreled Away,uU0teU1BbSoiiwYl3DGJ#1,Samuel,Prismari Artistry,win
liga-2x2-online-s2-e5,Liga 2x2 Online S2-E5,2026-05-28,2026-05-28,2026-05,3,4,0AJe1evsueT2dORXkLlv#1,Cássio,Animated Army,0AJe1evsueT2dORXkLlv#2,Carlos,Squirreled Away,win
liga-2x2-online-s2-e5,Liga 2x2 Online S2-E5,2026-05-28,2026-05-28,2026-05,3,4,0AJe1evsueT2dORXkLlv#1,Cássio,Animated Army,uU0teU1BbSoiiwYl3DGJ#2,Reva,"Ave, Caesar",win
liga-2x2-online-s2-e5,Liga 2x2 Online S2-E5,2026-05-28,2026-05-28,2026-05,3,4,0AJe1evsueT2dORXkLlv#1,Cássio,Animated Army,uU0teU1BbSoiiwYl3DGJ#1,Samuel,Prismari Artistry,win
liga-2x2-online-s2-e5,Liga 2x2 Online S2-E5,2026-05-28,2026-05-28,2026-05,3,4,uU0teU1BbSoiiwYl3DGJ#2,Reva,"Ave, Caesar",0AJe1evsueT2dORXkLlv#2,Carlos,Squirreled Away,lose
liga-2x2-online-s2-e5,Liga 2x2 Online S2-E5,2026-05-28,2026-05-28,2026-05,3,4,uU0teU1BbSoiiwYl3DGJ#2,Reva,"Ave, Caesar",0AJe1evsueT2dORXkLlv#1,Cássio,Animated Army,lose
liga-2x2-online-s2-e5,Liga 2x2 Online S2-E5,2026-05-28,2026-05-28,2026-05,3,4,uU0teU1BbSoiiwYl3DGJ#2,Reva,"Ave, Caesar",uU0teU1BbSoiiwYl3DGJ#1,Samuel,Prismari Artistry,lose
liga-2x2-online-s2-e5,Liga 2x2 Online S2-E5,2026-05-28,2026-05-28,2026-05,3,4,uU0teU1BbSoiiwYl3DGJ#1,Samuel,Prismari Artistry,0AJe1evsueT2dORXkLlv#2,Carlos,Squirreled Away,lose
liga-2x2-online-s2-e5,Liga 2x2 Online S2-E5,2026-05-28,2026-05-28,2026-05,3,4,uU0teU1BbSoiiwYl3DGJ#1,Samuel,Prismari Artistry,0AJe1evsueT2dORXkLlv#1,Cássio,Animated Army,lose
liga-2x2-online-s2-e5,Liga 2x2 Online S2-E5,2026-05-28,2026-05-28,2026-05,3,4,uU0teU1BbSoiiwYl3DGJ#1,Samuel,Prismari Artistry,uU0teU1BbSoiiwYl3DGJ#2,Reva,"Ave, Caesar",lose
liga-2x2-online-s2-e5,Liga 2x2 Online S2-E5,2026-05-28,2026-05-28,2026-05,3,5,wPcnMZiYa5RYwOn0mCKV#2,Felipe,Counter Blitz,JziGWoSfHhaqxStE7HDL#1,Jorel,Turtle Power!,lose
liga-2x2-online-s2-e5,Liga 2x2 Online S2-E5,2026-05-28,2026-05-28,2026-05,3,5,wPcnMZiYa5RYwOn0mCKV#2,Felipe,Counter Blitz,JziGWoSfHhaqxStE7HDL#2,Martin,Lorehold Spirit,lose
liga-2x2-online-s2-e5,Liga 2x2 Online S2-E5,2026-05-28,2026-05-28,2026-05,3,5,wPcnMZiYa5RYwOn0mCKV#2,Felipe,Counter Blitz,wPcnMZiYa5RYwOn0mCKV#1,Pinho,Tricky Terrain,lose
liga-2x2-online-s2-e5,Liga 2x2 Online S2-E5,2026-05-28,2026-05-28,2026-05,3,5,JziGWoSfHhaqxStE7HDL#1,Jorel,Turtle Power!,wPcnMZiYa5RYwOn0mCKV#2,Felipe,Counter Blitz,win
liga-2x2-online-s2-e5,Liga 2x2 Online S2-E5,2026-05-28,2026-05-28,2026-05,3,5,JziGWoSfHhaqxStE7HDL#1,Jorel,Turtle Power!,JziGWoSfHhaqxStE7HDL#2,Martin,Lorehold Spirit,win
liga-2x2-online-s2-e5,Liga 2x2 Online S2-E5,2026-05-28,2026-05-28,2026-05,3,5,JziGWoSfHhaqxStE7HDL#1,Jorel,Turtle Power!,wPcnMZiYa5RYwOn0mCKV#1,Pinho,Tricky Terrain,win
liga-2x2-online-s2-e5,Liga 2x2 Online S2-E5,2026-05-28,2026-05-28,2026-05,3,5,JziGWoSfHhaqxStE7HDL#2,Martin,Lorehold Spirit,wPcnMZiYa5RYwOn0mCKV#2,Felipe,Counter Blitz,win
liga-2x2-online-s2-e5,Liga 2x2 Online S2-E5,2026-05-28,2026-05-28,2026-05,3,5,JziGWoSfHhaqxStE7HDL#2,Martin,Lorehold Spirit,JziGWoSfHhaqxStE7HDL#1,Jorel,Turtle Power!,win
liga-2x2-online-s2-e5,Liga 2x2 Online S2-E5,2026-05-28,2026-05-28,2026-05,3,5,JziGWoSfHhaqxStE7HDL#2,Martin,Lorehold Spirit,wPcnMZiYa5RYwOn0mCKV#1,Pinho,Tricky Terrain,win
liga-2x2-online-s2-e5,Liga 2x2 Online S2-E5,2026-05-28,2026-05-28,2026-05,3,5,wPcnMZiYa5RYwOn0mCKV#1,Pinho,Tricky Terrain,wPcnMZiYa5RYwOn0mCKV#2,Felipe,Counter Blitz,lose
liga-2x2-online-s2-e5,Liga 2x2 Online S2-E5,2026-05-28,2026-05-28,2026-05,3,5,wPcnMZiYa5RYwOn0mCKV#1,Pinho,Tricky Terrain,JziGWoSfHhaqxStE7HDL#1,Jorel,Turtle Power!,lose
liga-2x2-online-s2-e5,Liga 2x2 Online S2-E5,2026-05-28,2026-05-28,2026-05,3,5,wPcnMZiYa5RYwOn0mCKV#1,Pinho,Tricky Terrain,JziGWoSfHhaqxStE7HDL#2,Martin,Lorehold Spirit,lose
liga-2x2-online-s2-e5,Liga 2x2 Online S2-E5,2026-05-28,2026-05-28,2026-05,3,6,qukqq03EOs21DXqcLsNk#1,Bauer,Influência Corruptora,qukqq03EOs21DXqcLsNk#2,Gustavo Dias,Quandrix Unlimited,win
liga-2x2-online-s2-e5,Liga 2x2 Online S2-E5,2026-05-28,2026-05-28,2026-05,3,6,qukqq03EOs21DXqcLsNk#1,Bauer,Influência Corruptora,I1xd9vCpZvHcswGRpGxc#1,Marcelo F.,Lorehold Spirit,win
liga-2x2-online-s2-e5,Liga 2x2 Online S2-E5,2026-05-28,2026-05-28,2026-05,3,6,qukqq03EOs21DXqcLsNk#1,Bauer,Influência Corruptora,I1xd9vCpZvHcswGRpGxc#2,Renan,Içar Velas,win
liga-2x2-online-s2-e5,Liga 2x2 Online S2-E5,2026-05-28,2026-05-28,2026-05,3,6,qukqq03EOs21DXqcLsNk#2,Gustavo Dias,Quandrix Unlimited,qukqq03EOs21DXqcLsNk#1,Bauer,Influência Corruptora,win
liga-2x2-online-s2-e5,Liga 2x2 Online S2-E5,2026-05-28,2026-05-28,2026-05,3,6,qukqq03EOs21DXqcLsNk#2,Gustavo Dias,Quandrix Unlimited,I1xd9vCpZvHcswGRpGxc#1,Marcelo F.,Lorehold Spirit,win
liga-2x2-online-s2-e5,Liga 2x2 Online S2-E5,2026-05-28,2026-05-28,2026-05,3,6,qukqq03EOs21DXqcLsNk#2,Gustavo Dias,Quandrix Unlimited,I1xd9vCpZvHcswGRpGxc#2,Renan,Içar Velas,win
liga-2x2-online-s2-e5,Liga 2x2 Online S2-E5,2026-05-28,2026-05-28,2026-05,3,6,I1xd9vCpZvHcswGRpGxc#1,Marcelo F.,Lorehold Spirit,qukqq03EOs21DXqcLsNk#1,Bauer,Influência Corruptora,lose
liga-2x2-online-s2-e5,Liga 2x2 Online S2-E5,2026-05-28,2026-05-28,2026-05,3,6,I1xd9vCpZvHcswGRpGxc#1,Marcelo F.,Lorehold Spirit,qukqq03EOs21DXqcLsNk#2,Gustavo Dias,Quandrix Unlimited,lose
liga-2x2-online-s2-e5,Liga 2x2 Online S2-E5,2026-05-28,2026-05-28,2026-05,3,6,I1xd9vCpZvHcswGRpGxc#1,Marcelo F.,Lorehold Spirit,I1xd9vCpZvHcswGRpGxc#2,Renan,Içar Velas,lose
liga-2x2-online-s2-e5,Liga 2x2 Online S2-E5,2026-05-28,2026-05-28,2026-05,3,6,I1xd9vCpZvHcswGRpGxc#2,Renan,Içar Velas,qukqq03EOs21DXqcLsNk#1,Bauer,Influência Corruptora,lose
liga-2x2-online-s2-e5,Liga 2x2 Online S2-E5,2026-05-28,2026-05-28,2026-05,3,6,I1xd9vCpZvHcswGRpGxc#2,Renan,Içar Velas,qukqq03EOs21DXqcLsNk#2,Gustavo Dias,Quandrix Unlimited,lose
liga-2x2-online-s2-e5,Liga 2x2 Online S2-E5,2026-05-28,2026-05-28,2026-05,3,6,I1xd9vCpZvHcswGRpGxc#2,Renan,Içar Velas,I1xd9vCpZvHcswGRpGxc#1,Marcelo F.,Lorehold Spirit,lose
liga-2x2-online-s2-e6,Liga 2x2 Online S2-E6,2026-06-11,2026-06-11,2026-06,1,1,WSEeUzWdPRD3aVu4QwHH#1,Bells,Quandrix Unlimited,WSEeUzWdPRD3aVu4QwHH#2,Greowtty,Seize Control,win
liga-2x2-online-s2-e6,Liga 2x2 Online S2-E6,2026-06-11,2026-06-11,2026-06,1,1,WSEeUzWdPRD3aVu4QwHH#1,Bells,Quandrix Unlimited,zo2UwBtBIgel19yCP5UA#2,Jorel,Turtle Power!,win
liga-2x2-online-s2-e6,Liga 2x2 Online S2-E6,2026-06-11,2026-06-11,2026-06,1,1,WSEeUzWdPRD3aVu4QwHH#1,Bells,Quandrix Unlimited,zo2UwBtBIgel19yCP5UA#1,Martin,Lorehold Spirit,win
liga-2x2-online-s2-e6,Liga 2x2 Online S2-E6,2026-06-11,2026-06-11,2026-06,1,1,WSEeUzWdPRD3aVu4QwHH#2,Greowtty,Seize Control,WSEeUzWdPRD3aVu4QwHH#1,Bells,Quandrix Unlimited,win
liga-2x2-online-s2-e6,Liga 2x2 Online S2-E6,2026-06-11,2026-06-11,2026-06,1,1,WSEeUzWdPRD3aVu4QwHH#2,Greowtty,Seize Control,zo2UwBtBIgel19yCP5UA#2,Jorel,Turtle Power!,win
liga-2x2-online-s2-e6,Liga 2x2 Online S2-E6,2026-06-11,2026-06-11,2026-06,1,1,WSEeUzWdPRD3aVu4QwHH#2,Greowtty,Seize Control,zo2UwBtBIgel19yCP5UA#1,Martin,Lorehold Spirit,win
liga-2x2-online-s2-e6,Liga 2x2 Online S2-E6,2026-06-11,2026-06-11,2026-06,1,1,zo2UwBtBIgel19yCP5UA#2,Jorel,Turtle Power!,WSEeUzWdPRD3aVu4QwHH#1,Bells,Quandrix Unlimited,lose
liga-2x2-online-s2-e6,Liga 2x2 Online S2-E6,2026-06-11,2026-06-11,2026-06,1,1,zo2UwBtBIgel19yCP5UA#2,Jorel,Turtle Power!,WSEeUzWdPRD3aVu4QwHH#2,Greowtty,Seize Control,lose
liga-2x2-online-s2-e6,Liga 2x2 Online S2-E6,2026-06-11,2026-06-11,2026-06,1,1,zo2UwBtBIgel19yCP5UA#2,Jorel,Turtle Power!,zo2UwBtBIgel19yCP5UA#1,Martin,Lorehold Spirit,lose
liga-2x2-online-s2-e6,Liga 2x2 Online S2-E6,2026-06-11,2026-06-11,2026-06,1,1,zo2UwBtBIgel19yCP5UA#1,Martin,Lorehold Spirit,WSEeUzWdPRD3aVu4QwHH#1,Bells,Quandrix Unlimited,lose
liga-2x2-online-s2-e6,Liga 2x2 Online S2-E6,2026-06-11,2026-06-11,2026-06,1,1,zo2UwBtBIgel19yCP5UA#1,Martin,Lorehold Spirit,WSEeUzWdPRD3aVu4QwHH#2,Greowtty,Seize Control,lose
liga-2x2-online-s2-e6,Liga 2x2 Online S2-E6,2026-06-11,2026-06-11,2026-06,1,1,zo2UwBtBIgel19yCP5UA#1,Martin,Lorehold Spirit,zo2UwBtBIgel19yCP5UA#2,Jorel,Turtle Power!,lose
liga-2x2-online-s2-e6,Liga 2x2 Online S2-E6,2026-06-11,2026-06-11,2026-06,1,2,wDrflRxU2k9EaZlomGfy#1,Andressa,Temur Roar,J7QHrCE19bB8ZVoYzoFH#1,JoÃo Marmentini,Lorehold Spirit,win
liga-2x2-online-s2-e6,Liga 2x2 Online S2-E6,2026-06-11,2026-06-11,2026-06,1,2,wDrflRxU2k9EaZlomGfy#1,Andressa,Temur Roar,J7QHrCE19bB8ZVoYzoFH#2,Pedro Boaro,Silverquill Influence,win
liga-2x2-online-s2-e6,Liga 2x2 Online S2-E6,2026-06-11,2026-06-11,2026-06,1,2,wDrflRxU2k9EaZlomGfy#1,Andressa,Temur Roar,wDrflRxU2k9EaZlomGfy#2,Reva,Jeskai Striker,win
liga-2x2-online-s2-e6,Liga 2x2 Online S2-E6,2026-06-11,2026-06-11,2026-06,1,2,J7QHrCE19bB8ZVoYzoFH#1,JoÃo Marmentini,Lorehold Spirit,wDrflRxU2k9EaZlomGfy#1,Andressa,Temur Roar,lose
liga-2x2-online-s2-e6,Liga 2x2 Online S2-E6,2026-06-11,2026-06-11,2026-06,1,2,J7QHrCE19bB8ZVoYzoFH#1,JoÃo Marmentini,Lorehold Spirit,J7QHrCE19bB8ZVoYzoFH#2,Pedro Boaro,Silverquill Influence,lose
liga-2x2-online-s2-e6,Liga 2x2 Online S2-E6,2026-06-11,2026-06-11,2026-06,1,2,J7QHrCE19bB8ZVoYzoFH#1,JoÃo Marmentini,Lorehold Spirit,wDrflRxU2k9EaZlomGfy#2,Reva,Jeskai Striker,lose
liga-2x2-online-s2-e6,Liga 2x2 Online S2-E6,2026-06-11,2026-06-11,2026-06,1,2,J7QHrCE19bB8ZVoYzoFH#2,Pedro Boaro,Silverquill Influence,wDrflRxU2k9EaZlomGfy#1,Andressa,Temur Roar,lose
liga-2x2-online-s2-e6,Liga 2x2 Online S2-E6,2026-06-11,2026-06-11,2026-06,1,2,J7QHrCE19bB8ZVoYzoFH#2,Pedro Boaro,Silverquill Influence,J7QHrCE19bB8ZVoYzoFH#1,JoÃo Marmentini,Lorehold Spirit,lose
liga-2x2-online-s2-e6,Liga 2x2 Online S2-E6,2026-06-11,2026-06-11,2026-06,1,2,J7QHrCE19bB8ZVoYzoFH#2,Pedro Boaro,Silverquill Influence,wDrflRxU2k9EaZlomGfy#2,Reva,Jeskai Striker,lose
liga-2x2-online-s2-e6,Liga 2x2 Online S2-E6,2026-06-11,2026-06-11,2026-06,1,2,wDrflRxU2k9EaZlomGfy#2,Reva,Jeskai Striker,wDrflRxU2k9EaZlomGfy#1,Andressa,Temur Roar,win
liga-2x2-online-s2-e6,Liga 2x2 Online S2-E6,2026-06-11,2026-06-11,2026-06,1,2,wDrflRxU2k9EaZlomGfy#2,Reva,Jeskai Striker,J7QHrCE19bB8ZVoYzoFH#1,JoÃo Marmentini,Lorehold Spirit,win
liga-2x2-online-s2-e6,Liga 2x2 Online S2-E6,2026-06-11,2026-06-11,2026-06,1,2,wDrflRxU2k9EaZlomGfy#2,Reva,Jeskai Striker,J7QHrCE19bB8ZVoYzoFH#2,Pedro Boaro,Silverquill Influence,win
liga-2x2-online-s2-e6,Liga 2x2 Online S2-E6,2026-06-11,2026-06-11,2026-06,1,3,2Bf3r0w3ORzEqAIoZLHC#1,Felipe,Tricky Terrain,Pnke51krTliz8gyqal1P#1,Guilherme,Dance of the Elements,draw
liga-2x2-online-s2-e6,Liga 2x2 Online S2-E6,2026-06-11,2026-06-11,2026-06,1,3,2Bf3r0w3ORzEqAIoZLHC#1,Felipe,Tricky Terrain,2Bf3r0w3ORzEqAIoZLHC#2,Pinho,Counter Blitz,draw
liga-2x2-online-s2-e6,Liga 2x2 Online S2-E6,2026-06-11,2026-06-11,2026-06,1,3,2Bf3r0w3ORzEqAIoZLHC#1,Felipe,Tricky Terrain,Pnke51krTliz8gyqal1P#2,Vicente,Limit Break,draw
liga-2x2-online-s2-e6,Liga 2x2 Online S2-E6,2026-06-11,2026-06-11,2026-06,1,3,Pnke51krTliz8gyqal1P#1,Guilherme,Dance of the Elements,2Bf3r0w3ORzEqAIoZLHC#1,Felipe,Tricky Terrain,draw
liga-2x2-online-s2-e6,Liga 2x2 Online S2-E6,2026-06-11,2026-06-11,2026-06,1,3,Pnke51krTliz8gyqal1P#1,Guilherme,Dance of the Elements,2Bf3r0w3ORzEqAIoZLHC#2,Pinho,Counter Blitz,draw
liga-2x2-online-s2-e6,Liga 2x2 Online S2-E6,2026-06-11,2026-06-11,2026-06,1,3,Pnke51krTliz8gyqal1P#1,Guilherme,Dance of the Elements,Pnke51krTliz8gyqal1P#2,Vicente,Limit Break,draw
liga-2x2-online-s2-e6,Liga 2x2 Online S2-E6,2026-06-11,2026-06-11,2026-06,1,3,2Bf3r0w3ORzEqAIoZLHC#2,Pinho,Counter Blitz,2Bf3r0w3ORzEqAIoZLHC#1,Felipe,Tricky Terrain,draw
liga-2x2-online-s2-e6,Liga 2x2 Online S2-E6,2026-06-11,2026-06-11,2026-06,1,3,2Bf3r0w3ORzEqAIoZLHC#2,Pinho,Counter Blitz,Pnke51krTliz8gyqal1P#1,Guilherme,Dance of the Elements,draw
liga-2x2-online-s2-e6,Liga 2x2 Online S2-E6,2026-06-11,2026-06-11,2026-06,1,3,2Bf3r0w3ORzEqAIoZLHC#2,Pinho,Counter Blitz,Pnke51krTliz8gyqal1P#2,Vicente,Limit Break,draw
liga-2x2-online-s2-e6,Liga 2x2 Online S2-E6,2026-06-11,2026-06-11,2026-06,1,3,Pnke51krTliz8gyqal1P#2,Vicente,Limit Break,2Bf3r0w3ORzEqAIoZLHC#1,Felipe,Tricky Terrain,draw
liga-2x2-online-s2-e6,Liga 2x2 Online S2-E6,2026-06-11,2026-06-11,2026-06,1,3,Pnke51krTliz8gyqal1P#2,Vicente,Limit Break,Pnke51krTliz8gyqal1P#1,Guilherme,Dance of the Elements,draw
liga-2x2-online-s2-e6,Liga 2x2 Online S2-E6,2026-06-11,2026-06-11,2026-06,1,3,Pnke51krTliz8gyqal1P#2,Vicente,Limit Break,2Bf3r0w3ORzEqAIoZLHC#2,Pinho,Counter Blitz,draw
liga-2x2-online-s2-e6,Liga 2x2 Online S2-E6,2026-06-11,2026-06-11,2026-06,1,4,JdkDI5iXPZDaoZVsw5EG#2,Arthur Sartori,Scions & Spellcraft,TFus1V9CCIkg5Hm4ecnt#1,Carlos,Turtle Power!,win
liga-2x2-online-s2-e6,Liga 2x2 Online S2-E6,2026-06-11,2026-06-11,2026-06,1,4,JdkDI5iXPZDaoZVsw5EG#2,Arthur Sartori,Scions & Spellcraft,JdkDI5iXPZDaoZVsw5EG#1,Marcos Sartori,Festa dos Planeswalker,win
liga-2x2-online-s2-e6,Liga 2x2 Online S2-E6,2026-06-11,2026-06-11,2026-06,1,4,JdkDI5iXPZDaoZVsw5EG#2,Arthur Sartori,Scions & Spellcraft,TFus1V9CCIkg5Hm4ecnt#2,Vande,Counter Blitz,win
liga-2x2-online-s2-e6,Liga 2x2 Online S2-E6,2026-06-11,2026-06-11,2026-06,1,4,TFus1V9CCIkg5Hm4ecnt#1,Carlos,Turtle Power!,JdkDI5iXPZDaoZVsw5EG#2,Arthur Sartori,Scions & Spellcraft,lose
liga-2x2-online-s2-e6,Liga 2x2 Online S2-E6,2026-06-11,2026-06-11,2026-06,1,4,TFus1V9CCIkg5Hm4ecnt#1,Carlos,Turtle Power!,JdkDI5iXPZDaoZVsw5EG#1,Marcos Sartori,Festa dos Planeswalker,lose
liga-2x2-online-s2-e6,Liga 2x2 Online S2-E6,2026-06-11,2026-06-11,2026-06,1,4,TFus1V9CCIkg5Hm4ecnt#1,Carlos,Turtle Power!,TFus1V9CCIkg5Hm4ecnt#2,Vande,Counter Blitz,lose
liga-2x2-online-s2-e6,Liga 2x2 Online S2-E6,2026-06-11,2026-06-11,2026-06,1,4,JdkDI5iXPZDaoZVsw5EG#1,Marcos Sartori,Festa dos Planeswalker,JdkDI5iXPZDaoZVsw5EG#2,Arthur Sartori,Scions & Spellcraft,win
liga-2x2-online-s2-e6,Liga 2x2 Online S2-E6,2026-06-11,2026-06-11,2026-06,1,4,JdkDI5iXPZDaoZVsw5EG#1,Marcos Sartori,Festa dos Planeswalker,TFus1V9CCIkg5Hm4ecnt#1,Carlos,Turtle Power!,win
liga-2x2-online-s2-e6,Liga 2x2 Online S2-E6,2026-06-11,2026-06-11,2026-06,1,4,JdkDI5iXPZDaoZVsw5EG#1,Marcos Sartori,Festa dos Planeswalker,TFus1V9CCIkg5Hm4ecnt#2,Vande,Counter Blitz,win
liga-2x2-online-s2-e6,Liga 2x2 Online S2-E6,2026-06-11,2026-06-11,2026-06,1,4,TFus1V9CCIkg5Hm4ecnt#2,Vande,Counter Blitz,JdkDI5iXPZDaoZVsw5EG#2,Arthur Sartori,Scions & Spellcraft,lose
liga-2x2-online-s2-e6,Liga 2x2 Online S2-E6,2026-06-11,2026-06-11,2026-06,1,4,TFus1V9CCIkg5Hm4ecnt#2,Vande,Counter Blitz,TFus1V9CCIkg5Hm4ecnt#1,Carlos,Turtle Power!,lose
liga-2x2-online-s2-e6,Liga 2x2 Online S2-E6,2026-06-11,2026-06-11,2026-06,1,4,TFus1V9CCIkg5Hm4ecnt#2,Vande,Counter Blitz,JdkDI5iXPZDaoZVsw5EG#1,Marcos Sartori,Festa dos Planeswalker,lose
liga-2x2-online-s2-e6,Liga 2x2 Online S2-E6,2026-06-11,2026-06-11,2026-06,2,1,wDrflRxU2k9EaZlomGfy#1,Andressa,Temur Roar,WSEeUzWdPRD3aVu4QwHH#1,Bells,Quandrix Unlimited,lose
liga-2x2-online-s2-e6,Liga 2x2 Online S2-E6,2026-06-11,2026-06-11,2026-06,2,1,wDrflRxU2k9EaZlomGfy#1,Andressa,Temur Roar,WSEeUzWdPRD3aVu4QwHH#2,Greowtty,Seize Control,lose
liga-2x2-online-s2-e6,Liga 2x2 Online S2-E6,2026-06-11,2026-06-11,2026-06,2,1,wDrflRxU2k9EaZlomGfy#1,Andressa,Temur Roar,wDrflRxU2k9EaZlomGfy#2,Reva,Jeskai Striker,lose
liga-2x2-online-s2-e6,Liga 2x2 Online S2-E6,2026-06-11,2026-06-11,2026-06,2,1,WSEeUzWdPRD3aVu4QwHH#1,Bells,Quandrix Unlimited,wDrflRxU2k9EaZlomGfy#1,Andressa,Temur Roar,win
liga-2x2-online-s2-e6,Liga 2x2 Online S2-E6,2026-06-11,2026-06-11,2026-06,2,1,WSEeUzWdPRD3aVu4QwHH#1,Bells,Quandrix Unlimited,WSEeUzWdPRD3aVu4QwHH#2,Greowtty,Seize Control,win
liga-2x2-online-s2-e6,Liga 2x2 Online S2-E6,2026-06-11,2026-06-11,2026-06,2,1,WSEeUzWdPRD3aVu4QwHH#1,Bells,Quandrix Unlimited,wDrflRxU2k9EaZlomGfy#2,Reva,Jeskai Striker,win
liga-2x2-online-s2-e6,Liga 2x2 Online S2-E6,2026-06-11,2026-06-11,2026-06,2,1,WSEeUzWdPRD3aVu4QwHH#2,Greowtty,Seize Control,wDrflRxU2k9EaZlomGfy#1,Andressa,Temur Roar,win
liga-2x2-online-s2-e6,Liga 2x2 Online S2-E6,2026-06-11,2026-06-11,2026-06,2,1,WSEeUzWdPRD3aVu4QwHH#2,Greowtty,Seize Control,WSEeUzWdPRD3aVu4QwHH#1,Bells,Quandrix Unlimited,win
liga-2x2-online-s2-e6,Liga 2x2 Online S2-E6,2026-06-11,2026-06-11,2026-06,2,1,WSEeUzWdPRD3aVu4QwHH#2,Greowtty,Seize Control,wDrflRxU2k9EaZlomGfy#2,Reva,Jeskai Striker,win
liga-2x2-online-s2-e6,Liga 2x2 Online S2-E6,2026-06-11,2026-06-11,2026-06,2,1,wDrflRxU2k9EaZlomGfy#2,Reva,Jeskai Striker,wDrflRxU2k9EaZlomGfy#1,Andressa,Temur Roar,lose
liga-2x2-online-s2-e6,Liga 2x2 Online S2-E6,2026-06-11,2026-06-11,2026-06,2,1,wDrflRxU2k9EaZlomGfy#2,Reva,Jeskai Striker,WSEeUzWdPRD3aVu4QwHH#1,Bells,Quandrix Unlimited,lose
liga-2x2-online-s2-e6,Liga 2x2 Online S2-E6,2026-06-11,2026-06-11,2026-06,2,1,wDrflRxU2k9EaZlomGfy#2,Reva,Jeskai Striker,WSEeUzWdPRD3aVu4QwHH#2,Greowtty,Seize Control,lose
liga-2x2-online-s2-e6,Liga 2x2 Online S2-E6,2026-06-11,2026-06-11,2026-06,2,2,JdkDI5iXPZDaoZVsw5EG#2,Arthur Sartori,Scions & Spellcraft,Pnke51krTliz8gyqal1P#1,Guilherme,Dance of the Elements,win
liga-2x2-online-s2-e6,Liga 2x2 Online S2-E6,2026-06-11,2026-06-11,2026-06,2,2,JdkDI5iXPZDaoZVsw5EG#2,Arthur Sartori,Scions & Spellcraft,JdkDI5iXPZDaoZVsw5EG#1,Marcos Sartori,Festa dos Planeswalker,win
liga-2x2-online-s2-e6,Liga 2x2 Online S2-E6,2026-06-11,2026-06-11,2026-06,2,2,JdkDI5iXPZDaoZVsw5EG#2,Arthur Sartori,Scions & Spellcraft,Pnke51krTliz8gyqal1P#2,Vicente,Limit Break,win
liga-2x2-online-s2-e6,Liga 2x2 Online S2-E6,2026-06-11,2026-06-11,2026-06,2,2,Pnke51krTliz8gyqal1P#1,Guilherme,Dance of the Elements,JdkDI5iXPZDaoZVsw5EG#2,Arthur Sartori,Scions & Spellcraft,lose
liga-2x2-online-s2-e6,Liga 2x2 Online S2-E6,2026-06-11,2026-06-11,2026-06,2,2,Pnke51krTliz8gyqal1P#1,Guilherme,Dance of the Elements,JdkDI5iXPZDaoZVsw5EG#1,Marcos Sartori,Festa dos Planeswalker,lose
liga-2x2-online-s2-e6,Liga 2x2 Online S2-E6,2026-06-11,2026-06-11,2026-06,2,2,Pnke51krTliz8gyqal1P#1,Guilherme,Dance of the Elements,Pnke51krTliz8gyqal1P#2,Vicente,Limit Break,lose
liga-2x2-online-s2-e6,Liga 2x2 Online S2-E6,2026-06-11,2026-06-11,2026-06,2,2,JdkDI5iXPZDaoZVsw5EG#1,Marcos Sartori,Festa dos Planeswalker,JdkDI5iXPZDaoZVsw5EG#2,Arthur Sartori,Scions & Spellcraft,win
liga-2x2-online-s2-e6,Liga 2x2 Online S2-E6,2026-06-11,2026-06-11,2026-06,2,2,JdkDI5iXPZDaoZVsw5EG#1,Marcos Sartori,Festa dos Planeswalker,Pnke51krTliz8gyqal1P#1,Guilherme,Dance of the Elements,win
liga-2x2-online-s2-e6,Liga 2x2 Online S2-E6,2026-06-11,2026-06-11,2026-06,2,2,JdkDI5iXPZDaoZVsw5EG#1,Marcos Sartori,Festa dos Planeswalker,Pnke51krTliz8gyqal1P#2,Vicente,Limit Break,win
liga-2x2-online-s2-e6,Liga 2x2 Online S2-E6,2026-06-11,2026-06-11,2026-06,2,2,Pnke51krTliz8gyqal1P#2,Vicente,Limit Break,JdkDI5iXPZDaoZVsw5EG#2,Arthur Sartori,Scions & Spellcraft,lose
liga-2x2-online-s2-e6,Liga 2x2 Online S2-E6,2026-06-11,2026-06-11,2026-06,2,2,Pnke51krTliz8gyqal1P#2,Vicente,Limit Break,Pnke51krTliz8gyqal1P#1,Guilherme,Dance of the Elements,lose
liga-2x2-online-s2-e6,Liga 2x2 Online S2-E6,2026-06-11,2026-06-11,2026-06,2,2,Pnke51krTliz8gyqal1P#2,Vicente,Limit Break,JdkDI5iXPZDaoZVsw5EG#1,Marcos Sartori,Festa dos Planeswalker,lose
liga-2x2-online-s2-e6,Liga 2x2 Online S2-E6,2026-06-11,2026-06-11,2026-06,2,3,2Bf3r0w3ORzEqAIoZLHC#1,Felipe,Tricky Terrain,J7QHrCE19bB8ZVoYzoFH#1,JoÃo Marmentini,Lorehold Spirit,draw
liga-2x2-online-s2-e6,Liga 2x2 Online S2-E6,2026-06-11,2026-06-11,2026-06,2,3,2Bf3r0w3ORzEqAIoZLHC#1,Felipe,Tricky Terrain,J7QHrCE19bB8ZVoYzoFH#2,Pedro Boaro,Silverquill Influence,draw
liga-2x2-online-s2-e6,Liga 2x2 Online S2-E6,2026-06-11,2026-06-11,2026-06,2,3,2Bf3r0w3ORzEqAIoZLHC#1,Felipe,Tricky Terrain,2Bf3r0w3ORzEqAIoZLHC#2,Pinho,Counter Blitz,draw
liga-2x2-online-s2-e6,Liga 2x2 Online S2-E6,2026-06-11,2026-06-11,2026-06,2,3,J7QHrCE19bB8ZVoYzoFH#1,JoÃo Marmentini,Lorehold Spirit,2Bf3r0w3ORzEqAIoZLHC#1,Felipe,Tricky Terrain,draw
liga-2x2-online-s2-e6,Liga 2x2 Online S2-E6,2026-06-11,2026-06-11,2026-06,2,3,J7QHrCE19bB8ZVoYzoFH#1,JoÃo Marmentini,Lorehold Spirit,J7QHrCE19bB8ZVoYzoFH#2,Pedro Boaro,Silverquill Influence,draw
liga-2x2-online-s2-e6,Liga 2x2 Online S2-E6,2026-06-11,2026-06-11,2026-06,2,3,J7QHrCE19bB8ZVoYzoFH#1,JoÃo Marmentini,Lorehold Spirit,2Bf3r0w3ORzEqAIoZLHC#2,Pinho,Counter Blitz,draw
liga-2x2-online-s2-e6,Liga 2x2 Online S2-E6,2026-06-11,2026-06-11,2026-06,2,3,J7QHrCE19bB8ZVoYzoFH#2,Pedro Boaro,Silverquill Influence,2Bf3r0w3ORzEqAIoZLHC#1,Felipe,Tricky Terrain,draw
liga-2x2-online-s2-e6,Liga 2x2 Online S2-E6,2026-06-11,2026-06-11,2026-06,2,3,J7QHrCE19bB8ZVoYzoFH#2,Pedro Boaro,Silverquill Influence,J7QHrCE19bB8ZVoYzoFH#1,JoÃo Marmentini,Lorehold Spirit,draw
liga-2x2-online-s2-e6,Liga 2x2 Online S2-E6,2026-06-11,2026-06-11,2026-06,2,3,J7QHrCE19bB8ZVoYzoFH#2,Pedro Boaro,Silverquill Influence,2Bf3r0w3ORzEqAIoZLHC#2,Pinho,Counter Blitz,draw
liga-2x2-online-s2-e6,Liga 2x2 Online S2-E6,2026-06-11,2026-06-11,2026-06,2,3,2Bf3r0w3ORzEqAIoZLHC#2,Pinho,Counter Blitz,2Bf3r0w3ORzEqAIoZLHC#1,Felipe,Tricky Terrain,draw
liga-2x2-online-s2-e6,Liga 2x2 Online S2-E6,2026-06-11,2026-06-11,2026-06,2,3,2Bf3r0w3ORzEqAIoZLHC#2,Pinho,Counter Blitz,J7QHrCE19bB8ZVoYzoFH#1,JoÃo Marmentini,Lorehold Spirit,draw
liga-2x2-online-s2-e6,Liga 2x2 Online S2-E6,2026-06-11,2026-06-11,2026-06,2,3,2Bf3r0w3ORzEqAIoZLHC#2,Pinho,Counter Blitz,J7QHrCE19bB8ZVoYzoFH#2,Pedro Boaro,Silverquill Influence,draw
liga-2x2-online-s2-e6,Liga 2x2 Online S2-E6,2026-06-11,2026-06-11,2026-06,2,4,TFus1V9CCIkg5Hm4ecnt#1,Carlos,Turtle Power!,zo2UwBtBIgel19yCP5UA#2,Jorel,Turtle Power!,lose
liga-2x2-online-s2-e6,Liga 2x2 Online S2-E6,2026-06-11,2026-06-11,2026-06,2,4,TFus1V9CCIkg5Hm4ecnt#1,Carlos,Turtle Power!,zo2UwBtBIgel19yCP5UA#1,Martin,Lorehold Spirit,lose
liga-2x2-online-s2-e6,Liga 2x2 Online S2-E6,2026-06-11,2026-06-11,2026-06,2,4,TFus1V9CCIkg5Hm4ecnt#1,Carlos,Turtle Power!,TFus1V9CCIkg5Hm4ecnt#2,Vande,Counter Blitz,lose
liga-2x2-online-s2-e6,Liga 2x2 Online S2-E6,2026-06-11,2026-06-11,2026-06,2,4,zo2UwBtBIgel19yCP5UA#2,Jorel,Turtle Power!,TFus1V9CCIkg5Hm4ecnt#1,Carlos,Turtle Power!,win
liga-2x2-online-s2-e6,Liga 2x2 Online S2-E6,2026-06-11,2026-06-11,2026-06,2,4,zo2UwBtBIgel19yCP5UA#2,Jorel,Turtle Power!,zo2UwBtBIgel19yCP5UA#1,Martin,Lorehold Spirit,win
liga-2x2-online-s2-e6,Liga 2x2 Online S2-E6,2026-06-11,2026-06-11,2026-06,2,4,zo2UwBtBIgel19yCP5UA#2,Jorel,Turtle Power!,TFus1V9CCIkg5Hm4ecnt#2,Vande,Counter Blitz,win
liga-2x2-online-s2-e6,Liga 2x2 Online S2-E6,2026-06-11,2026-06-11,2026-06,2,4,zo2UwBtBIgel19yCP5UA#1,Martin,Lorehold Spirit,TFus1V9CCIkg5Hm4ecnt#1,Carlos,Turtle Power!,win
liga-2x2-online-s2-e6,Liga 2x2 Online S2-E6,2026-06-11,2026-06-11,2026-06,2,4,zo2UwBtBIgel19yCP5UA#1,Martin,Lorehold Spirit,zo2UwBtBIgel19yCP5UA#2,Jorel,Turtle Power!,win
liga-2x2-online-s2-e6,Liga 2x2 Online S2-E6,2026-06-11,2026-06-11,2026-06,2,4,zo2UwBtBIgel19yCP5UA#1,Martin,Lorehold Spirit,TFus1V9CCIkg5Hm4ecnt#2,Vande,Counter Blitz,win
liga-2x2-online-s2-e6,Liga 2x2 Online S2-E6,2026-06-11,2026-06-11,2026-06,2,4,TFus1V9CCIkg5Hm4ecnt#2,Vande,Counter Blitz,TFus1V9CCIkg5Hm4ecnt#1,Carlos,Turtle Power!,lose
liga-2x2-online-s2-e6,Liga 2x2 Online S2-E6,2026-06-11,2026-06-11,2026-06,2,4,TFus1V9CCIkg5Hm4ecnt#2,Vande,Counter Blitz,zo2UwBtBIgel19yCP5UA#2,Jorel,Turtle Power!,lose
liga-2x2-online-s2-e6,Liga 2x2 Online S2-E6,2026-06-11,2026-06-11,2026-06,2,4,TFus1V9CCIkg5Hm4ecnt#2,Vande,Counter Blitz,zo2UwBtBIgel19yCP5UA#1,Martin,Lorehold Spirit,lose
liga-2x2-online-s2-e6,Liga 2x2 Online S2-E6,2026-06-11,2026-06-11,2026-06,3,1,JdkDI5iXPZDaoZVsw5EG#2,Arthur Sartori,Scions & Spellcraft,WSEeUzWdPRD3aVu4QwHH#1,Bells,Quandrix Unlimited,lose
liga-2x2-online-s2-e6,Liga 2x2 Online S2-E6,2026-06-11,2026-06-11,2026-06,3,1,JdkDI5iXPZDaoZVsw5EG#2,Arthur Sartori,Scions & Spellcraft,WSEeUzWdPRD3aVu4QwHH#2,Greowtty,Seize Control,lose
liga-2x2-online-s2-e6,Liga 2x2 Online S2-E6,2026-06-11,2026-06-11,2026-06,3,1,JdkDI5iXPZDaoZVsw5EG#2,Arthur Sartori,Scions & Spellcraft,JdkDI5iXPZDaoZVsw5EG#1,Marcos Sartori,Festa dos Planeswalker,lose
liga-2x2-online-s2-e6,Liga 2x2 Online S2-E6,2026-06-11,2026-06-11,2026-06,3,1,WSEeUzWdPRD3aVu4QwHH#1,Bells,Quandrix Unlimited,JdkDI5iXPZDaoZVsw5EG#2,Arthur Sartori,Scions & Spellcraft,win
liga-2x2-online-s2-e6,Liga 2x2 Online S2-E6,2026-06-11,2026-06-11,2026-06,3,1,WSEeUzWdPRD3aVu4QwHH#1,Bells,Quandrix Unlimited,WSEeUzWdPRD3aVu4QwHH#2,Greowtty,Seize Control,win
liga-2x2-online-s2-e6,Liga 2x2 Online S2-E6,2026-06-11,2026-06-11,2026-06,3,1,WSEeUzWdPRD3aVu4QwHH#1,Bells,Quandrix Unlimited,JdkDI5iXPZDaoZVsw5EG#1,Marcos Sartori,Festa dos Planeswalker,win
liga-2x2-online-s2-e6,Liga 2x2 Online S2-E6,2026-06-11,2026-06-11,2026-06,3,1,WSEeUzWdPRD3aVu4QwHH#2,Greowtty,Seize Control,JdkDI5iXPZDaoZVsw5EG#2,Arthur Sartori,Scions & Spellcraft,win
liga-2x2-online-s2-e6,Liga 2x2 Online S2-E6,2026-06-11,2026-06-11,2026-06,3,1,WSEeUzWdPRD3aVu4QwHH#2,Greowtty,Seize Control,WSEeUzWdPRD3aVu4QwHH#1,Bells,Quandrix Unlimited,win
liga-2x2-online-s2-e6,Liga 2x2 Online S2-E6,2026-06-11,2026-06-11,2026-06,3,1,WSEeUzWdPRD3aVu4QwHH#2,Greowtty,Seize Control,JdkDI5iXPZDaoZVsw5EG#1,Marcos Sartori,Festa dos Planeswalker,win
liga-2x2-online-s2-e6,Liga 2x2 Online S2-E6,2026-06-11,2026-06-11,2026-06,3,1,JdkDI5iXPZDaoZVsw5EG#1,Marcos Sartori,Festa dos Planeswalker,JdkDI5iXPZDaoZVsw5EG#2,Arthur Sartori,Scions & Spellcraft,lose
liga-2x2-online-s2-e6,Liga 2x2 Online S2-E6,2026-06-11,2026-06-11,2026-06,3,1,JdkDI5iXPZDaoZVsw5EG#1,Marcos Sartori,Festa dos Planeswalker,WSEeUzWdPRD3aVu4QwHH#1,Bells,Quandrix Unlimited,lose
liga-2x2-online-s2-e6,Liga 2x2 Online S2-E6,2026-06-11,2026-06-11,2026-06,3,1,JdkDI5iXPZDaoZVsw5EG#1,Marcos Sartori,Festa dos Planeswalker,WSEeUzWdPRD3aVu4QwHH#2,Greowtty,Seize Control,lose
liga-2x2-online-s2-e6,Liga 2x2 Online S2-E6,2026-06-11,2026-06-11,2026-06,3,2,wDrflRxU2k9EaZlomGfy#1,Andressa,Temur Roar,zo2UwBtBIgel19yCP5UA#2,Jorel,Turtle Power!,lose
liga-2x2-online-s2-e6,Liga 2x2 Online S2-E6,2026-06-11,2026-06-11,2026-06,3,2,wDrflRxU2k9EaZlomGfy#1,Andressa,Temur Roar,zo2UwBtBIgel19yCP5UA#1,Martin,Lorehold Spirit,lose
liga-2x2-online-s2-e6,Liga 2x2 Online S2-E6,2026-06-11,2026-06-11,2026-06,3,2,wDrflRxU2k9EaZlomGfy#1,Andressa,Temur Roar,wDrflRxU2k9EaZlomGfy#2,Reva,Jeskai Striker,lose
liga-2x2-online-s2-e6,Liga 2x2 Online S2-E6,2026-06-11,2026-06-11,2026-06,3,2,zo2UwBtBIgel19yCP5UA#2,Jorel,Turtle Power!,wDrflRxU2k9EaZlomGfy#1,Andressa,Temur Roar,win
liga-2x2-online-s2-e6,Liga 2x2 Online S2-E6,2026-06-11,2026-06-11,2026-06,3,2,zo2UwBtBIgel19yCP5UA#2,Jorel,Turtle Power!,zo2UwBtBIgel19yCP5UA#1,Martin,Lorehold Spirit,win
liga-2x2-online-s2-e6,Liga 2x2 Online S2-E6,2026-06-11,2026-06-11,2026-06,3,2,zo2UwBtBIgel19yCP5UA#2,Jorel,Turtle Power!,wDrflRxU2k9EaZlomGfy#2,Reva,Jeskai Striker,win
liga-2x2-online-s2-e6,Liga 2x2 Online S2-E6,2026-06-11,2026-06-11,2026-06,3,2,zo2UwBtBIgel19yCP5UA#1,Martin,Lorehold Spirit,wDrflRxU2k9EaZlomGfy#1,Andressa,Temur Roar,win
liga-2x2-online-s2-e6,Liga 2x2 Online S2-E6,2026-06-11,2026-06-11,2026-06,3,2,zo2UwBtBIgel19yCP5UA#1,Martin,Lorehold Spirit,zo2UwBtBIgel19yCP5UA#2,Jorel,Turtle Power!,win
liga-2x2-online-s2-e6,Liga 2x2 Online S2-E6,2026-06-11,2026-06-11,2026-06,3,2,zo2UwBtBIgel19yCP5UA#1,Martin,Lorehold Spirit,wDrflRxU2k9EaZlomGfy#2,Reva,Jeskai Striker,win
liga-2x2-online-s2-e6,Liga 2x2 Online S2-E6,2026-06-11,2026-06-11,2026-06,3,2,wDrflRxU2k9EaZlomGfy#2,Reva,Jeskai Striker,wDrflRxU2k9EaZlomGfy#1,Andressa,Temur Roar,lose
liga-2x2-online-s2-e6,Liga 2x2 Online S2-E6,2026-06-11,2026-06-11,2026-06,3,2,wDrflRxU2k9EaZlomGfy#2,Reva,Jeskai Striker,zo2UwBtBIgel19yCP5UA#2,Jorel,Turtle Power!,lose
liga-2x2-online-s2-e6,Liga 2x2 Online S2-E6,2026-06-11,2026-06-11,2026-06,3,2,wDrflRxU2k9EaZlomGfy#2,Reva,Jeskai Striker,zo2UwBtBIgel19yCP5UA#1,Martin,Lorehold Spirit,lose
liga-2x2-online-s2-e6,Liga 2x2 Online S2-E6,2026-06-11,2026-06-11,2026-06,3,3,TFus1V9CCIkg5Hm4ecnt#1,Carlos,Turtle Power!,2Bf3r0w3ORzEqAIoZLHC#1,Felipe,Tricky Terrain,draw
liga-2x2-online-s2-e6,Liga 2x2 Online S2-E6,2026-06-11,2026-06-11,2026-06,3,3,TFus1V9CCIkg5Hm4ecnt#1,Carlos,Turtle Power!,2Bf3r0w3ORzEqAIoZLHC#2,Pinho,Counter Blitz,draw
liga-2x2-online-s2-e6,Liga 2x2 Online S2-E6,2026-06-11,2026-06-11,2026-06,3,3,TFus1V9CCIkg5Hm4ecnt#1,Carlos,Turtle Power!,TFus1V9CCIkg5Hm4ecnt#2,Vande,Counter Blitz,draw
liga-2x2-online-s2-e6,Liga 2x2 Online S2-E6,2026-06-11,2026-06-11,2026-06,3,3,2Bf3r0w3ORzEqAIoZLHC#1,Felipe,Tricky Terrain,TFus1V9CCIkg5Hm4ecnt#1,Carlos,Turtle Power!,draw
liga-2x2-online-s2-e6,Liga 2x2 Online S2-E6,2026-06-11,2026-06-11,2026-06,3,3,2Bf3r0w3ORzEqAIoZLHC#1,Felipe,Tricky Terrain,2Bf3r0w3ORzEqAIoZLHC#2,Pinho,Counter Blitz,draw
liga-2x2-online-s2-e6,Liga 2x2 Online S2-E6,2026-06-11,2026-06-11,2026-06,3,3,2Bf3r0w3ORzEqAIoZLHC#1,Felipe,Tricky Terrain,TFus1V9CCIkg5Hm4ecnt#2,Vande,Counter Blitz,draw
liga-2x2-online-s2-e6,Liga 2x2 Online S2-E6,2026-06-11,2026-06-11,2026-06,3,3,2Bf3r0w3ORzEqAIoZLHC#2,Pinho,Counter Blitz,TFus1V9CCIkg5Hm4ecnt#1,Carlos,Turtle Power!,draw
liga-2x2-online-s2-e6,Liga 2x2 Online S2-E6,2026-06-11,2026-06-11,2026-06,3,3,2Bf3r0w3ORzEqAIoZLHC#2,Pinho,Counter Blitz,2Bf3r0w3ORzEqAIoZLHC#1,Felipe,Tricky Terrain,draw
liga-2x2-online-s2-e6,Liga 2x2 Online S2-E6,2026-06-11,2026-06-11,2026-06,3,3,2Bf3r0w3ORzEqAIoZLHC#2,Pinho,Counter Blitz,TFus1V9CCIkg5Hm4ecnt#2,Vande,Counter Blitz,draw
liga-2x2-online-s2-e6,Liga 2x2 Online S2-E6,2026-06-11,2026-06-11,2026-06,3,3,TFus1V9CCIkg5Hm4ecnt#2,Vande,Counter Blitz,TFus1V9CCIkg5Hm4ecnt#1,Carlos,Turtle Power!,draw
liga-2x2-online-s2-e6,Liga 2x2 Online S2-E6,2026-06-11,2026-06-11,2026-06,3,3,TFus1V9CCIkg5Hm4ecnt#2,Vande,Counter Blitz,2Bf3r0w3ORzEqAIoZLHC#1,Felipe,Tricky Terrain,draw
liga-2x2-online-s2-e6,Liga 2x2 Online S2-E6,2026-06-11,2026-06-11,2026-06,3,3,TFus1V9CCIkg5Hm4ecnt#2,Vande,Counter Blitz,2Bf3r0w3ORzEqAIoZLHC#2,Pinho,Counter Blitz,draw
liga-2x2-online-s2-e6,Liga 2x2 Online S2-E6,2026-06-11,2026-06-11,2026-06,3,4,Pnke51krTliz8gyqal1P#1,Guilherme,Dance of the Elements,J7QHrCE19bB8ZVoYzoFH#1,JoÃo Marmentini,Lorehold Spirit,lose
liga-2x2-online-s2-e6,Liga 2x2 Online S2-E6,2026-06-11,2026-06-11,2026-06,3,4,Pnke51krTliz8gyqal1P#1,Guilherme,Dance of the Elements,J7QHrCE19bB8ZVoYzoFH#2,Pedro Boaro,Silverquill Influence,lose
liga-2x2-online-s2-e6,Liga 2x2 Online S2-E6,2026-06-11,2026-06-11,2026-06,3,4,Pnke51krTliz8gyqal1P#1,Guilherme,Dance of the Elements,Pnke51krTliz8gyqal1P#2,Vicente,Limit Break,lose
liga-2x2-online-s2-e6,Liga 2x2 Online S2-E6,2026-06-11,2026-06-11,2026-06,3,4,J7QHrCE19bB8ZVoYzoFH#1,JoÃo Marmentini,Lorehold Spirit,Pnke51krTliz8gyqal1P#1,Guilherme,Dance of the Elements,win
liga-2x2-online-s2-e6,Liga 2x2 Online S2-E6,2026-06-11,2026-06-11,2026-06,3,4,J7QHrCE19bB8ZVoYzoFH#1,JoÃo Marmentini,Lorehold Spirit,J7QHrCE19bB8ZVoYzoFH#2,Pedro Boaro,Silverquill Influence,win
liga-2x2-online-s2-e6,Liga 2x2 Online S2-E6,2026-06-11,2026-06-11,2026-06,3,4,J7QHrCE19bB8ZVoYzoFH#1,JoÃo Marmentini,Lorehold Spirit,Pnke51krTliz8gyqal1P#2,Vicente,Limit Break,win
liga-2x2-online-s2-e6,Liga 2x2 Online S2-E6,2026-06-11,2026-06-11,2026-06,3,4,J7QHrCE19bB8ZVoYzoFH#2,Pedro Boaro,Silverquill Influence,Pnke51krTliz8gyqal1P#1,Guilherme,Dance of the Elements,win
liga-2x2-online-s2-e6,Liga 2x2 Online S2-E6,2026-06-11,2026-06-11,2026-06,3,4,J7QHrCE19bB8ZVoYzoFH#2,Pedro Boaro,Silverquill Influence,J7QHrCE19bB8ZVoYzoFH#1,JoÃo Marmentini,Lorehold Spirit,win
liga-2x2-online-s2-e6,Liga 2x2 Online S2-E6,2026-06-11,2026-06-11,2026-06,3,4,J7QHrCE19bB8ZVoYzoFH#2,Pedro Boaro,Silverquill Influence,Pnke51krTliz8gyqal1P#2,Vicente,Limit Break,win
liga-2x2-online-s2-e6,Liga 2x2 Online S2-E6,2026-06-11,2026-06-11,2026-06,3,4,Pnke51krTliz8gyqal1P#2,Vicente,Limit Break,Pnke51krTliz8gyqal1P#1,Guilherme,Dance of the Elements,lose
liga-2x2-online-s2-e6,Liga 2x2 Online S2-E6,2026-06-11,2026-06-11,2026-06,3,4,Pnke51krTliz8gyqal1P#2,Vicente,Limit Break,J7QHrCE19bB8ZVoYzoFH#1,JoÃo Marmentini,Lorehold Spirit,lose
liga-2x2-online-s2-e6,Liga 2x2 Online S2-E6,2026-06-11,2026-06-11,2026-06,3,4,Pnke51krTliz8gyqal1P#2,Vicente,Limit Break,J7QHrCE19bB8ZVoYzoFH#2,Pedro Boaro,Silverquill Influence,lose
liga-2x2-online-s2-e7,Liga 2x2 Online S2-E7,2026-06-25,2026-06-25,2026-06,1,1,3DwNNoaks3pbpUaGhVE5#2,Boone,Witherbloom Pestilence,3DwNNoaks3pbpUaGhVE5#1,Reva,"Ave, Caesar",draw
liga-2x2-online-s2-e7,Liga 2x2 Online S2-E7,2026-06-25,2026-06-25,2026-06,1,1,3DwNNoaks3pbpUaGhVE5#2,Boone,Witherbloom Pestilence,guSbtFkYJLcQHSYiYT9K#2,Thiago,Dance of the Elements,draw
liga-2x2-online-s2-e7,Liga 2x2 Online S2-E7,2026-06-25,2026-06-25,2026-06,1,1,3DwNNoaks3pbpUaGhVE5#2,Boone,Witherbloom Pestilence,guSbtFkYJLcQHSYiYT9K#1,Vande,Endless Punishment,draw
liga-2x2-online-s2-e7,Liga 2x2 Online S2-E7,2026-06-25,2026-06-25,2026-06,1,1,3DwNNoaks3pbpUaGhVE5#1,Reva,"Ave, Caesar",3DwNNoaks3pbpUaGhVE5#2,Boone,Witherbloom Pestilence,draw
liga-2x2-online-s2-e7,Liga 2x2 Online S2-E7,2026-06-25,2026-06-25,2026-06,1,1,3DwNNoaks3pbpUaGhVE5#1,Reva,"Ave, Caesar",guSbtFkYJLcQHSYiYT9K#2,Thiago,Dance of the Elements,draw
liga-2x2-online-s2-e7,Liga 2x2 Online S2-E7,2026-06-25,2026-06-25,2026-06,1,1,3DwNNoaks3pbpUaGhVE5#1,Reva,"Ave, Caesar",guSbtFkYJLcQHSYiYT9K#1,Vande,Endless Punishment,draw
liga-2x2-online-s2-e7,Liga 2x2 Online S2-E7,2026-06-25,2026-06-25,2026-06,1,1,guSbtFkYJLcQHSYiYT9K#2,Thiago,Dance of the Elements,3DwNNoaks3pbpUaGhVE5#2,Boone,Witherbloom Pestilence,draw
liga-2x2-online-s2-e7,Liga 2x2 Online S2-E7,2026-06-25,2026-06-25,2026-06,1,1,guSbtFkYJLcQHSYiYT9K#2,Thiago,Dance of the Elements,3DwNNoaks3pbpUaGhVE5#1,Reva,"Ave, Caesar",draw
liga-2x2-online-s2-e7,Liga 2x2 Online S2-E7,2026-06-25,2026-06-25,2026-06,1,1,guSbtFkYJLcQHSYiYT9K#2,Thiago,Dance of the Elements,guSbtFkYJLcQHSYiYT9K#1,Vande,Endless Punishment,draw
liga-2x2-online-s2-e7,Liga 2x2 Online S2-E7,2026-06-25,2026-06-25,2026-06,1,1,guSbtFkYJLcQHSYiYT9K#1,Vande,Endless Punishment,3DwNNoaks3pbpUaGhVE5#2,Boone,Witherbloom Pestilence,draw
liga-2x2-online-s2-e7,Liga 2x2 Online S2-E7,2026-06-25,2026-06-25,2026-06,1,1,guSbtFkYJLcQHSYiYT9K#1,Vande,Endless Punishment,3DwNNoaks3pbpUaGhVE5#1,Reva,"Ave, Caesar",draw
liga-2x2-online-s2-e7,Liga 2x2 Online S2-E7,2026-06-25,2026-06-25,2026-06,1,1,guSbtFkYJLcQHSYiYT9K#1,Vande,Endless Punishment,guSbtFkYJLcQHSYiYT9K#2,Thiago,Dance of the Elements,draw
liga-2x2-online-s2-e7,Liga 2x2 Online S2-E7,2026-06-25,2026-06-25,2026-06,1,2,YDUUTjYvfnU1MHFVZLOy#2,Dellani,Festa dos Planeswalker,1WPIOtVF2PXQHQyJVp3s#1,Guilherme,Prismari Artistry,win
liga-2x2-online-s2-e7,Liga 2x2 Online S2-E7,2026-06-25,2026-06-25,2026-06,1,2,YDUUTjYvfnU1MHFVZLOy#2,Dellani,Festa dos Planeswalker,YDUUTjYvfnU1MHFVZLOy#1,Martin,Lorehold Spirit,win
liga-2x2-online-s2-e7,Liga 2x2 Online S2-E7,2026-06-25,2026-06-25,2026-06,1,2,YDUUTjYvfnU1MHFVZLOy#2,Dellani,Festa dos Planeswalker,1WPIOtVF2PXQHQyJVp3s#2,Vicente,Silverquill Influence,win
liga-2x2-online-s2-e7,Liga 2x2 Online S2-E7,2026-06-25,2026-06-25,2026-06,1,2,1WPIOtVF2PXQHQyJVp3s#1,Guilherme,Prismari Artistry,YDUUTjYvfnU1MHFVZLOy#2,Dellani,Festa dos Planeswalker,lose
liga-2x2-online-s2-e7,Liga 2x2 Online S2-E7,2026-06-25,2026-06-25,2026-06,1,2,1WPIOtVF2PXQHQyJVp3s#1,Guilherme,Prismari Artistry,YDUUTjYvfnU1MHFVZLOy#1,Martin,Lorehold Spirit,lose
liga-2x2-online-s2-e7,Liga 2x2 Online S2-E7,2026-06-25,2026-06-25,2026-06,1,2,1WPIOtVF2PXQHQyJVp3s#1,Guilherme,Prismari Artistry,1WPIOtVF2PXQHQyJVp3s#2,Vicente,Silverquill Influence,lose
liga-2x2-online-s2-e7,Liga 2x2 Online S2-E7,2026-06-25,2026-06-25,2026-06,1,2,YDUUTjYvfnU1MHFVZLOy#1,Martin,Lorehold Spirit,YDUUTjYvfnU1MHFVZLOy#2,Dellani,Festa dos Planeswalker,win
liga-2x2-online-s2-e7,Liga 2x2 Online S2-E7,2026-06-25,2026-06-25,2026-06,1,2,YDUUTjYvfnU1MHFVZLOy#1,Martin,Lorehold Spirit,1WPIOtVF2PXQHQyJVp3s#1,Guilherme,Prismari Artistry,win
liga-2x2-online-s2-e7,Liga 2x2 Online S2-E7,2026-06-25,2026-06-25,2026-06,1,2,YDUUTjYvfnU1MHFVZLOy#1,Martin,Lorehold Spirit,1WPIOtVF2PXQHQyJVp3s#2,Vicente,Silverquill Influence,win
liga-2x2-online-s2-e7,Liga 2x2 Online S2-E7,2026-06-25,2026-06-25,2026-06,1,2,1WPIOtVF2PXQHQyJVp3s#2,Vicente,Silverquill Influence,YDUUTjYvfnU1MHFVZLOy#2,Dellani,Festa dos Planeswalker,lose
liga-2x2-online-s2-e7,Liga 2x2 Online S2-E7,2026-06-25,2026-06-25,2026-06,1,2,1WPIOtVF2PXQHQyJVp3s#2,Vicente,Silverquill Influence,1WPIOtVF2PXQHQyJVp3s#1,Guilherme,Prismari Artistry,lose
liga-2x2-online-s2-e7,Liga 2x2 Online S2-E7,2026-06-25,2026-06-25,2026-06,1,2,1WPIOtVF2PXQHQyJVp3s#2,Vicente,Silverquill Influence,YDUUTjYvfnU1MHFVZLOy#1,Martin,Lorehold Spirit,lose
liga-2x2-online-s2-e7,Liga 2x2 Online S2-E7,2026-06-25,2026-06-25,2026-06,1,3,ePauMqiW2B1xBT6ysxXH#2,Bells,Prismari Artistry,TrTICxdROFfJltL2CIsX#1,Felipe,Tricky Terrain,win
liga-2x2-online-s2-e7,Liga 2x2 Online S2-E7,2026-06-25,2026-06-25,2026-06,1,3,ePauMqiW2B1xBT6ysxXH#2,Bells,Prismari Artistry,ePauMqiW2B1xBT6ysxXH#1,Greowtty,Swell the Host,win
liga-2x2-online-s2-e7,Liga 2x2 Online S2-E7,2026-06-25,2026-06-25,2026-06,1,3,ePauMqiW2B1xBT6ysxXH#2,Bells,Prismari Artistry,TrTICxdROFfJltL2CIsX#2,Pinho,Counter Blitz,win
liga-2x2-online-s2-e7,Liga 2x2 Online S2-E7,2026-06-25,2026-06-25,2026-06,1,3,TrTICxdROFfJltL2CIsX#1,Felipe,Tricky Terrain,ePauMqiW2B1xBT6ysxXH#2,Bells,Prismari Artistry,lose
liga-2x2-online-s2-e7,Liga 2x2 Online S2-E7,2026-06-25,2026-06-25,2026-06,1,3,TrTICxdROFfJltL2CIsX#1,Felipe,Tricky Terrain,ePauMqiW2B1xBT6ysxXH#1,Greowtty,Swell the Host,lose
liga-2x2-online-s2-e7,Liga 2x2 Online S2-E7,2026-06-25,2026-06-25,2026-06,1,3,TrTICxdROFfJltL2CIsX#1,Felipe,Tricky Terrain,TrTICxdROFfJltL2CIsX#2,Pinho,Counter Blitz,lose
liga-2x2-online-s2-e7,Liga 2x2 Online S2-E7,2026-06-25,2026-06-25,2026-06,1,3,ePauMqiW2B1xBT6ysxXH#1,Greowtty,Swell the Host,ePauMqiW2B1xBT6ysxXH#2,Bells,Prismari Artistry,win
liga-2x2-online-s2-e7,Liga 2x2 Online S2-E7,2026-06-25,2026-06-25,2026-06,1,3,ePauMqiW2B1xBT6ysxXH#1,Greowtty,Swell the Host,TrTICxdROFfJltL2CIsX#1,Felipe,Tricky Terrain,win
liga-2x2-online-s2-e7,Liga 2x2 Online S2-E7,2026-06-25,2026-06-25,2026-06,1,3,ePauMqiW2B1xBT6ysxXH#1,Greowtty,Swell the Host,TrTICxdROFfJltL2CIsX#2,Pinho,Counter Blitz,win
liga-2x2-online-s2-e7,Liga 2x2 Online S2-E7,2026-06-25,2026-06-25,2026-06,1,3,TrTICxdROFfJltL2CIsX#2,Pinho,Counter Blitz,ePauMqiW2B1xBT6ysxXH#2,Bells,Prismari Artistry,lose
liga-2x2-online-s2-e7,Liga 2x2 Online S2-E7,2026-06-25,2026-06-25,2026-06,1,3,TrTICxdROFfJltL2CIsX#2,Pinho,Counter Blitz,TrTICxdROFfJltL2CIsX#1,Felipe,Tricky Terrain,lose
liga-2x2-online-s2-e7,Liga 2x2 Online S2-E7,2026-06-25,2026-06-25,2026-06,1,3,TrTICxdROFfJltL2CIsX#2,Pinho,Counter Blitz,ePauMqiW2B1xBT6ysxXH#1,Greowtty,Swell the Host,lose
liga-2x2-online-s2-e7,Liga 2x2 Online S2-E7,2026-06-25,2026-06-25,2026-06,1,4,19woGZCjuSBns18JX3Zw#2,Arthur Sartori,Scions & Spellcraft,px9PQWNxxJBSlnF7ywFa#1,Carlos,Scions & Spellcraft,draw
liga-2x2-online-s2-e7,Liga 2x2 Online S2-E7,2026-06-25,2026-06-25,2026-06,1,4,19woGZCjuSBns18JX3Zw#2,Arthur Sartori,Scions & Spellcraft,px9PQWNxxJBSlnF7ywFa#2,Carlos,Doom Prevails,draw
liga-2x2-online-s2-e7,Liga 2x2 Online S2-E7,2026-06-25,2026-06-25,2026-06,1,4,19woGZCjuSBns18JX3Zw#2,Arthur Sartori,Scions & Spellcraft,19woGZCjuSBns18JX3Zw#1,Marcos Sartori,Festa dos Planeswalker,draw
liga-2x2-online-s2-e7,Liga 2x2 Online S2-E7,2026-06-25,2026-06-25,2026-06,1,4,px9PQWNxxJBSlnF7ywFa#1,Carlos,Scions & Spellcraft,19woGZCjuSBns18JX3Zw#2,Arthur Sartori,Scions & Spellcraft,draw
liga-2x2-online-s2-e7,Liga 2x2 Online S2-E7,2026-06-25,2026-06-25,2026-06,1,4,px9PQWNxxJBSlnF7ywFa#2,Carlos,Doom Prevails,19woGZCjuSBns18JX3Zw#2,Arthur Sartori,Scions & Spellcraft,draw
liga-2x2-online-s2-e7,Liga 2x2 Online S2-E7,2026-06-25,2026-06-25,2026-06,1,4,px9PQWNxxJBSlnF7ywFa#1,Carlos,Scions & Spellcraft,px9PQWNxxJBSlnF7ywFa#2,Carlos,Doom Prevails,draw
liga-2x2-online-s2-e7,Liga 2x2 Online S2-E7,2026-06-25,2026-06-25,2026-06,1,4,px9PQWNxxJBSlnF7ywFa#2,Carlos,Doom Prevails,px9PQWNxxJBSlnF7ywFa#1,Carlos,Scions & Spellcraft,draw
liga-2x2-online-s2-e7,Liga 2x2 Online S2-E7,2026-06-25,2026-06-25,2026-06,1,4,px9PQWNxxJBSlnF7ywFa#1,Carlos,Scions & Spellcraft,19woGZCjuSBns18JX3Zw#1,Marcos Sartori,Festa dos Planeswalker,draw
liga-2x2-online-s2-e7,Liga 2x2 Online S2-E7,2026-06-25,2026-06-25,2026-06,1,4,px9PQWNxxJBSlnF7ywFa#2,Carlos,Doom Prevails,19woGZCjuSBns18JX3Zw#1,Marcos Sartori,Festa dos Planeswalker,draw
liga-2x2-online-s2-e7,Liga 2x2 Online S2-E7,2026-06-25,2026-06-25,2026-06,1,4,19woGZCjuSBns18JX3Zw#1,Marcos Sartori,Festa dos Planeswalker,19woGZCjuSBns18JX3Zw#2,Arthur Sartori,Scions & Spellcraft,draw
liga-2x2-online-s2-e7,Liga 2x2 Online S2-E7,2026-06-25,2026-06-25,2026-06,1,4,19woGZCjuSBns18JX3Zw#1,Marcos Sartori,Festa dos Planeswalker,px9PQWNxxJBSlnF7ywFa#1,Carlos,Scions & Spellcraft,draw
liga-2x2-online-s2-e7,Liga 2x2 Online S2-E7,2026-06-25,2026-06-25,2026-06,1,4,19woGZCjuSBns18JX3Zw#1,Marcos Sartori,Festa dos Planeswalker,px9PQWNxxJBSlnF7ywFa#2,Carlos,Doom Prevails,draw
liga-2x2-online-s2-e7,Liga 2x2 Online S2-E7,2026-06-25,2026-06-25,2026-06,2,1,ePauMqiW2B1xBT6ysxXH#2,Bells,Prismari Artistry,YDUUTjYvfnU1MHFVZLOy#2,Dellani,Festa dos Planeswalker,lose
liga-2x2-online-s2-e7,Liga 2x2 Online S2-E7,2026-06-25,2026-06-25,2026-06,2,1,ePauMqiW2B1xBT6ysxXH#2,Bells,Prismari Artistry,ePauMqiW2B1xBT6ysxXH#1,Greowtty,Swell the Host,lose
liga-2x2-online-s2-e7,Liga 2x2 Online S2-E7,2026-06-25,2026-06-25,2026-06,2,1,ePauMqiW2B1xBT6ysxXH#2,Bells,Prismari Artistry,YDUUTjYvfnU1MHFVZLOy#1,Martin,Lorehold Spirit,lose
liga-2x2-online-s2-e7,Liga 2x2 Online S2-E7,2026-06-25,2026-06-25,2026-06,2,1,YDUUTjYvfnU1MHFVZLOy#2,Dellani,Festa dos Planeswalker,ePauMqiW2B1xBT6ysxXH#2,Bells,Prismari Artistry,win
liga-2x2-online-s2-e7,Liga 2x2 Online S2-E7,2026-06-25,2026-06-25,2026-06,2,1,YDUUTjYvfnU1MHFVZLOy#2,Dellani,Festa dos Planeswalker,ePauMqiW2B1xBT6ysxXH#1,Greowtty,Swell the Host,win
liga-2x2-online-s2-e7,Liga 2x2 Online S2-E7,2026-06-25,2026-06-25,2026-06,2,1,YDUUTjYvfnU1MHFVZLOy#2,Dellani,Festa dos Planeswalker,YDUUTjYvfnU1MHFVZLOy#1,Martin,Lorehold Spirit,win
liga-2x2-online-s2-e7,Liga 2x2 Online S2-E7,2026-06-25,2026-06-25,2026-06,2,1,ePauMqiW2B1xBT6ysxXH#1,Greowtty,Swell the Host,ePauMqiW2B1xBT6ysxXH#2,Bells,Prismari Artistry,lose
liga-2x2-online-s2-e7,Liga 2x2 Online S2-E7,2026-06-25,2026-06-25,2026-06,2,1,ePauMqiW2B1xBT6ysxXH#1,Greowtty,Swell the Host,YDUUTjYvfnU1MHFVZLOy#2,Dellani,Festa dos Planeswalker,lose
liga-2x2-online-s2-e7,Liga 2x2 Online S2-E7,2026-06-25,2026-06-25,2026-06,2,1,ePauMqiW2B1xBT6ysxXH#1,Greowtty,Swell the Host,YDUUTjYvfnU1MHFVZLOy#1,Martin,Lorehold Spirit,lose
liga-2x2-online-s2-e7,Liga 2x2 Online S2-E7,2026-06-25,2026-06-25,2026-06,2,1,YDUUTjYvfnU1MHFVZLOy#1,Martin,Lorehold Spirit,ePauMqiW2B1xBT6ysxXH#2,Bells,Prismari Artistry,win
liga-2x2-online-s2-e7,Liga 2x2 Online S2-E7,2026-06-25,2026-06-25,2026-06,2,1,YDUUTjYvfnU1MHFVZLOy#1,Martin,Lorehold Spirit,YDUUTjYvfnU1MHFVZLOy#2,Dellani,Festa dos Planeswalker,win
liga-2x2-online-s2-e7,Liga 2x2 Online S2-E7,2026-06-25,2026-06-25,2026-06,2,1,YDUUTjYvfnU1MHFVZLOy#1,Martin,Lorehold Spirit,ePauMqiW2B1xBT6ysxXH#1,Greowtty,Swell the Host,win
liga-2x2-online-s2-e7,Liga 2x2 Online S2-E7,2026-06-25,2026-06-25,2026-06,2,2,19woGZCjuSBns18JX3Zw#2,Arthur Sartori,Scions & Spellcraft,19woGZCjuSBns18JX3Zw#1,Marcos Sartori,Festa dos Planeswalker,lose
liga-2x2-online-s2-e7,Liga 2x2 Online S2-E7,2026-06-25,2026-06-25,2026-06,2,2,19woGZCjuSBns18JX3Zw#2,Arthur Sartori,Scions & Spellcraft,guSbtFkYJLcQHSYiYT9K#2,Thiago,Dance of the Elements,lose
liga-2x2-online-s2-e7,Liga 2x2 Online S2-E7,2026-06-25,2026-06-25,2026-06,2,2,19woGZCjuSBns18JX3Zw#2,Arthur Sartori,Scions & Spellcraft,guSbtFkYJLcQHSYiYT9K#1,Vande,Endless Punishment,lose
liga-2x2-online-s2-e7,Liga 2x2 Online S2-E7,2026-06-25,2026-06-25,2026-06,2,2,19woGZCjuSBns18JX3Zw#1,Marcos Sartori,Festa dos Planeswalker,19woGZCjuSBns18JX3Zw#2,Arthur Sartori,Scions & Spellcraft,lose
liga-2x2-online-s2-e7,Liga 2x2 Online S2-E7,2026-06-25,2026-06-25,2026-06,2,2,19woGZCjuSBns18JX3Zw#1,Marcos Sartori,Festa dos Planeswalker,guSbtFkYJLcQHSYiYT9K#2,Thiago,Dance of the Elements,lose
liga-2x2-online-s2-e7,Liga 2x2 Online S2-E7,2026-06-25,2026-06-25,2026-06,2,2,19woGZCjuSBns18JX3Zw#1,Marcos Sartori,Festa dos Planeswalker,guSbtFkYJLcQHSYiYT9K#1,Vande,Endless Punishment,lose
liga-2x2-online-s2-e7,Liga 2x2 Online S2-E7,2026-06-25,2026-06-25,2026-06,2,2,guSbtFkYJLcQHSYiYT9K#2,Thiago,Dance of the Elements,19woGZCjuSBns18JX3Zw#2,Arthur Sartori,Scions & Spellcraft,win
liga-2x2-online-s2-e7,Liga 2x2 Online S2-E7,2026-06-25,2026-06-25,2026-06,2,2,guSbtFkYJLcQHSYiYT9K#2,Thiago,Dance of the Elements,19woGZCjuSBns18JX3Zw#1,Marcos Sartori,Festa dos Planeswalker,win
liga-2x2-online-s2-e7,Liga 2x2 Online S2-E7,2026-06-25,2026-06-25,2026-06,2,2,guSbtFkYJLcQHSYiYT9K#2,Thiago,Dance of the Elements,guSbtFkYJLcQHSYiYT9K#1,Vande,Endless Punishment,win
liga-2x2-online-s2-e7,Liga 2x2 Online S2-E7,2026-06-25,2026-06-25,2026-06,2,2,guSbtFkYJLcQHSYiYT9K#1,Vande,Endless Punishment,19woGZCjuSBns18JX3Zw#2,Arthur Sartori,Scions & Spellcraft,win
liga-2x2-online-s2-e7,Liga 2x2 Online S2-E7,2026-06-25,2026-06-25,2026-06,2,2,guSbtFkYJLcQHSYiYT9K#1,Vande,Endless Punishment,19woGZCjuSBns18JX3Zw#1,Marcos Sartori,Festa dos Planeswalker,win
liga-2x2-online-s2-e7,Liga 2x2 Online S2-E7,2026-06-25,2026-06-25,2026-06,2,2,guSbtFkYJLcQHSYiYT9K#1,Vande,Endless Punishment,guSbtFkYJLcQHSYiYT9K#2,Thiago,Dance of the Elements,win
liga-2x2-online-s2-e7,Liga 2x2 Online S2-E7,2026-06-25,2026-06-25,2026-06,2,3,3DwNNoaks3pbpUaGhVE5#2,Boone,Witherbloom Pestilence,px9PQWNxxJBSlnF7ywFa#1,Carlos,Scions & Spellcraft,lose
liga-2x2-online-s2-e7,Liga 2x2 Online S2-E7,2026-06-25,2026-06-25,2026-06,2,3,3DwNNoaks3pbpUaGhVE5#2,Boone,Witherbloom Pestilence,px9PQWNxxJBSlnF7ywFa#2,Carlos,Doom Prevails,lose
liga-2x2-online-s2-e7,Liga 2x2 Online S2-E7,2026-06-25,2026-06-25,2026-06,2,3,3DwNNoaks3pbpUaGhVE5#2,Boone,Witherbloom Pestilence,3DwNNoaks3pbpUaGhVE5#1,Reva,"Ave, Caesar",lose
liga-2x2-online-s2-e7,Liga 2x2 Online S2-E7,2026-06-25,2026-06-25,2026-06,2,3,px9PQWNxxJBSlnF7ywFa#1,Carlos,Scions & Spellcraft,3DwNNoaks3pbpUaGhVE5#2,Boone,Witherbloom Pestilence,win
liga-2x2-online-s2-e7,Liga 2x2 Online S2-E7,2026-06-25,2026-06-25,2026-06,2,3,px9PQWNxxJBSlnF7ywFa#2,Carlos,Doom Prevails,3DwNNoaks3pbpUaGhVE5#2,Boone,Witherbloom Pestilence,win
liga-2x2-online-s2-e7,Liga 2x2 Online S2-E7,2026-06-25,2026-06-25,2026-06,2,3,px9PQWNxxJBSlnF7ywFa#1,Carlos,Scions & Spellcraft,px9PQWNxxJBSlnF7ywFa#2,Carlos,Doom Prevails,win
liga-2x2-online-s2-e7,Liga 2x2 Online S2-E7,2026-06-25,2026-06-25,2026-06,2,3,px9PQWNxxJBSlnF7ywFa#2,Carlos,Doom Prevails,px9PQWNxxJBSlnF7ywFa#1,Carlos,Scions & Spellcraft,win
liga-2x2-online-s2-e7,Liga 2x2 Online S2-E7,2026-06-25,2026-06-25,2026-06,2,3,px9PQWNxxJBSlnF7ywFa#1,Carlos,Scions & Spellcraft,3DwNNoaks3pbpUaGhVE5#1,Reva,"Ave, Caesar",win
liga-2x2-online-s2-e7,Liga 2x2 Online S2-E7,2026-06-25,2026-06-25,2026-06,2,3,px9PQWNxxJBSlnF7ywFa#2,Carlos,Doom Prevails,3DwNNoaks3pbpUaGhVE5#1,Reva,"Ave, Caesar",win
liga-2x2-online-s2-e7,Liga 2x2 Online S2-E7,2026-06-25,2026-06-25,2026-06,2,3,3DwNNoaks3pbpUaGhVE5#1,Reva,"Ave, Caesar",3DwNNoaks3pbpUaGhVE5#2,Boone,Witherbloom Pestilence,lose
liga-2x2-online-s2-e7,Liga 2x2 Online S2-E7,2026-06-25,2026-06-25,2026-06,2,3,3DwNNoaks3pbpUaGhVE5#1,Reva,"Ave, Caesar",px9PQWNxxJBSlnF7ywFa#1,Carlos,Scions & Spellcraft,lose
liga-2x2-online-s2-e7,Liga 2x2 Online S2-E7,2026-06-25,2026-06-25,2026-06,2,3,3DwNNoaks3pbpUaGhVE5#1,Reva,"Ave, Caesar",px9PQWNxxJBSlnF7ywFa#2,Carlos,Doom Prevails,lose
liga-2x2-online-s2-e7,Liga 2x2 Online S2-E7,2026-06-25,2026-06-25,2026-06,2,4,TrTICxdROFfJltL2CIsX#1,Felipe,Tricky Terrain,1WPIOtVF2PXQHQyJVp3s#1,Guilherme,Prismari Artistry,draw
liga-2x2-online-s2-e7,Liga 2x2 Online S2-E7,2026-06-25,2026-06-25,2026-06,2,4,TrTICxdROFfJltL2CIsX#1,Felipe,Tricky Terrain,TrTICxdROFfJltL2CIsX#2,Pinho,Counter Blitz,draw
liga-2x2-online-s2-e7,Liga 2x2 Online S2-E7,2026-06-25,2026-06-25,2026-06,2,4,TrTICxdROFfJltL2CIsX#1,Felipe,Tricky Terrain,1WPIOtVF2PXQHQyJVp3s#2,Vicente,Silverquill Influence,draw
liga-2x2-online-s2-e7,Liga 2x2 Online S2-E7,2026-06-25,2026-06-25,2026-06,2,4,1WPIOtVF2PXQHQyJVp3s#1,Guilherme,Prismari Artistry,TrTICxdROFfJltL2CIsX#1,Felipe,Tricky Terrain,draw
liga-2x2-online-s2-e7,Liga 2x2 Online S2-E7,2026-06-25,2026-06-25,2026-06,2,4,1WPIOtVF2PXQHQyJVp3s#1,Guilherme,Prismari Artistry,TrTICxdROFfJltL2CIsX#2,Pinho,Counter Blitz,draw
liga-2x2-online-s2-e7,Liga 2x2 Online S2-E7,2026-06-25,2026-06-25,2026-06,2,4,1WPIOtVF2PXQHQyJVp3s#1,Guilherme,Prismari Artistry,1WPIOtVF2PXQHQyJVp3s#2,Vicente,Silverquill Influence,draw
liga-2x2-online-s2-e7,Liga 2x2 Online S2-E7,2026-06-25,2026-06-25,2026-06,2,4,TrTICxdROFfJltL2CIsX#2,Pinho,Counter Blitz,TrTICxdROFfJltL2CIsX#1,Felipe,Tricky Terrain,draw
liga-2x2-online-s2-e7,Liga 2x2 Online S2-E7,2026-06-25,2026-06-25,2026-06,2,4,TrTICxdROFfJltL2CIsX#2,Pinho,Counter Blitz,1WPIOtVF2PXQHQyJVp3s#1,Guilherme,Prismari Artistry,draw
liga-2x2-online-s2-e7,Liga 2x2 Online S2-E7,2026-06-25,2026-06-25,2026-06,2,4,TrTICxdROFfJltL2CIsX#2,Pinho,Counter Blitz,1WPIOtVF2PXQHQyJVp3s#2,Vicente,Silverquill Influence,draw
liga-2x2-online-s2-e7,Liga 2x2 Online S2-E7,2026-06-25,2026-06-25,2026-06,2,4,1WPIOtVF2PXQHQyJVp3s#2,Vicente,Silverquill Influence,TrTICxdROFfJltL2CIsX#1,Felipe,Tricky Terrain,draw
liga-2x2-online-s2-e7,Liga 2x2 Online S2-E7,2026-06-25,2026-06-25,2026-06,2,4,1WPIOtVF2PXQHQyJVp3s#2,Vicente,Silverquill Influence,1WPIOtVF2PXQHQyJVp3s#1,Guilherme,Prismari Artistry,draw
liga-2x2-online-s2-e7,Liga 2x2 Online S2-E7,2026-06-25,2026-06-25,2026-06,2,4,1WPIOtVF2PXQHQyJVp3s#2,Vicente,Silverquill Influence,TrTICxdROFfJltL2CIsX#2,Pinho,Counter Blitz,draw
liga-2x2-online-s2-e7,Liga 2x2 Online S2-E7,2026-06-25,2026-06-25,2026-06,3,1,px9PQWNxxJBSlnF7ywFa#1,Carlos,Scions & Spellcraft,px9PQWNxxJBSlnF7ywFa#2,Carlos,Doom Prevails,lose
liga-2x2-online-s2-e7,Liga 2x2 Online S2-E7,2026-06-25,2026-06-25,2026-06,3,1,px9PQWNxxJBSlnF7ywFa#2,Carlos,Doom Prevails,px9PQWNxxJBSlnF7ywFa#1,Carlos,Scions & Spellcraft,lose
liga-2x2-online-s2-e7,Liga 2x2 Online S2-E7,2026-06-25,2026-06-25,2026-06,3,1,px9PQWNxxJBSlnF7ywFa#1,Carlos,Scions & Spellcraft,YDUUTjYvfnU1MHFVZLOy#2,Dellani,Festa dos Planeswalker,lose
liga-2x2-online-s2-e7,Liga 2x2 Online S2-E7,2026-06-25,2026-06-25,2026-06,3,1,px9PQWNxxJBSlnF7ywFa#2,Carlos,Doom Prevails,YDUUTjYvfnU1MHFVZLOy#2,Dellani,Festa dos Planeswalker,lose
liga-2x2-online-s2-e7,Liga 2x2 Online S2-E7,2026-06-25,2026-06-25,2026-06,3,1,px9PQWNxxJBSlnF7ywFa#1,Carlos,Scions & Spellcraft,YDUUTjYvfnU1MHFVZLOy#1,Martin,Lorehold Spirit,lose
liga-2x2-online-s2-e7,Liga 2x2 Online S2-E7,2026-06-25,2026-06-25,2026-06,3,1,px9PQWNxxJBSlnF7ywFa#2,Carlos,Doom Prevails,YDUUTjYvfnU1MHFVZLOy#1,Martin,Lorehold Spirit,lose
liga-2x2-online-s2-e7,Liga 2x2 Online S2-E7,2026-06-25,2026-06-25,2026-06,3,1,YDUUTjYvfnU1MHFVZLOy#2,Dellani,Festa dos Planeswalker,px9PQWNxxJBSlnF7ywFa#1,Carlos,Scions & Spellcraft,win
liga-2x2-online-s2-e7,Liga 2x2 Online S2-E7,2026-06-25,2026-06-25,2026-06,3,1,YDUUTjYvfnU1MHFVZLOy#2,Dellani,Festa dos Planeswalker,px9PQWNxxJBSlnF7ywFa#2,Carlos,Doom Prevails,win
liga-2x2-online-s2-e7,Liga 2x2 Online S2-E7,2026-06-25,2026-06-25,2026-06,3,1,YDUUTjYvfnU1MHFVZLOy#2,Dellani,Festa dos Planeswalker,YDUUTjYvfnU1MHFVZLOy#1,Martin,Lorehold Spirit,win
liga-2x2-online-s2-e7,Liga 2x2 Online S2-E7,2026-06-25,2026-06-25,2026-06,3,1,YDUUTjYvfnU1MHFVZLOy#1,Martin,Lorehold Spirit,px9PQWNxxJBSlnF7ywFa#1,Carlos,Scions & Spellcraft,win
liga-2x2-online-s2-e7,Liga 2x2 Online S2-E7,2026-06-25,2026-06-25,2026-06,3,1,YDUUTjYvfnU1MHFVZLOy#1,Martin,Lorehold Spirit,px9PQWNxxJBSlnF7ywFa#2,Carlos,Doom Prevails,win
liga-2x2-online-s2-e7,Liga 2x2 Online S2-E7,2026-06-25,2026-06-25,2026-06,3,1,YDUUTjYvfnU1MHFVZLOy#1,Martin,Lorehold Spirit,YDUUTjYvfnU1MHFVZLOy#2,Dellani,Festa dos Planeswalker,win
liga-2x2-online-s2-e7,Liga 2x2 Online S2-E7,2026-06-25,2026-06-25,2026-06,3,2,ePauMqiW2B1xBT6ysxXH#2,Bells,Prismari Artistry,ePauMqiW2B1xBT6ysxXH#1,Greowtty,Swell the Host,lose
liga-2x2-online-s2-e7,Liga 2x2 Online S2-E7,2026-06-25,2026-06-25,2026-06,3,2,ePauMqiW2B1xBT6ysxXH#2,Bells,Prismari Artistry,guSbtFkYJLcQHSYiYT9K#2,Thiago,Dance of the Elements,lose
liga-2x2-online-s2-e7,Liga 2x2 Online S2-E7,2026-06-25,2026-06-25,2026-06,3,2,ePauMqiW2B1xBT6ysxXH#2,Bells,Prismari Artistry,guSbtFkYJLcQHSYiYT9K#1,Vande,Endless Punishment,lose
liga-2x2-online-s2-e7,Liga 2x2 Online S2-E7,2026-06-25,2026-06-25,2026-06,3,2,ePauMqiW2B1xBT6ysxXH#1,Greowtty,Swell the Host,ePauMqiW2B1xBT6ysxXH#2,Bells,Prismari Artistry,lose
liga-2x2-online-s2-e7,Liga 2x2 Online S2-E7,2026-06-25,2026-06-25,2026-06,3,2,ePauMqiW2B1xBT6ysxXH#1,Greowtty,Swell the Host,guSbtFkYJLcQHSYiYT9K#2,Thiago,Dance of the Elements,lose
liga-2x2-online-s2-e7,Liga 2x2 Online S2-E7,2026-06-25,2026-06-25,2026-06,3,2,ePauMqiW2B1xBT6ysxXH#1,Greowtty,Swell the Host,guSbtFkYJLcQHSYiYT9K#1,Vande,Endless Punishment,lose
liga-2x2-online-s2-e7,Liga 2x2 Online S2-E7,2026-06-25,2026-06-25,2026-06,3,2,guSbtFkYJLcQHSYiYT9K#2,Thiago,Dance of the Elements,ePauMqiW2B1xBT6ysxXH#2,Bells,Prismari Artistry,win
liga-2x2-online-s2-e7,Liga 2x2 Online S2-E7,2026-06-25,2026-06-25,2026-06,3,2,guSbtFkYJLcQHSYiYT9K#2,Thiago,Dance of the Elements,ePauMqiW2B1xBT6ysxXH#1,Greowtty,Swell the Host,win
liga-2x2-online-s2-e7,Liga 2x2 Online S2-E7,2026-06-25,2026-06-25,2026-06,3,2,guSbtFkYJLcQHSYiYT9K#2,Thiago,Dance of the Elements,guSbtFkYJLcQHSYiYT9K#1,Vande,Endless Punishment,win
liga-2x2-online-s2-e7,Liga 2x2 Online S2-E7,2026-06-25,2026-06-25,2026-06,3,2,guSbtFkYJLcQHSYiYT9K#1,Vande,Endless Punishment,ePauMqiW2B1xBT6ysxXH#2,Bells,Prismari Artistry,win
liga-2x2-online-s2-e7,Liga 2x2 Online S2-E7,2026-06-25,2026-06-25,2026-06,3,2,guSbtFkYJLcQHSYiYT9K#1,Vande,Endless Punishment,ePauMqiW2B1xBT6ysxXH#1,Greowtty,Swell the Host,win
liga-2x2-online-s2-e7,Liga 2x2 Online S2-E7,2026-06-25,2026-06-25,2026-06,3,2,guSbtFkYJLcQHSYiYT9K#1,Vande,Endless Punishment,guSbtFkYJLcQHSYiYT9K#2,Thiago,Dance of the Elements,win
liga-2x2-online-s2-e7,Liga 2x2 Online S2-E7,2026-06-25,2026-06-25,2026-06,3,3,3DwNNoaks3pbpUaGhVE5#2,Boone,Witherbloom Pestilence,1WPIOtVF2PXQHQyJVp3s#1,Guilherme,Prismari Artistry,lose
liga-2x2-online-s2-e7,Liga 2x2 Online S2-E7,2026-06-25,2026-06-25,2026-06,3,3,3DwNNoaks3pbpUaGhVE5#2,Boone,Witherbloom Pestilence,3DwNNoaks3pbpUaGhVE5#1,Reva,"Ave, Caesar",lose
liga-2x2-online-s2-e7,Liga 2x2 Online S2-E7,2026-06-25,2026-06-25,2026-06,3,3,3DwNNoaks3pbpUaGhVE5#2,Boone,Witherbloom Pestilence,1WPIOtVF2PXQHQyJVp3s#2,Vicente,Silverquill Influence,lose
liga-2x2-online-s2-e7,Liga 2x2 Online S2-E7,2026-06-25,2026-06-25,2026-06,3,3,1WPIOtVF2PXQHQyJVp3s#1,Guilherme,Prismari Artistry,3DwNNoaks3pbpUaGhVE5#2,Boone,Witherbloom Pestilence,win
liga-2x2-online-s2-e7,Liga 2x2 Online S2-E7,2026-06-25,2026-06-25,2026-06,3,3,1WPIOtVF2PXQHQyJVp3s#1,Guilherme,Prismari Artistry,3DwNNoaks3pbpUaGhVE5#1,Reva,"Ave, Caesar",win
liga-2x2-online-s2-e7,Liga 2x2 Online S2-E7,2026-06-25,2026-06-25,2026-06,3,3,1WPIOtVF2PXQHQyJVp3s#1,Guilherme,Prismari Artistry,1WPIOtVF2PXQHQyJVp3s#2,Vicente,Silverquill Influence,win
liga-2x2-online-s2-e7,Liga 2x2 Online S2-E7,2026-06-25,2026-06-25,2026-06,3,3,3DwNNoaks3pbpUaGhVE5#1,Reva,"Ave, Caesar",3DwNNoaks3pbpUaGhVE5#2,Boone,Witherbloom Pestilence,lose
liga-2x2-online-s2-e7,Liga 2x2 Online S2-E7,2026-06-25,2026-06-25,2026-06,3,3,3DwNNoaks3pbpUaGhVE5#1,Reva,"Ave, Caesar",1WPIOtVF2PXQHQyJVp3s#1,Guilherme,Prismari Artistry,lose
liga-2x2-online-s2-e7,Liga 2x2 Online S2-E7,2026-06-25,2026-06-25,2026-06,3,3,3DwNNoaks3pbpUaGhVE5#1,Reva,"Ave, Caesar",1WPIOtVF2PXQHQyJVp3s#2,Vicente,Silverquill Influence,lose
liga-2x2-online-s2-e7,Liga 2x2 Online S2-E7,2026-06-25,2026-06-25,2026-06,3,3,1WPIOtVF2PXQHQyJVp3s#2,Vicente,Silverquill Influence,3DwNNoaks3pbpUaGhVE5#2,Boone,Witherbloom Pestilence,win
liga-2x2-online-s2-e7,Liga 2x2 Online S2-E7,2026-06-25,2026-06-25,2026-06,3,3,1WPIOtVF2PXQHQyJVp3s#2,Vicente,Silverquill Influence,1WPIOtVF2PXQHQyJVp3s#1,Guilherme,Prismari Artistry,win
liga-2x2-online-s2-e7,Liga 2x2 Online S2-E7,2026-06-25,2026-06-25,2026-06,3,3,1WPIOtVF2PXQHQyJVp3s#2,Vicente,Silverquill Influence,3DwNNoaks3pbpUaGhVE5#1,Reva,"Ave, Caesar",win
liga-2x2-online-s2-e7,Liga 2x2 Online S2-E7,2026-06-25,2026-06-25,2026-06,3,4,19woGZCjuSBns18JX3Zw#2,Arthur Sartori,Scions & Spellcraft,TrTICxdROFfJltL2CIsX#1,Felipe,Tricky Terrain,draw
liga-2x2-online-s2-e7,Liga 2x2 Online S2-E7,2026-06-25,2026-06-25,2026-06,3,4,19woGZCjuSBns18JX3Zw#2,Arthur Sartori,Scions & Spellcraft,19woGZCjuSBns18JX3Zw#1,Marcos Sartori,Festa dos Planeswalker,draw
liga-2x2-online-s2-e7,Liga 2x2 Online S2-E7,2026-06-25,2026-06-25,2026-06,3,4,19woGZCjuSBns18JX3Zw#2,Arthur Sartori,Scions & Spellcraft,TrTICxdROFfJltL2CIsX#2,Pinho,Counter Blitz,draw
liga-2x2-online-s2-e7,Liga 2x2 Online S2-E7,2026-06-25,2026-06-25,2026-06,3,4,TrTICxdROFfJltL2CIsX#1,Felipe,Tricky Terrain,19woGZCjuSBns18JX3Zw#2,Arthur Sartori,Scions & Spellcraft,draw
liga-2x2-online-s2-e7,Liga 2x2 Online S2-E7,2026-06-25,2026-06-25,2026-06,3,4,TrTICxdROFfJltL2CIsX#1,Felipe,Tricky Terrain,19woGZCjuSBns18JX3Zw#1,Marcos Sartori,Festa dos Planeswalker,draw
liga-2x2-online-s2-e7,Liga 2x2 Online S2-E7,2026-06-25,2026-06-25,2026-06,3,4,TrTICxdROFfJltL2CIsX#1,Felipe,Tricky Terrain,TrTICxdROFfJltL2CIsX#2,Pinho,Counter Blitz,draw
liga-2x2-online-s2-e7,Liga 2x2 Online S2-E7,2026-06-25,2026-06-25,2026-06,3,4,19woGZCjuSBns18JX3Zw#1,Marcos Sartori,Festa dos Planeswalker,19woGZCjuSBns18JX3Zw#2,Arthur Sartori,Scions & Spellcraft,draw
liga-2x2-online-s2-e7,Liga 2x2 Online S2-E7,2026-06-25,2026-06-25,2026-06,3,4,19woGZCjuSBns18JX3Zw#1,Marcos Sartori,Festa dos Planeswalker,TrTICxdROFfJltL2CIsX#1,Felipe,Tricky Terrain,draw
liga-2x2-online-s2-e7,Liga 2x2 Online S2-E7,2026-06-25,2026-06-25,2026-06,3,4,19woGZCjuSBns18JX3Zw#1,Marcos Sartori,Festa dos Planeswalker,TrTICxdROFfJltL2CIsX#2,Pinho,Counter Blitz,draw
liga-2x2-online-s2-e7,Liga 2x2 Online S2-E7,2026-06-25,2026-06-25,2026-06,3,4,TrTICxdROFfJltL2CIsX#2,Pinho,Counter Blitz,19woGZCjuSBns18JX3Zw#2,Arthur Sartori,Scions & Spellcraft,draw
liga-2x2-online-s2-e7,Liga 2x2 Online S2-E7,2026-06-25,2026-06-25,2026-06,3,4,TrTICxdROFfJltL2CIsX#2,Pinho,Counter Blitz,TrTICxdROFfJltL2CIsX#1,Felipe,Tricky Terrain,draw
liga-2x2-online-s2-e7,Liga 2x2 Online S2-E7,2026-06-25,2026-06-25,2026-06,3,4,TrTICxdROFfJltL2CIsX#2,Pinho,Counter Blitz,19woGZCjuSBns18JX3Zw#1,Marcos Sartori,Festa dos Planeswalker,draw
liga-2x2-online-s3-e01,Liga 2x2 Online S3-E01,2026-07-09,2026-07-09,2026-07,1,1,bnQlQMrmWWxVX3CD0ZDY#1,Guilherme Oliveira,Prismari Artistry,AUhP5Up5iXACr6uoUCnt#2,Reva,Witherbloom Pestilence,lose
liga-2x2-online-s3-e01,Liga 2x2 Online S3-E01,2026-07-09,2026-07-09,2026-07,1,1,bnQlQMrmWWxVX3CD0ZDY#1,Guilherme Oliveira,Prismari Artistry,AUhP5Up5iXACr6uoUCnt#1,Vande,Endless Punishment,lose
liga-2x2-online-s3-e01,Liga 2x2 Online S3-E01,2026-07-09,2026-07-09,2026-07,1,1,bnQlQMrmWWxVX3CD0ZDY#1,Guilherme Oliveira,Prismari Artistry,bnQlQMrmWWxVX3CD0ZDY#2,Vicente Daye,Doom Prevails,lose
liga-2x2-online-s3-e01,Liga 2x2 Online S3-E01,2026-07-09,2026-07-09,2026-07,1,1,AUhP5Up5iXACr6uoUCnt#2,Reva,Witherbloom Pestilence,bnQlQMrmWWxVX3CD0ZDY#1,Guilherme Oliveira,Prismari Artistry,win
liga-2x2-online-s3-e01,Liga 2x2 Online S3-E01,2026-07-09,2026-07-09,2026-07,1,1,AUhP5Up5iXACr6uoUCnt#2,Reva,Witherbloom Pestilence,AUhP5Up5iXACr6uoUCnt#1,Vande,Endless Punishment,win
liga-2x2-online-s3-e01,Liga 2x2 Online S3-E01,2026-07-09,2026-07-09,2026-07,1,1,AUhP5Up5iXACr6uoUCnt#2,Reva,Witherbloom Pestilence,bnQlQMrmWWxVX3CD0ZDY#2,Vicente Daye,Doom Prevails,win
liga-2x2-online-s3-e01,Liga 2x2 Online S3-E01,2026-07-09,2026-07-09,2026-07,1,1,AUhP5Up5iXACr6uoUCnt#1,Vande,Endless Punishment,bnQlQMrmWWxVX3CD0ZDY#1,Guilherme Oliveira,Prismari Artistry,win
liga-2x2-online-s3-e01,Liga 2x2 Online S3-E01,2026-07-09,2026-07-09,2026-07,1,1,AUhP5Up5iXACr6uoUCnt#1,Vande,Endless Punishment,AUhP5Up5iXACr6uoUCnt#2,Reva,Witherbloom Pestilence,win
liga-2x2-online-s3-e01,Liga 2x2 Online S3-E01,2026-07-09,2026-07-09,2026-07,1,1,AUhP5Up5iXACr6uoUCnt#1,Vande,Endless Punishment,bnQlQMrmWWxVX3CD0ZDY#2,Vicente Daye,Doom Prevails,win
liga-2x2-online-s3-e01,Liga 2x2 Online S3-E01,2026-07-09,2026-07-09,2026-07,1,1,bnQlQMrmWWxVX3CD0ZDY#2,Vicente Daye,Doom Prevails,bnQlQMrmWWxVX3CD0ZDY#1,Guilherme Oliveira,Prismari Artistry,lose
liga-2x2-online-s3-e01,Liga 2x2 Online S3-E01,2026-07-09,2026-07-09,2026-07,1,1,bnQlQMrmWWxVX3CD0ZDY#2,Vicente Daye,Doom Prevails,AUhP5Up5iXACr6uoUCnt#2,Reva,Witherbloom Pestilence,lose
liga-2x2-online-s3-e01,Liga 2x2 Online S3-E01,2026-07-09,2026-07-09,2026-07,1,1,bnQlQMrmWWxVX3CD0ZDY#2,Vicente Daye,Doom Prevails,AUhP5Up5iXACr6uoUCnt#1,Vande,Endless Punishment,lose
liga-2x2-online-s3-e01,Liga 2x2 Online S3-E01,2026-07-09,2026-07-09,2026-07,1,2,LpvOqL7c7cdIjZ6OwMig#1,Daniel Gentil,Wakanda Forever,3OB6CZ7mic8YoqHFcAiX#1,Jorel,Lorehold Spirit,lose
liga-2x2-online-s3-e01,Liga 2x2 Online S3-E01,2026-07-09,2026-07-09,2026-07,1,2,LpvOqL7c7cdIjZ6OwMig#1,Daniel Gentil,Wakanda Forever,LpvOqL7c7cdIjZ6OwMig#2,Marcel Zulian,Endless Punishment,lose
liga-2x2-online-s3-e01,Liga 2x2 Online S3-E01,2026-07-09,2026-07-09,2026-07,1,2,LpvOqL7c7cdIjZ6OwMig#1,Daniel Gentil,Wakanda Forever,3OB6CZ7mic8YoqHFcAiX#2,Martin,Doom Prevails,lose
liga-2x2-online-s3-e01,Liga 2x2 Online S3-E01,2026-07-09,2026-07-09,2026-07,1,2,3OB6CZ7mic8YoqHFcAiX#1,Jorel,Lorehold Spirit,LpvOqL7c7cdIjZ6OwMig#1,Daniel Gentil,Wakanda Forever,win
liga-2x2-online-s3-e01,Liga 2x2 Online S3-E01,2026-07-09,2026-07-09,2026-07,1,2,3OB6CZ7mic8YoqHFcAiX#1,Jorel,Lorehold Spirit,LpvOqL7c7cdIjZ6OwMig#2,Marcel Zulian,Endless Punishment,win
liga-2x2-online-s3-e01,Liga 2x2 Online S3-E01,2026-07-09,2026-07-09,2026-07,1,2,3OB6CZ7mic8YoqHFcAiX#1,Jorel,Lorehold Spirit,3OB6CZ7mic8YoqHFcAiX#2,Martin,Doom Prevails,win
liga-2x2-online-s3-e01,Liga 2x2 Online S3-E01,2026-07-09,2026-07-09,2026-07,1,2,LpvOqL7c7cdIjZ6OwMig#2,Marcel Zulian,Endless Punishment,LpvOqL7c7cdIjZ6OwMig#1,Daniel Gentil,Wakanda Forever,lose
liga-2x2-online-s3-e01,Liga 2x2 Online S3-E01,2026-07-09,2026-07-09,2026-07,1,2,LpvOqL7c7cdIjZ6OwMig#2,Marcel Zulian,Endless Punishment,3OB6CZ7mic8YoqHFcAiX#1,Jorel,Lorehold Spirit,lose
liga-2x2-online-s3-e01,Liga 2x2 Online S3-E01,2026-07-09,2026-07-09,2026-07,1,2,LpvOqL7c7cdIjZ6OwMig#2,Marcel Zulian,Endless Punishment,3OB6CZ7mic8YoqHFcAiX#2,Martin,Doom Prevails,lose
liga-2x2-online-s3-e01,Liga 2x2 Online S3-E01,2026-07-09,2026-07-09,2026-07,1,2,3OB6CZ7mic8YoqHFcAiX#2,Martin,Doom Prevails,LpvOqL7c7cdIjZ6OwMig#1,Daniel Gentil,Wakanda Forever,win
liga-2x2-online-s3-e01,Liga 2x2 Online S3-E01,2026-07-09,2026-07-09,2026-07,1,2,3OB6CZ7mic8YoqHFcAiX#2,Martin,Doom Prevails,3OB6CZ7mic8YoqHFcAiX#1,Jorel,Lorehold Spirit,win
liga-2x2-online-s3-e01,Liga 2x2 Online S3-E01,2026-07-09,2026-07-09,2026-07,1,2,3OB6CZ7mic8YoqHFcAiX#2,Martin,Doom Prevails,LpvOqL7c7cdIjZ6OwMig#2,Marcel Zulian,Endless Punishment,win
liga-2x2-online-s3-e01,Liga 2x2 Online S3-E01,2026-07-09,2026-07-09,2026-07,1,3,L3hS2iYkwOhBqiCqMORC#1,Bells,Endless Punishment,X3seaKCvVnMNcozIBItG#2,Carlos Spinola,Dissidência Dracônica,lose
liga-2x2-online-s3-e01,Liga 2x2 Online S3-E01,2026-07-09,2026-07-09,2026-07,1,3,L3hS2iYkwOhBqiCqMORC#1,Bells,Endless Punishment,X3seaKCvVnMNcozIBItG#1,Cássio Brancaleone,Prismari Artistry,lose
liga-2x2-online-s3-e01,Liga 2x2 Online S3-E01,2026-07-09,2026-07-09,2026-07,1,3,L3hS2iYkwOhBqiCqMORC#1,Bells,Endless Punishment,L3hS2iYkwOhBqiCqMORC#2,Greowtty,Massacre dos Maestros,lose
liga-2x2-online-s3-e01,Liga 2x2 Online S3-E01,2026-07-09,2026-07-09,2026-07,1,3,X3seaKCvVnMNcozIBItG#2,Carlos Spinola,Dissidência Dracônica,L3hS2iYkwOhBqiCqMORC#1,Bells,Endless Punishment,win
liga-2x2-online-s3-e01,Liga 2x2 Online S3-E01,2026-07-09,2026-07-09,2026-07,1,3,X3seaKCvVnMNcozIBItG#2,Carlos Spinola,Dissidência Dracônica,X3seaKCvVnMNcozIBItG#1,Cássio Brancaleone,Prismari Artistry,win
liga-2x2-online-s3-e01,Liga 2x2 Online S3-E01,2026-07-09,2026-07-09,2026-07,1,3,X3seaKCvVnMNcozIBItG#2,Carlos Spinola,Dissidência Dracônica,L3hS2iYkwOhBqiCqMORC#2,Greowtty,Massacre dos Maestros,win
liga-2x2-online-s3-e01,Liga 2x2 Online S3-E01,2026-07-09,2026-07-09,2026-07,1,3,X3seaKCvVnMNcozIBItG#1,Cássio Brancaleone,Prismari Artistry,L3hS2iYkwOhBqiCqMORC#1,Bells,Endless Punishment,win
liga-2x2-online-s3-e01,Liga 2x2 Online S3-E01,2026-07-09,2026-07-09,2026-07,1,3,X3seaKCvVnMNcozIBItG#1,Cássio Brancaleone,Prismari Artistry,X3seaKCvVnMNcozIBItG#2,Carlos Spinola,Dissidência Dracônica,win
liga-2x2-online-s3-e01,Liga 2x2 Online S3-E01,2026-07-09,2026-07-09,2026-07,1,3,X3seaKCvVnMNcozIBItG#1,Cássio Brancaleone,Prismari Artistry,L3hS2iYkwOhBqiCqMORC#2,Greowtty,Massacre dos Maestros,win
liga-2x2-online-s3-e01,Liga 2x2 Online S3-E01,2026-07-09,2026-07-09,2026-07,1,3,L3hS2iYkwOhBqiCqMORC#2,Greowtty,Massacre dos Maestros,L3hS2iYkwOhBqiCqMORC#1,Bells,Endless Punishment,lose
liga-2x2-online-s3-e01,Liga 2x2 Online S3-E01,2026-07-09,2026-07-09,2026-07,1,3,L3hS2iYkwOhBqiCqMORC#2,Greowtty,Massacre dos Maestros,X3seaKCvVnMNcozIBItG#2,Carlos Spinola,Dissidência Dracônica,lose
liga-2x2-online-s3-e01,Liga 2x2 Online S3-E01,2026-07-09,2026-07-09,2026-07,1,3,L3hS2iYkwOhBqiCqMORC#2,Greowtty,Massacre dos Maestros,X3seaKCvVnMNcozIBItG#1,Cássio Brancaleone,Prismari Artistry,lose
liga-2x2-online-s3-e01,Liga 2x2 Online S3-E01,2026-07-09,2026-07-09,2026-07,1,4,Y9iFaDwirngZPL7Hbf1s#2,Arthur Sartori,Silverquill Influence,Y9iFaDwirngZPL7Hbf1s#1,Marcos Sartori,Counter Blitz,draw
liga-2x2-online-s3-e01,Liga 2x2 Online S3-E01,2026-07-09,2026-07-09,2026-07,1,4,Y9iFaDwirngZPL7Hbf1s#2,Arthur Sartori,Silverquill Influence,TNZjZ6dfZuTBpFDH4g7n#2,Samuel,Silverquill Influence,draw
liga-2x2-online-s3-e01,Liga 2x2 Online S3-E01,2026-07-09,2026-07-09,2026-07,1,4,Y9iFaDwirngZPL7Hbf1s#2,Arthur Sartori,Silverquill Influence,TNZjZ6dfZuTBpFDH4g7n#1,Thiago Mattos,Avengers Assemble,draw
liga-2x2-online-s3-e01,Liga 2x2 Online S3-E01,2026-07-09,2026-07-09,2026-07,1,4,Y9iFaDwirngZPL7Hbf1s#1,Marcos Sartori,Counter Blitz,Y9iFaDwirngZPL7Hbf1s#2,Arthur Sartori,Silverquill Influence,draw
liga-2x2-online-s3-e01,Liga 2x2 Online S3-E01,2026-07-09,2026-07-09,2026-07,1,4,Y9iFaDwirngZPL7Hbf1s#1,Marcos Sartori,Counter Blitz,TNZjZ6dfZuTBpFDH4g7n#2,Samuel,Silverquill Influence,draw
liga-2x2-online-s3-e01,Liga 2x2 Online S3-E01,2026-07-09,2026-07-09,2026-07,1,4,Y9iFaDwirngZPL7Hbf1s#1,Marcos Sartori,Counter Blitz,TNZjZ6dfZuTBpFDH4g7n#1,Thiago Mattos,Avengers Assemble,draw
liga-2x2-online-s3-e01,Liga 2x2 Online S3-E01,2026-07-09,2026-07-09,2026-07,1,4,TNZjZ6dfZuTBpFDH4g7n#2,Samuel,Silverquill Influence,Y9iFaDwirngZPL7Hbf1s#2,Arthur Sartori,Silverquill Influence,draw
liga-2x2-online-s3-e01,Liga 2x2 Online S3-E01,2026-07-09,2026-07-09,2026-07,1,4,TNZjZ6dfZuTBpFDH4g7n#2,Samuel,Silverquill Influence,Y9iFaDwirngZPL7Hbf1s#1,Marcos Sartori,Counter Blitz,draw
liga-2x2-online-s3-e01,Liga 2x2 Online S3-E01,2026-07-09,2026-07-09,2026-07,1,4,TNZjZ6dfZuTBpFDH4g7n#2,Samuel,Silverquill Influence,TNZjZ6dfZuTBpFDH4g7n#1,Thiago Mattos,Avengers Assemble,draw
liga-2x2-online-s3-e01,Liga 2x2 Online S3-E01,2026-07-09,2026-07-09,2026-07,1,4,TNZjZ6dfZuTBpFDH4g7n#1,Thiago Mattos,Avengers Assemble,Y9iFaDwirngZPL7Hbf1s#2,Arthur Sartori,Silverquill Influence,draw
liga-2x2-online-s3-e01,Liga 2x2 Online S3-E01,2026-07-09,2026-07-09,2026-07,1,4,TNZjZ6dfZuTBpFDH4g7n#1,Thiago Mattos,Avengers Assemble,Y9iFaDwirngZPL7Hbf1s#1,Marcos Sartori,Counter Blitz,draw
liga-2x2-online-s3-e01,Liga 2x2 Online S3-E01,2026-07-09,2026-07-09,2026-07,1,4,TNZjZ6dfZuTBpFDH4g7n#1,Thiago Mattos,Avengers Assemble,TNZjZ6dfZuTBpFDH4g7n#2,Samuel,Silverquill Influence,draw
liga-2x2-online-s3-e01,Liga 2x2 Online S3-E01,2026-07-09,2026-07-09,2026-07,2,1,3OB6CZ7mic8YoqHFcAiX#1,Jorel,Lorehold Spirit,3OB6CZ7mic8YoqHFcAiX#2,Martin,Doom Prevails,lose
liga-2x2-online-s3-e01,Liga 2x2 Online S3-E01,2026-07-09,2026-07-09,2026-07,2,1,3OB6CZ7mic8YoqHFcAiX#1,Jorel,Lorehold Spirit,AUhP5Up5iXACr6uoUCnt#2,Reva,Witherbloom Pestilence,lose
liga-2x2-online-s3-e01,Liga 2x2 Online S3-E01,2026-07-09,2026-07-09,2026-07,2,1,3OB6CZ7mic8YoqHFcAiX#1,Jorel,Lorehold Spirit,AUhP5Up5iXACr6uoUCnt#1,Vande,Endless Punishment,lose
liga-2x2-online-s3-e01,Liga 2x2 Online S3-E01,2026-07-09,2026-07-09,2026-07,2,1,3OB6CZ7mic8YoqHFcAiX#2,Martin,Doom Prevails,3OB6CZ7mic8YoqHFcAiX#1,Jorel,Lorehold Spirit,lose
liga-2x2-online-s3-e01,Liga 2x2 Online S3-E01,2026-07-09,2026-07-09,2026-07,2,1,3OB6CZ7mic8YoqHFcAiX#2,Martin,Doom Prevails,AUhP5Up5iXACr6uoUCnt#2,Reva,Witherbloom Pestilence,lose
liga-2x2-online-s3-e01,Liga 2x2 Online S3-E01,2026-07-09,2026-07-09,2026-07,2,1,3OB6CZ7mic8YoqHFcAiX#2,Martin,Doom Prevails,AUhP5Up5iXACr6uoUCnt#1,Vande,Endless Punishment,lose
liga-2x2-online-s3-e01,Liga 2x2 Online S3-E01,2026-07-09,2026-07-09,2026-07,2,1,AUhP5Up5iXACr6uoUCnt#2,Reva,Witherbloom Pestilence,3OB6CZ7mic8YoqHFcAiX#1,Jorel,Lorehold Spirit,win
liga-2x2-online-s3-e01,Liga 2x2 Online S3-E01,2026-07-09,2026-07-09,2026-07,2,1,AUhP5Up5iXACr6uoUCnt#2,Reva,Witherbloom Pestilence,3OB6CZ7mic8YoqHFcAiX#2,Martin,Doom Prevails,win
liga-2x2-online-s3-e01,Liga 2x2 Online S3-E01,2026-07-09,2026-07-09,2026-07,2,1,AUhP5Up5iXACr6uoUCnt#2,Reva,Witherbloom Pestilence,AUhP5Up5iXACr6uoUCnt#1,Vande,Endless Punishment,win
liga-2x2-online-s3-e01,Liga 2x2 Online S3-E01,2026-07-09,2026-07-09,2026-07,2,1,AUhP5Up5iXACr6uoUCnt#1,Vande,Endless Punishment,3OB6CZ7mic8YoqHFcAiX#1,Jorel,Lorehold Spirit,win
liga-2x2-online-s3-e01,Liga 2x2 Online S3-E01,2026-07-09,2026-07-09,2026-07,2,1,AUhP5Up5iXACr6uoUCnt#1,Vande,Endless Punishment,3OB6CZ7mic8YoqHFcAiX#2,Martin,Doom Prevails,win
liga-2x2-online-s3-e01,Liga 2x2 Online S3-E01,2026-07-09,2026-07-09,2026-07,2,1,AUhP5Up5iXACr6uoUCnt#1,Vande,Endless Punishment,AUhP5Up5iXACr6uoUCnt#2,Reva,Witherbloom Pestilence,win
liga-2x2-online-s3-e01,Liga 2x2 Online S3-E01,2026-07-09,2026-07-09,2026-07,2,2,X3seaKCvVnMNcozIBItG#2,Carlos Spinola,Dissidência Dracônica,X3seaKCvVnMNcozIBItG#1,Cássio Brancaleone,Prismari Artistry,win
liga-2x2-online-s3-e01,Liga 2x2 Online S3-E01,2026-07-09,2026-07-09,2026-07,2,2,X3seaKCvVnMNcozIBItG#2,Carlos Spinola,Dissidência Dracônica,TNZjZ6dfZuTBpFDH4g7n#2,Samuel,Silverquill Influence,win
liga-2x2-online-s3-e01,Liga 2x2 Online S3-E01,2026-07-09,2026-07-09,2026-07,2,2,X3seaKCvVnMNcozIBItG#2,Carlos Spinola,Dissidência Dracônica,TNZjZ6dfZuTBpFDH4g7n#1,Thiago Mattos,Avengers Assemble,win
liga-2x2-online-s3-e01,Liga 2x2 Online S3-E01,2026-07-09,2026-07-09,2026-07,2,2,X3seaKCvVnMNcozIBItG#1,Cássio Brancaleone,Prismari Artistry,X3seaKCvVnMNcozIBItG#2,Carlos Spinola,Dissidência Dracônica,win
liga-2x2-online-s3-e01,Liga 2x2 Online S3-E01,2026-07-09,2026-07-09,2026-07,2,2,X3seaKCvVnMNcozIBItG#1,Cássio Brancaleone,Prismari Artistry,TNZjZ6dfZuTBpFDH4g7n#2,Samuel,Silverquill Influence,win
liga-2x2-online-s3-e01,Liga 2x2 Online S3-E01,2026-07-09,2026-07-09,2026-07,2,2,X3seaKCvVnMNcozIBItG#1,Cássio Brancaleone,Prismari Artistry,TNZjZ6dfZuTBpFDH4g7n#1,Thiago Mattos,Avengers Assemble,win
liga-2x2-online-s3-e01,Liga 2x2 Online S3-E01,2026-07-09,2026-07-09,2026-07,2,2,TNZjZ6dfZuTBpFDH4g7n#2,Samuel,Silverquill Influence,X3seaKCvVnMNcozIBItG#2,Carlos Spinola,Dissidência Dracônica,lose
liga-2x2-online-s3-e01,Liga 2x2 Online S3-E01,2026-07-09,2026-07-09,2026-07,2,2,TNZjZ6dfZuTBpFDH4g7n#2,Samuel,Silverquill Influence,X3seaKCvVnMNcozIBItG#1,Cássio Brancaleone,Prismari Artistry,lose
liga-2x2-online-s3-e01,Liga 2x2 Online S3-E01,2026-07-09,2026-07-09,2026-07,2,2,TNZjZ6dfZuTBpFDH4g7n#2,Samuel,Silverquill Influence,TNZjZ6dfZuTBpFDH4g7n#1,Thiago Mattos,Avengers Assemble,lose
liga-2x2-online-s3-e01,Liga 2x2 Online S3-E01,2026-07-09,2026-07-09,2026-07,2,2,TNZjZ6dfZuTBpFDH4g7n#1,Thiago Mattos,Avengers Assemble,X3seaKCvVnMNcozIBItG#2,Carlos Spinola,Dissidência Dracônica,lose
liga-2x2-online-s3-e01,Liga 2x2 Online S3-E01,2026-07-09,2026-07-09,2026-07,2,2,TNZjZ6dfZuTBpFDH4g7n#1,Thiago Mattos,Avengers Assemble,X3seaKCvVnMNcozIBItG#1,Cássio Brancaleone,Prismari Artistry,lose
liga-2x2-online-s3-e01,Liga 2x2 Online S3-E01,2026-07-09,2026-07-09,2026-07,2,2,TNZjZ6dfZuTBpFDH4g7n#1,Thiago Mattos,Avengers Assemble,TNZjZ6dfZuTBpFDH4g7n#2,Samuel,Silverquill Influence,lose
liga-2x2-online-s3-e01,Liga 2x2 Online S3-E01,2026-07-09,2026-07-09,2026-07,2,3,Y9iFaDwirngZPL7Hbf1s#2,Arthur Sartori,Silverquill Influence,LpvOqL7c7cdIjZ6OwMig#1,Daniel Gentil,Wakanda Forever,win
liga-2x2-online-s3-e01,Liga 2x2 Online S3-E01,2026-07-09,2026-07-09,2026-07,2,3,Y9iFaDwirngZPL7Hbf1s#2,Arthur Sartori,Silverquill Influence,LpvOqL7c7cdIjZ6OwMig#2,Marcel Zulian,Endless Punishment,win
liga-2x2-online-s3-e01,Liga 2x2 Online S3-E01,2026-07-09,2026-07-09,2026-07,2,3,Y9iFaDwirngZPL7Hbf1s#2,Arthur Sartori,Silverquill Influence,Y9iFaDwirngZPL7Hbf1s#1,Marcos Sartori,Counter Blitz,win
liga-2x2-online-s3-e01,Liga 2x2 Online S3-E01,2026-07-09,2026-07-09,2026-07,2,3,LpvOqL7c7cdIjZ6OwMig#1,Daniel Gentil,Wakanda Forever,Y9iFaDwirngZPL7Hbf1s#2,Arthur Sartori,Silverquill Influence,lose
liga-2x2-online-s3-e01,Liga 2x2 Online S3-E01,2026-07-09,2026-07-09,2026-07,2,3,LpvOqL7c7cdIjZ6OwMig#1,Daniel Gentil,Wakanda Forever,LpvOqL7c7cdIjZ6OwMig#2,Marcel Zulian,Endless Punishment,lose
liga-2x2-online-s3-e01,Liga 2x2 Online S3-E01,2026-07-09,2026-07-09,2026-07,2,3,LpvOqL7c7cdIjZ6OwMig#1,Daniel Gentil,Wakanda Forever,Y9iFaDwirngZPL7Hbf1s#1,Marcos Sartori,Counter Blitz,lose
liga-2x2-online-s3-e01,Liga 2x2 Online S3-E01,2026-07-09,2026-07-09,2026-07,2,3,LpvOqL7c7cdIjZ6OwMig#2,Marcel Zulian,Endless Punishment,Y9iFaDwirngZPL7Hbf1s#2,Arthur Sartori,Silverquill Influence,lose
liga-2x2-online-s3-e01,Liga 2x2 Online S3-E01,2026-07-09,2026-07-09,2026-07,2,3,LpvOqL7c7cdIjZ6OwMig#2,Marcel Zulian,Endless Punishment,LpvOqL7c7cdIjZ6OwMig#1,Daniel Gentil,Wakanda Forever,lose
liga-2x2-online-s3-e01,Liga 2x2 Online S3-E01,2026-07-09,2026-07-09,2026-07,2,3,LpvOqL7c7cdIjZ6OwMig#2,Marcel Zulian,Endless Punishment,Y9iFaDwirngZPL7Hbf1s#1,Marcos Sartori,Counter Blitz,lose
liga-2x2-online-s3-e01,Liga 2x2 Online S3-E01,2026-07-09,2026-07-09,2026-07,2,3,Y9iFaDwirngZPL7Hbf1s#1,Marcos Sartori,Counter Blitz,Y9iFaDwirngZPL7Hbf1s#2,Arthur Sartori,Silverquill Influence,win
liga-2x2-online-s3-e01,Liga 2x2 Online S3-E01,2026-07-09,2026-07-09,2026-07,2,3,Y9iFaDwirngZPL7Hbf1s#1,Marcos Sartori,Counter Blitz,LpvOqL7c7cdIjZ6OwMig#1,Daniel Gentil,Wakanda Forever,win
liga-2x2-online-s3-e01,Liga 2x2 Online S3-E01,2026-07-09,2026-07-09,2026-07,2,3,Y9iFaDwirngZPL7Hbf1s#1,Marcos Sartori,Counter Blitz,LpvOqL7c7cdIjZ6OwMig#2,Marcel Zulian,Endless Punishment,win
liga-2x2-online-s3-e01,Liga 2x2 Online S3-E01,2026-07-09,2026-07-09,2026-07,2,4,L3hS2iYkwOhBqiCqMORC#1,Bells,Endless Punishment,L3hS2iYkwOhBqiCqMORC#2,Greowtty,Massacre dos Maestros,lose
liga-2x2-online-s3-e01,Liga 2x2 Online S3-E01,2026-07-09,2026-07-09,2026-07,2,4,L3hS2iYkwOhBqiCqMORC#1,Bells,Endless Punishment,bnQlQMrmWWxVX3CD0ZDY#1,Guilherme Oliveira,Prismari Artistry,lose
liga-2x2-online-s3-e01,Liga 2x2 Online S3-E01,2026-07-09,2026-07-09,2026-07,2,4,L3hS2iYkwOhBqiCqMORC#1,Bells,Endless Punishment,bnQlQMrmWWxVX3CD0ZDY#2,Vicente Daye,Doom Prevails,lose
liga-2x2-online-s3-e01,Liga 2x2 Online S3-E01,2026-07-09,2026-07-09,2026-07,2,4,L3hS2iYkwOhBqiCqMORC#2,Greowtty,Massacre dos Maestros,L3hS2iYkwOhBqiCqMORC#1,Bells,Endless Punishment,lose
liga-2x2-online-s3-e01,Liga 2x2 Online S3-E01,2026-07-09,2026-07-09,2026-07,2,4,L3hS2iYkwOhBqiCqMORC#2,Greowtty,Massacre dos Maestros,bnQlQMrmWWxVX3CD0ZDY#1,Guilherme Oliveira,Prismari Artistry,lose
liga-2x2-online-s3-e01,Liga 2x2 Online S3-E01,2026-07-09,2026-07-09,2026-07,2,4,L3hS2iYkwOhBqiCqMORC#2,Greowtty,Massacre dos Maestros,bnQlQMrmWWxVX3CD0ZDY#2,Vicente Daye,Doom Prevails,lose
liga-2x2-online-s3-e01,Liga 2x2 Online S3-E01,2026-07-09,2026-07-09,2026-07,2,4,bnQlQMrmWWxVX3CD0ZDY#1,Guilherme Oliveira,Prismari Artistry,L3hS2iYkwOhBqiCqMORC#1,Bells,Endless Punishment,win
liga-2x2-online-s3-e01,Liga 2x2 Online S3-E01,2026-07-09,2026-07-09,2026-07,2,4,bnQlQMrmWWxVX3CD0ZDY#1,Guilherme Oliveira,Prismari Artistry,L3hS2iYkwOhBqiCqMORC#2,Greowtty,Massacre dos Maestros,win
liga-2x2-online-s3-e01,Liga 2x2 Online S3-E01,2026-07-09,2026-07-09,2026-07,2,4,bnQlQMrmWWxVX3CD0ZDY#1,Guilherme Oliveira,Prismari Artistry,bnQlQMrmWWxVX3CD0ZDY#2,Vicente Daye,Doom Prevails,win
liga-2x2-online-s3-e01,Liga 2x2 Online S3-E01,2026-07-09,2026-07-09,2026-07,2,4,bnQlQMrmWWxVX3CD0ZDY#2,Vicente Daye,Doom Prevails,L3hS2iYkwOhBqiCqMORC#1,Bells,Endless Punishment,win
liga-2x2-online-s3-e01,Liga 2x2 Online S3-E01,2026-07-09,2026-07-09,2026-07,2,4,bnQlQMrmWWxVX3CD0ZDY#2,Vicente Daye,Doom Prevails,L3hS2iYkwOhBqiCqMORC#2,Greowtty,Massacre dos Maestros,win
liga-2x2-online-s3-e01,Liga 2x2 Online S3-E01,2026-07-09,2026-07-09,2026-07,2,4,bnQlQMrmWWxVX3CD0ZDY#2,Vicente Daye,Doom Prevails,bnQlQMrmWWxVX3CD0ZDY#1,Guilherme Oliveira,Prismari Artistry,win
liga-2x2-online-s3-e01,Liga 2x2 Online S3-E01,2026-07-09,2026-07-09,2026-07,3,1,X3seaKCvVnMNcozIBItG#2,Carlos Spinola,Dissidência Dracônica,X3seaKCvVnMNcozIBItG#1,Cássio Brancaleone,Prismari Artistry,lose
liga-2x2-online-s3-e01,Liga 2x2 Online S3-E01,2026-07-09,2026-07-09,2026-07,3,1,X3seaKCvVnMNcozIBItG#2,Carlos Spinola,Dissidência Dracônica,AUhP5Up5iXACr6uoUCnt#2,Reva,Witherbloom Pestilence,lose
liga-2x2-online-s3-e01,Liga 2x2 Online S3-E01,2026-07-09,2026-07-09,2026-07,3,1,X3seaKCvVnMNcozIBItG#2,Carlos Spinola,Dissidência Dracônica,AUhP5Up5iXACr6uoUCnt#1,Vande,Endless Punishment,lose
liga-2x2-online-s3-e01,Liga 2x2 Online S3-E01,2026-07-09,2026-07-09,2026-07,3,1,X3seaKCvVnMNcozIBItG#1,Cássio Brancaleone,Prismari Artistry,X3seaKCvVnMNcozIBItG#2,Carlos Spinola,Dissidência Dracônica,lose
liga-2x2-online-s3-e01,Liga 2x2 Online S3-E01,2026-07-09,2026-07-09,2026-07,3,1,X3seaKCvVnMNcozIBItG#1,Cássio Brancaleone,Prismari Artistry,AUhP5Up5iXACr6uoUCnt#2,Reva,Witherbloom Pestilence,lose
liga-2x2-online-s3-e01,Liga 2x2 Online S3-E01,2026-07-09,2026-07-09,2026-07,3,1,X3seaKCvVnMNcozIBItG#1,Cássio Brancaleone,Prismari Artistry,AUhP5Up5iXACr6uoUCnt#1,Vande,Endless Punishment,lose
liga-2x2-online-s3-e01,Liga 2x2 Online S3-E01,2026-07-09,2026-07-09,2026-07,3,1,AUhP5Up5iXACr6uoUCnt#2,Reva,Witherbloom Pestilence,X3seaKCvVnMNcozIBItG#2,Carlos Spinola,Dissidência Dracônica,win
liga-2x2-online-s3-e01,Liga 2x2 Online S3-E01,2026-07-09,2026-07-09,2026-07,3,1,AUhP5Up5iXACr6uoUCnt#2,Reva,Witherbloom Pestilence,X3seaKCvVnMNcozIBItG#1,Cássio Brancaleone,Prismari Artistry,win
liga-2x2-online-s3-e01,Liga 2x2 Online S3-E01,2026-07-09,2026-07-09,2026-07,3,1,AUhP5Up5iXACr6uoUCnt#2,Reva,Witherbloom Pestilence,AUhP5Up5iXACr6uoUCnt#1,Vande,Endless Punishment,win
liga-2x2-online-s3-e01,Liga 2x2 Online S3-E01,2026-07-09,2026-07-09,2026-07,3,1,AUhP5Up5iXACr6uoUCnt#1,Vande,Endless Punishment,X3seaKCvVnMNcozIBItG#2,Carlos Spinola,Dissidência Dracônica,win
liga-2x2-online-s3-e01,Liga 2x2 Online S3-E01,2026-07-09,2026-07-09,2026-07,3,1,AUhP5Up5iXACr6uoUCnt#1,Vande,Endless Punishment,X3seaKCvVnMNcozIBItG#1,Cássio Brancaleone,Prismari Artistry,win
liga-2x2-online-s3-e01,Liga 2x2 Online S3-E01,2026-07-09,2026-07-09,2026-07,3,1,AUhP5Up5iXACr6uoUCnt#1,Vande,Endless Punishment,AUhP5Up5iXACr6uoUCnt#2,Reva,Witherbloom Pestilence,win
liga-2x2-online-s3-e01,Liga 2x2 Online S3-E01,2026-07-09,2026-07-09,2026-07,3,2,Y9iFaDwirngZPL7Hbf1s#2,Arthur Sartori,Silverquill Influence,3OB6CZ7mic8YoqHFcAiX#1,Jorel,Lorehold Spirit,lose
liga-2x2-online-s3-e01,Liga 2x2 Online S3-E01,2026-07-09,2026-07-09,2026-07,3,2,Y9iFaDwirngZPL7Hbf1s#2,Arthur Sartori,Silverquill Influence,Y9iFaDwirngZPL7Hbf1s#1,Marcos Sartori,Counter Blitz,lose
liga-2x2-online-s3-e01,Liga 2x2 Online S3-E01,2026-07-09,2026-07-09,2026-07,3,2,Y9iFaDwirngZPL7Hbf1s#2,Arthur Sartori,Silverquill Influence,3OB6CZ7mic8YoqHFcAiX#2,Martin,Doom Prevails,lose
liga-2x2-online-s3-e01,Liga 2x2 Online S3-E01,2026-07-09,2026-07-09,2026-07,3,2,3OB6CZ7mic8YoqHFcAiX#1,Jorel,Lorehold Spirit,Y9iFaDwirngZPL7Hbf1s#2,Arthur Sartori,Silverquill Influence,win
liga-2x2-online-s3-e01,Liga 2x2 Online S3-E01,2026-07-09,2026-07-09,2026-07,3,2,3OB6CZ7mic8YoqHFcAiX#1,Jorel,Lorehold Spirit,Y9iFaDwirngZPL7Hbf1s#1,Marcos Sartori,Counter Blitz,win
liga-2x2-online-s3-e01,Liga 2x2 Online S3-E01,2026-07-09,2026-07-09,2026-07,3,2,3OB6CZ7mic8YoqHFcAiX#1,Jorel,Lorehold Spirit,3OB6CZ7mic8YoqHFcAiX#2,Martin,Doom Prevails,win
liga-2x2-online-s3-e01,Liga 2x2 Online S3-E01,2026-07-09,2026-07-09,2026-07,3,2,Y9iFaDwirngZPL7Hbf1s#1,Marcos Sartori,Counter Blitz,Y9iFaDwirngZPL7Hbf1s#2,Arthur Sartori,Silverquill Influence,lose
liga-2x2-online-s3-e01,Liga 2x2 Online S3-E01,2026-07-09,2026-07-09,2026-07,3,2,Y9iFaDwirngZPL7Hbf1s#1,Marcos Sartori,Counter Blitz,3OB6CZ7mic8YoqHFcAiX#1,Jorel,Lorehold Spirit,lose
liga-2x2-online-s3-e01,Liga 2x2 Online S3-E01,2026-07-09,2026-07-09,2026-07,3,2,Y9iFaDwirngZPL7Hbf1s#1,Marcos Sartori,Counter Blitz,3OB6CZ7mic8YoqHFcAiX#2,Martin,Doom Prevails,lose
liga-2x2-online-s3-e01,Liga 2x2 Online S3-E01,2026-07-09,2026-07-09,2026-07,3,2,3OB6CZ7mic8YoqHFcAiX#2,Martin,Doom Prevails,Y9iFaDwirngZPL7Hbf1s#2,Arthur Sartori,Silverquill Influence,win
liga-2x2-online-s3-e01,Liga 2x2 Online S3-E01,2026-07-09,2026-07-09,2026-07,3,2,3OB6CZ7mic8YoqHFcAiX#2,Martin,Doom Prevails,3OB6CZ7mic8YoqHFcAiX#1,Jorel,Lorehold Spirit,win
liga-2x2-online-s3-e01,Liga 2x2 Online S3-E01,2026-07-09,2026-07-09,2026-07,3,2,3OB6CZ7mic8YoqHFcAiX#2,Martin,Doom Prevails,Y9iFaDwirngZPL7Hbf1s#1,Marcos Sartori,Counter Blitz,win
liga-2x2-online-s3-e01,Liga 2x2 Online S3-E01,2026-07-09,2026-07-09,2026-07,3,3,bnQlQMrmWWxVX3CD0ZDY#1,Guilherme Oliveira,Prismari Artistry,TNZjZ6dfZuTBpFDH4g7n#2,Samuel,Silverquill Influence,win
liga-2x2-online-s3-e01,Liga 2x2 Online S3-E01,2026-07-09,2026-07-09,2026-07,3,3,bnQlQMrmWWxVX3CD0ZDY#1,Guilherme Oliveira,Prismari Artistry,TNZjZ6dfZuTBpFDH4g7n#1,Thiago Mattos,Avengers Assemble,win
liga-2x2-online-s3-e01,Liga 2x2 Online S3-E01,2026-07-09,2026-07-09,2026-07,3,3,bnQlQMrmWWxVX3CD0ZDY#1,Guilherme Oliveira,Prismari Artistry,bnQlQMrmWWxVX3CD0ZDY#2,Vicente Daye,Doom Prevails,win
liga-2x2-online-s3-e01,Liga 2x2 Online S3-E01,2026-07-09,2026-07-09,2026-07,3,3,TNZjZ6dfZuTBpFDH4g7n#2,Samuel,Silverquill Influence,bnQlQMrmWWxVX3CD0ZDY#1,Guilherme Oliveira,Prismari Artistry,lose
liga-2x2-online-s3-e01,Liga 2x2 Online S3-E01,2026-07-09,2026-07-09,2026-07,3,3,TNZjZ6dfZuTBpFDH4g7n#2,Samuel,Silverquill Influence,TNZjZ6dfZuTBpFDH4g7n#1,Thiago Mattos,Avengers Assemble,lose
liga-2x2-online-s3-e01,Liga 2x2 Online S3-E01,2026-07-09,2026-07-09,2026-07,3,3,TNZjZ6dfZuTBpFDH4g7n#2,Samuel,Silverquill Influence,bnQlQMrmWWxVX3CD0ZDY#2,Vicente Daye,Doom Prevails,lose
liga-2x2-online-s3-e01,Liga 2x2 Online S3-E01,2026-07-09,2026-07-09,2026-07,3,3,TNZjZ6dfZuTBpFDH4g7n#1,Thiago Mattos,Avengers Assemble,bnQlQMrmWWxVX3CD0ZDY#1,Guilherme Oliveira,Prismari Artistry,lose
liga-2x2-online-s3-e01,Liga 2x2 Online S3-E01,2026-07-09,2026-07-09,2026-07,3,3,TNZjZ6dfZuTBpFDH4g7n#1,Thiago Mattos,Avengers Assemble,TNZjZ6dfZuTBpFDH4g7n#2,Samuel,Silverquill Influence,lose
liga-2x2-online-s3-e01,Liga 2x2 Online S3-E01,2026-07-09,2026-07-09,2026-07,3,3,TNZjZ6dfZuTBpFDH4g7n#1,Thiago Mattos,Avengers Assemble,bnQlQMrmWWxVX3CD0ZDY#2,Vicente Daye,Doom Prevails,lose
liga-2x2-online-s3-e01,Liga 2x2 Online S3-E01,2026-07-09,2026-07-09,2026-07,3,3,bnQlQMrmWWxVX3CD0ZDY#2,Vicente Daye,Doom Prevails,bnQlQMrmWWxVX3CD0ZDY#1,Guilherme Oliveira,Prismari Artistry,win
liga-2x2-online-s3-e01,Liga 2x2 Online S3-E01,2026-07-09,2026-07-09,2026-07,3,3,bnQlQMrmWWxVX3CD0ZDY#2,Vicente Daye,Doom Prevails,TNZjZ6dfZuTBpFDH4g7n#2,Samuel,Silverquill Influence,win
liga-2x2-online-s3-e01,Liga 2x2 Online S3-E01,2026-07-09,2026-07-09,2026-07,3,3,bnQlQMrmWWxVX3CD0ZDY#2,Vicente Daye,Doom Prevails,TNZjZ6dfZuTBpFDH4g7n#1,Thiago Mattos,Avengers Assemble,win
liga-2x2-online-s3-e01,Liga 2x2 Online S3-E01,2026-07-09,2026-07-09,2026-07,3,4,L3hS2iYkwOhBqiCqMORC#1,Bells,Endless Punishment,LpvOqL7c7cdIjZ6OwMig#1,Daniel Gentil,Wakanda Forever,lose
liga-2x2-online-s3-e01,Liga 2x2 Online S3-E01,2026-07-09,2026-07-09,2026-07,3,4,L3hS2iYkwOhBqiCqMORC#1,Bells,Endless Punishment,L3hS2iYkwOhBqiCqMORC#2,Greowtty,Massacre dos Maestros,lose
liga-2x2-online-s3-e01,Liga 2x2 Online S3-E01,2026-07-09,2026-07-09,2026-07,3,4,L3hS2iYkwOhBqiCqMORC#1,Bells,Endless Punishment,LpvOqL7c7cdIjZ6OwMig#2,Marcel Zulian,Endless Punishment,lose
liga-2x2-online-s3-e01,Liga 2x2 Online S3-E01,2026-07-09,2026-07-09,2026-07,3,4,LpvOqL7c7cdIjZ6OwMig#1,Daniel Gentil,Wakanda Forever,L3hS2iYkwOhBqiCqMORC#1,Bells,Endless Punishment,win
liga-2x2-online-s3-e01,Liga 2x2 Online S3-E01,2026-07-09,2026-07-09,2026-07,3,4,LpvOqL7c7cdIjZ6OwMig#1,Daniel Gentil,Wakanda Forever,L3hS2iYkwOhBqiCqMORC#2,Greowtty,Massacre dos Maestros,win
liga-2x2-online-s3-e01,Liga 2x2 Online S3-E01,2026-07-09,2026-07-09,2026-07,3,4,LpvOqL7c7cdIjZ6OwMig#1,Daniel Gentil,Wakanda Forever,LpvOqL7c7cdIjZ6OwMig#2,Marcel Zulian,Endless Punishment,win
liga-2x2-online-s3-e01,Liga 2x2 Online S3-E01,2026-07-09,2026-07-09,2026-07,3,4,L3hS2iYkwOhBqiCqMORC#2,Greowtty,Massacre dos Maestros,L3hS2iYkwOhBqiCqMORC#1,Bells,Endless Punishment,lose
liga-2x2-online-s3-e01,Liga 2x2 Online S3-E01,2026-07-09,2026-07-09,2026-07,3,4,L3hS2iYkwOhBqiCqMORC#2,Greowtty,Massacre dos Maestros,LpvOqL7c7cdIjZ6OwMig#1,Daniel Gentil,Wakanda Forever,lose
liga-2x2-online-s3-e01,Liga 2x2 Online S3-E01,2026-07-09,2026-07-09,2026-07,3,4,L3hS2iYkwOhBqiCqMORC#2,Greowtty,Massacre dos Maestros,LpvOqL7c7cdIjZ6OwMig#2,Marcel Zulian,Endless Punishment,lose
liga-2x2-online-s3-e01,Liga 2x2 Online S3-E01,2026-07-09,2026-07-09,2026-07,3,4,LpvOqL7c7cdIjZ6OwMig#2,Marcel Zulian,Endless Punishment,L3hS2iYkwOhBqiCqMORC#1,Bells,Endless Punishment,win
liga-2x2-online-s3-e01,Liga 2x2 Online S3-E01,2026-07-09,2026-07-09,2026-07,3,4,LpvOqL7c7cdIjZ6OwMig#2,Marcel Zulian,Endless Punishment,LpvOqL7c7cdIjZ6OwMig#1,Daniel Gentil,Wakanda Forever,win
liga-2x2-online-s3-e01,Liga 2x2 Online S3-E01,2026-07-09,2026-07-09,2026-07,3,4,LpvOqL7c7cdIjZ6OwMig#2,Marcel Zulian,Endless Punishment,L3hS2iYkwOhBqiCqMORC#2,Greowtty,Massacre dos Maestros,win
liga-2x2-online-s3-e02,Liga 2x2 Online S3-E02,2026-07-23,2026-07-23,2026-07,1,1,U3prcsUBqRzy2NrQ3TY8#1,Bells,,U3prcsUBqRzy2NrQ3TY8#2,Greowtty,,lose
liga-2x2-online-s3-e02,Liga 2x2 Online S3-E02,2026-07-23,2026-07-23,2026-07,1,1,U3prcsUBqRzy2NrQ3TY8#1,Bells,,JPtxX4239eJHZUILILYC#2,Jorel,,lose
liga-2x2-online-s3-e02,Liga 2x2 Online S3-E02,2026-07-23,2026-07-23,2026-07,1,1,U3prcsUBqRzy2NrQ3TY8#1,Bells,,JPtxX4239eJHZUILILYC#1,Martin,,lose
liga-2x2-online-s3-e02,Liga 2x2 Online S3-E02,2026-07-23,2026-07-23,2026-07,1,1,U3prcsUBqRzy2NrQ3TY8#2,Greowtty,,U3prcsUBqRzy2NrQ3TY8#1,Bells,,lose
liga-2x2-online-s3-e02,Liga 2x2 Online S3-E02,2026-07-23,2026-07-23,2026-07,1,1,U3prcsUBqRzy2NrQ3TY8#2,Greowtty,,JPtxX4239eJHZUILILYC#2,Jorel,,lose
liga-2x2-online-s3-e02,Liga 2x2 Online S3-E02,2026-07-23,2026-07-23,2026-07,1,1,U3prcsUBqRzy2NrQ3TY8#2,Greowtty,,JPtxX4239eJHZUILILYC#1,Martin,,lose
liga-2x2-online-s3-e02,Liga 2x2 Online S3-E02,2026-07-23,2026-07-23,2026-07,1,1,JPtxX4239eJHZUILILYC#2,Jorel,,U3prcsUBqRzy2NrQ3TY8#1,Bells,,win
liga-2x2-online-s3-e02,Liga 2x2 Online S3-E02,2026-07-23,2026-07-23,2026-07,1,1,JPtxX4239eJHZUILILYC#2,Jorel,,U3prcsUBqRzy2NrQ3TY8#2,Greowtty,,win
liga-2x2-online-s3-e02,Liga 2x2 Online S3-E02,2026-07-23,2026-07-23,2026-07,1,1,JPtxX4239eJHZUILILYC#2,Jorel,,JPtxX4239eJHZUILILYC#1,Martin,,win
liga-2x2-online-s3-e02,Liga 2x2 Online S3-E02,2026-07-23,2026-07-23,2026-07,1,1,JPtxX4239eJHZUILILYC#1,Martin,,U3prcsUBqRzy2NrQ3TY8#1,Bells,,win
liga-2x2-online-s3-e02,Liga 2x2 Online S3-E02,2026-07-23,2026-07-23,2026-07,1,1,JPtxX4239eJHZUILILYC#1,Martin,,U3prcsUBqRzy2NrQ3TY8#2,Greowtty,,win
liga-2x2-online-s3-e02,Liga 2x2 Online S3-E02,2026-07-23,2026-07-23,2026-07,1,1,JPtxX4239eJHZUILILYC#1,Martin,,JPtxX4239eJHZUILILYC#2,Jorel,,win
liga-2x2-online-s3-e02,Liga 2x2 Online S3-E02,2026-07-23,2026-07-23,2026-07,1,2,upCz9hFnKnnTsbTEPMvV#2,Arthur Sartori,,upCz9hFnKnnTsbTEPMvV#1,Marcos Sartori,,draw
liga-2x2-online-s3-e02,Liga 2x2 Online S3-E02,2026-07-23,2026-07-23,2026-07,1,2,upCz9hFnKnnTsbTEPMvV#2,Arthur Sartori,,Av9p57GFkMIbCaQWRzET#1,Reva,,draw
liga-2x2-online-s3-e02,Liga 2x2 Online S3-E02,2026-07-23,2026-07-23,2026-07,1,2,upCz9hFnKnnTsbTEPMvV#2,Arthur Sartori,,Av9p57GFkMIbCaQWRzET#2,Vande,,draw
liga-2x2-online-s3-e02,Liga 2x2 Online S3-E02,2026-07-23,2026-07-23,2026-07,1,2,upCz9hFnKnnTsbTEPMvV#1,Marcos Sartori,,upCz9hFnKnnTsbTEPMvV#2,Arthur Sartori,,draw
liga-2x2-online-s3-e02,Liga 2x2 Online S3-E02,2026-07-23,2026-07-23,2026-07,1,2,upCz9hFnKnnTsbTEPMvV#1,Marcos Sartori,,Av9p57GFkMIbCaQWRzET#1,Reva,,draw
liga-2x2-online-s3-e02,Liga 2x2 Online S3-E02,2026-07-23,2026-07-23,2026-07,1,2,upCz9hFnKnnTsbTEPMvV#1,Marcos Sartori,,Av9p57GFkMIbCaQWRzET#2,Vande,,draw
liga-2x2-online-s3-e02,Liga 2x2 Online S3-E02,2026-07-23,2026-07-23,2026-07,1,2,Av9p57GFkMIbCaQWRzET#1,Reva,,upCz9hFnKnnTsbTEPMvV#2,Arthur Sartori,,draw
liga-2x2-online-s3-e02,Liga 2x2 Online S3-E02,2026-07-23,2026-07-23,2026-07,1,2,Av9p57GFkMIbCaQWRzET#1,Reva,,upCz9hFnKnnTsbTEPMvV#1,Marcos Sartori,,draw
liga-2x2-online-s3-e02,Liga 2x2 Online S3-E02,2026-07-23,2026-07-23,2026-07,1,2,Av9p57GFkMIbCaQWRzET#1,Reva,,Av9p57GFkMIbCaQWRzET#2,Vande,,draw
liga-2x2-online-s3-e02,Liga 2x2 Online S3-E02,2026-07-23,2026-07-23,2026-07,1,2,Av9p57GFkMIbCaQWRzET#2,Vande,,upCz9hFnKnnTsbTEPMvV#2,Arthur Sartori,,draw
liga-2x2-online-s3-e02,Liga 2x2 Online S3-E02,2026-07-23,2026-07-23,2026-07,1,2,Av9p57GFkMIbCaQWRzET#2,Vande,,upCz9hFnKnnTsbTEPMvV#1,Marcos Sartori,,draw
liga-2x2-online-s3-e02,Liga 2x2 Online S3-E02,2026-07-23,2026-07-23,2026-07,1,2,Av9p57GFkMIbCaQWRzET#2,Vande,,Av9p57GFkMIbCaQWRzET#1,Reva,,draw
liga-2x2-online-s3-e02,Liga 2x2 Online S3-E02,2026-07-23,2026-07-23,2026-07,1,3,gR2C0w13cOggRNdlhbSr#1,Guilherme Oliveira,,1RUL6nCainD674UzOma6#1,Mateus,,lose
liga-2x2-online-s3-e02,Liga 2x2 Online S3-E02,2026-07-23,2026-07-23,2026-07,1,3,gR2C0w13cOggRNdlhbSr#1,Guilherme Oliveira,,1RUL6nCainD674UzOma6#2,Matheus,,lose
liga-2x2-online-s3-e02,Liga 2x2 Online S3-E02,2026-07-23,2026-07-23,2026-07,1,3,gR2C0w13cOggRNdlhbSr#1,Guilherme Oliveira,,gR2C0w13cOggRNdlhbSr#2,Vicente Daye,,lose
liga-2x2-online-s3-e02,Liga 2x2 Online S3-E02,2026-07-23,2026-07-23,2026-07,1,3,1RUL6nCainD674UzOma6#1,Mateus,,gR2C0w13cOggRNdlhbSr#1,Guilherme Oliveira,,win
liga-2x2-online-s3-e02,Liga 2x2 Online S3-E02,2026-07-23,2026-07-23,2026-07,1,3,1RUL6nCainD674UzOma6#1,Mateus,,1RUL6nCainD674UzOma6#2,Matheus,,win
liga-2x2-online-s3-e02,Liga 2x2 Online S3-E02,2026-07-23,2026-07-23,2026-07,1,3,1RUL6nCainD674UzOma6#1,Mateus,,gR2C0w13cOggRNdlhbSr#2,Vicente Daye,,win
liga-2x2-online-s3-e02,Liga 2x2 Online S3-E02,2026-07-23,2026-07-23,2026-07,1,3,1RUL6nCainD674UzOma6#2,Matheus,,gR2C0w13cOggRNdlhbSr#1,Guilherme Oliveira,,win
liga-2x2-online-s3-e02,Liga 2x2 Online S3-E02,2026-07-23,2026-07-23,2026-07,1,3,1RUL6nCainD674UzOma6#2,Matheus,,1RUL6nCainD674UzOma6#1,Mateus,,win
liga-2x2-online-s3-e02,Liga 2x2 Online S3-E02,2026-07-23,2026-07-23,2026-07,1,3,1RUL6nCainD674UzOma6#2,Matheus,,gR2C0w13cOggRNdlhbSr#2,Vicente Daye,,win
liga-2x2-online-s3-e02,Liga 2x2 Online S3-E02,2026-07-23,2026-07-23,2026-07,1,3,gR2C0w13cOggRNdlhbSr#2,Vicente Daye,,gR2C0w13cOggRNdlhbSr#1,Guilherme Oliveira,,lose
liga-2x2-online-s3-e02,Liga 2x2 Online S3-E02,2026-07-23,2026-07-23,2026-07,1,3,gR2C0w13cOggRNdlhbSr#2,Vicente Daye,,1RUL6nCainD674UzOma6#1,Mateus,,lose
liga-2x2-online-s3-e02,Liga 2x2 Online S3-E02,2026-07-23,2026-07-23,2026-07,1,3,gR2C0w13cOggRNdlhbSr#2,Vicente Daye,,1RUL6nCainD674UzOma6#2,Matheus,,lose
liga-2x2-online-s3-e02,Liga 2x2 Online S3-E02,2026-07-23,2026-07-23,2026-07,2,1,6TiSNPRvRyN6PB6bYLOo#2,Carlindo,,JPtxX4239eJHZUILILYC#2,Jorel,,lose
liga-2x2-online-s3-e02,Liga 2x2 Online S3-E02,2026-07-23,2026-07-23,2026-07,2,1,6TiSNPRvRyN6PB6bYLOo#2,Carlindo,,6TiSNPRvRyN6PB6bYLOo#1,Marcelo,,lose
liga-2x2-online-s3-e02,Liga 2x2 Online S3-E02,2026-07-23,2026-07-23,2026-07,2,1,6TiSNPRvRyN6PB6bYLOo#2,Carlindo,,JPtxX4239eJHZUILILYC#1,Martin,,lose
liga-2x2-online-s3-e02,Liga 2x2 Online S3-E02,2026-07-23,2026-07-23,2026-07,2,1,JPtxX4239eJHZUILILYC#2,Jorel,,6TiSNPRvRyN6PB6bYLOo#2,Carlindo,,win
liga-2x2-online-s3-e02,Liga 2x2 Online S3-E02,2026-07-23,2026-07-23,2026-07,2,1,JPtxX4239eJHZUILILYC#2,Jorel,,6TiSNPRvRyN6PB6bYLOo#1,Marcelo,,win
liga-2x2-online-s3-e02,Liga 2x2 Online S3-E02,2026-07-23,2026-07-23,2026-07,2,1,JPtxX4239eJHZUILILYC#2,Jorel,,JPtxX4239eJHZUILILYC#1,Martin,,win
liga-2x2-online-s3-e02,Liga 2x2 Online S3-E02,2026-07-23,2026-07-23,2026-07,2,1,6TiSNPRvRyN6PB6bYLOo#1,Marcelo,,6TiSNPRvRyN6PB6bYLOo#2,Carlindo,,lose
liga-2x2-online-s3-e02,Liga 2x2 Online S3-E02,2026-07-23,2026-07-23,2026-07,2,1,6TiSNPRvRyN6PB6bYLOo#1,Marcelo,,JPtxX4239eJHZUILILYC#2,Jorel,,lose
liga-2x2-online-s3-e02,Liga 2x2 Online S3-E02,2026-07-23,2026-07-23,2026-07,2,1,6TiSNPRvRyN6PB6bYLOo#1,Marcelo,,JPtxX4239eJHZUILILYC#1,Martin,,lose
liga-2x2-online-s3-e02,Liga 2x2 Online S3-E02,2026-07-23,2026-07-23,2026-07,2,1,JPtxX4239eJHZUILILYC#1,Martin,,6TiSNPRvRyN6PB6bYLOo#2,Carlindo,,win
liga-2x2-online-s3-e02,Liga 2x2 Online S3-E02,2026-07-23,2026-07-23,2026-07,2,1,JPtxX4239eJHZUILILYC#1,Martin,,JPtxX4239eJHZUILILYC#2,Jorel,,win
liga-2x2-online-s3-e02,Liga 2x2 Online S3-E02,2026-07-23,2026-07-23,2026-07,2,1,JPtxX4239eJHZUILILYC#1,Martin,,6TiSNPRvRyN6PB6bYLOo#1,Marcelo,,win
liga-2x2-online-s3-e02,Liga 2x2 Online S3-E02,2026-07-23,2026-07-23,2026-07,2,2,1RUL6nCainD674UzOma6#1,Mateus,,1RUL6nCainD674UzOma6#2,Matheus,,lose
liga-2x2-online-s3-e02,Liga 2x2 Online S3-E02,2026-07-23,2026-07-23,2026-07,2,2,1RUL6nCainD674UzOma6#1,Mateus,,Av9p57GFkMIbCaQWRzET#1,Reva,,lose
liga-2x2-online-s3-e02,Liga 2x2 Online S3-E02,2026-07-23,2026-07-23,2026-07,2,2,1RUL6nCainD674UzOma6#1,Mateus,,Av9p57GFkMIbCaQWRzET#2,Vande,,lose
liga-2x2-online-s3-e02,Liga 2x2 Online S3-E02,2026-07-23,2026-07-23,2026-07,2,2,1RUL6nCainD674UzOma6#2,Matheus,,1RUL6nCainD674UzOma6#1,Mateus,,lose
liga-2x2-online-s3-e02,Liga 2x2 Online S3-E02,2026-07-23,2026-07-23,2026-07,2,2,1RUL6nCainD674UzOma6#2,Matheus,,Av9p57GFkMIbCaQWRzET#1,Reva,,lose
liga-2x2-online-s3-e02,Liga 2x2 Online S3-E02,2026-07-23,2026-07-23,2026-07,2,2,1RUL6nCainD674UzOma6#2,Matheus,,Av9p57GFkMIbCaQWRzET#2,Vande,,lose
liga-2x2-online-s3-e02,Liga 2x2 Online S3-E02,2026-07-23,2026-07-23,2026-07,2,2,Av9p57GFkMIbCaQWRzET#1,Reva,,1RUL6nCainD674UzOma6#1,Mateus,,win
liga-2x2-online-s3-e02,Liga 2x2 Online S3-E02,2026-07-23,2026-07-23,2026-07,2,2,Av9p57GFkMIbCaQWRzET#1,Reva,,1RUL6nCainD674UzOma6#2,Matheus,,win
liga-2x2-online-s3-e02,Liga 2x2 Online S3-E02,2026-07-23,2026-07-23,2026-07,2,2,Av9p57GFkMIbCaQWRzET#1,Reva,,Av9p57GFkMIbCaQWRzET#2,Vande,,win
liga-2x2-online-s3-e02,Liga 2x2 Online S3-E02,2026-07-23,2026-07-23,2026-07,2,2,Av9p57GFkMIbCaQWRzET#2,Vande,,1RUL6nCainD674UzOma6#1,Mateus,,win
liga-2x2-online-s3-e02,Liga 2x2 Online S3-E02,2026-07-23,2026-07-23,2026-07,2,2,Av9p57GFkMIbCaQWRzET#2,Vande,,1RUL6nCainD674UzOma6#2,Matheus,,win
liga-2x2-online-s3-e02,Liga 2x2 Online S3-E02,2026-07-23,2026-07-23,2026-07,2,2,Av9p57GFkMIbCaQWRzET#2,Vande,,Av9p57GFkMIbCaQWRzET#1,Reva,,win
liga-2x2-online-s3-e02,Liga 2x2 Online S3-E02,2026-07-23,2026-07-23,2026-07,2,3,upCz9hFnKnnTsbTEPMvV#2,Arthur Sartori,,U3prcsUBqRzy2NrQ3TY8#1,Bells,,win
liga-2x2-online-s3-e02,Liga 2x2 Online S3-E02,2026-07-23,2026-07-23,2026-07,2,3,upCz9hFnKnnTsbTEPMvV#2,Arthur Sartori,,U3prcsUBqRzy2NrQ3TY8#2,Greowtty,,win
liga-2x2-online-s3-e02,Liga 2x2 Online S3-E02,2026-07-23,2026-07-23,2026-07,2,3,upCz9hFnKnnTsbTEPMvV#2,Arthur Sartori,,upCz9hFnKnnTsbTEPMvV#1,Marcos Sartori,,win
liga-2x2-online-s3-e02,Liga 2x2 Online S3-E02,2026-07-23,2026-07-23,2026-07,2,3,U3prcsUBqRzy2NrQ3TY8#1,Bells,,upCz9hFnKnnTsbTEPMvV#2,Arthur Sartori,,lose
liga-2x2-online-s3-e02,Liga 2x2 Online S3-E02,2026-07-23,2026-07-23,2026-07,2,3,U3prcsUBqRzy2NrQ3TY8#1,Bells,,U3prcsUBqRzy2NrQ3TY8#2,Greowtty,,lose
liga-2x2-online-s3-e02,Liga 2x2 Online S3-E02,2026-07-23,2026-07-23,2026-07,2,3,U3prcsUBqRzy2NrQ3TY8#1,Bells,,upCz9hFnKnnTsbTEPMvV#1,Marcos Sartori,,lose
liga-2x2-online-s3-e02,Liga 2x2 Online S3-E02,2026-07-23,2026-07-23,2026-07,2,3,U3prcsUBqRzy2NrQ3TY8#2,Greowtty,,upCz9hFnKnnTsbTEPMvV#2,Arthur Sartori,,lose
liga-2x2-online-s3-e02,Liga 2x2 Online S3-E02,2026-07-23,2026-07-23,2026-07,2,3,U3prcsUBqRzy2NrQ3TY8#2,Greowtty,,U3prcsUBqRzy2NrQ3TY8#1,Bells,,lose
liga-2x2-online-s3-e02,Liga 2x2 Online S3-E02,2026-07-23,2026-07-23,2026-07,2,3,U3prcsUBqRzy2NrQ3TY8#2,Greowtty,,upCz9hFnKnnTsbTEPMvV#1,Marcos Sartori,,lose
liga-2x2-online-s3-e02,Liga 2x2 Online S3-E02,2026-07-23,2026-07-23,2026-07,2,3,upCz9hFnKnnTsbTEPMvV#1,Marcos Sartori,,upCz9hFnKnnTsbTEPMvV#2,Arthur Sartori,,win
liga-2x2-online-s3-e02,Liga 2x2 Online S3-E02,2026-07-23,2026-07-23,2026-07,2,3,upCz9hFnKnnTsbTEPMvV#1,Marcos Sartori,,U3prcsUBqRzy2NrQ3TY8#1,Bells,,win
liga-2x2-online-s3-e02,Liga 2x2 Online S3-E02,2026-07-23,2026-07-23,2026-07,2,3,upCz9hFnKnnTsbTEPMvV#1,Marcos Sartori,,U3prcsUBqRzy2NrQ3TY8#2,Greowtty,,win
liga-2x2-online-s3-e02,Liga 2x2 Online S3-E02,2026-07-23,2026-07-23,2026-07,3,1,JPtxX4239eJHZUILILYC#2,Jorel,,JPtxX4239eJHZUILILYC#1,Martin,,lose
liga-2x2-online-s3-e02,Liga 2x2 Online S3-E02,2026-07-23,2026-07-23,2026-07,3,1,JPtxX4239eJHZUILILYC#2,Jorel,,Av9p57GFkMIbCaQWRzET#1,Reva,,lose
liga-2x2-online-s3-e02,Liga 2x2 Online S3-E02,2026-07-23,2026-07-23,2026-07,3,1,JPtxX4239eJHZUILILYC#2,Jorel,,Av9p57GFkMIbCaQWRzET#2,Vande,,lose
liga-2x2-online-s3-e02,Liga 2x2 Online S3-E02,2026-07-23,2026-07-23,2026-07,3,1,JPtxX4239eJHZUILILYC#1,Martin,,JPtxX4239eJHZUILILYC#2,Jorel,,lose
liga-2x2-online-s3-e02,Liga 2x2 Online S3-E02,2026-07-23,2026-07-23,2026-07,3,1,JPtxX4239eJHZUILILYC#1,Martin,,Av9p57GFkMIbCaQWRzET#1,Reva,,lose
liga-2x2-online-s3-e02,Liga 2x2 Online S3-E02,2026-07-23,2026-07-23,2026-07,3,1,JPtxX4239eJHZUILILYC#1,Martin,,Av9p57GFkMIbCaQWRzET#2,Vande,,lose
liga-2x2-online-s3-e02,Liga 2x2 Online S3-E02,2026-07-23,2026-07-23,2026-07,3,1,Av9p57GFkMIbCaQWRzET#1,Reva,,JPtxX4239eJHZUILILYC#2,Jorel,,win
liga-2x2-online-s3-e02,Liga 2x2 Online S3-E02,2026-07-23,2026-07-23,2026-07,3,1,Av9p57GFkMIbCaQWRzET#1,Reva,,JPtxX4239eJHZUILILYC#1,Martin,,win
liga-2x2-online-s3-e02,Liga 2x2 Online S3-E02,2026-07-23,2026-07-23,2026-07,3,1,Av9p57GFkMIbCaQWRzET#1,Reva,,Av9p57GFkMIbCaQWRzET#2,Vande,,win
liga-2x2-online-s3-e02,Liga 2x2 Online S3-E02,2026-07-23,2026-07-23,2026-07,3,1,Av9p57GFkMIbCaQWRzET#2,Vande,,JPtxX4239eJHZUILILYC#2,Jorel,,win
liga-2x2-online-s3-e02,Liga 2x2 Online S3-E02,2026-07-23,2026-07-23,2026-07,3,1,Av9p57GFkMIbCaQWRzET#2,Vande,,JPtxX4239eJHZUILILYC#1,Martin,,win
liga-2x2-online-s3-e02,Liga 2x2 Online S3-E02,2026-07-23,2026-07-23,2026-07,3,1,Av9p57GFkMIbCaQWRzET#2,Vande,,Av9p57GFkMIbCaQWRzET#1,Reva,,win
liga-2x2-online-s3-e02,Liga 2x2 Online S3-E02,2026-07-23,2026-07-23,2026-07,3,2,upCz9hFnKnnTsbTEPMvV#2,Arthur Sartori,,gR2C0w13cOggRNdlhbSr#1,Guilherme Oliveira,,win
liga-2x2-online-s3-e02,Liga 2x2 Online S3-E02,2026-07-23,2026-07-23,2026-07,3,2,upCz9hFnKnnTsbTEPMvV#2,Arthur Sartori,,upCz9hFnKnnTsbTEPMvV#1,Marcos Sartori,,win
liga-2x2-online-s3-e02,Liga 2x2 Online S3-E02,2026-07-23,2026-07-23,2026-07,3,2,upCz9hFnKnnTsbTEPMvV#2,Arthur Sartori,,gR2C0w13cOggRNdlhbSr#2,Vicente Daye,,win
liga-2x2-online-s3-e02,Liga 2x2 Online S3-E02,2026-07-23,2026-07-23,2026-07,3,2,gR2C0w13cOggRNdlhbSr#1,Guilherme Oliveira,,upCz9hFnKnnTsbTEPMvV#2,Arthur Sartori,,lose
liga-2x2-online-s3-e02,Liga 2x2 Online S3-E02,2026-07-23,2026-07-23,2026-07,3,2,gR2C0w13cOggRNdlhbSr#1,Guilherme Oliveira,,upCz9hFnKnnTsbTEPMvV#1,Marcos Sartori,,lose
liga-2x2-online-s3-e02,Liga 2x2 Online S3-E02,2026-07-23,2026-07-23,2026-07,3,2,gR2C0w13cOggRNdlhbSr#1,Guilherme Oliveira,,gR2C0w13cOggRNdlhbSr#2,Vicente Daye,,lose
liga-2x2-online-s3-e02,Liga 2x2 Online S3-E02,2026-07-23,2026-07-23,2026-07,3,2,upCz9hFnKnnTsbTEPMvV#1,Marcos Sartori,,upCz9hFnKnnTsbTEPMvV#2,Arthur Sartori,,win
liga-2x2-online-s3-e02,Liga 2x2 Online S3-E02,2026-07-23,2026-07-23,2026-07,3,2,upCz9hFnKnnTsbTEPMvV#1,Marcos Sartori,,gR2C0w13cOggRNdlhbSr#1,Guilherme Oliveira,,win
liga-2x2-online-s3-e02,Liga 2x2 Online S3-E02,2026-07-23,2026-07-23,2026-07,3,2,upCz9hFnKnnTsbTEPMvV#1,Marcos Sartori,,gR2C0w13cOggRNdlhbSr#2,Vicente Daye,,win
liga-2x2-online-s3-e02,Liga 2x2 Online S3-E02,2026-07-23,2026-07-23,2026-07,3,2,gR2C0w13cOggRNdlhbSr#2,Vicente Daye,,upCz9hFnKnnTsbTEPMvV#2,Arthur Sartori,,lose
liga-2x2-online-s3-e02,Liga 2x2 Online S3-E02,2026-07-23,2026-07-23,2026-07,3,2,gR2C0w13cOggRNdlhbSr#2,Vicente Daye,,gR2C0w13cOggRNdlhbSr#1,Guilherme Oliveira,,lose
liga-2x2-online-s3-e02,Liga 2x2 Online S3-E02,2026-07-23,2026-07-23,2026-07,3,2,gR2C0w13cOggRNdlhbSr#2,Vicente Daye,,upCz9hFnKnnTsbTEPMvV#1,Marcos Sartori,,lose
liga-2x2-online-s3-e02,Liga 2x2 Online S3-E02,2026-07-23,2026-07-23,2026-07,3,3,6TiSNPRvRyN6PB6bYLOo#2,Carlindo,,6TiSNPRvRyN6PB6bYLOo#1,Marcelo,,win
liga-2x2-online-s3-e02,Liga 2x2 Online S3-E02,2026-07-23,2026-07-23,2026-07,3,3,6TiSNPRvRyN6PB6bYLOo#2,Carlindo,,1RUL6nCainD674UzOma6#1,Mateus,,win
liga-2x2-online-s3-e02,Liga 2x2 Online S3-E02,2026-07-23,2026-07-23,2026-07,3,3,6TiSNPRvRyN6PB6bYLOo#2,Carlindo,,1RUL6nCainD674UzOma6#2,Matheus,,win
liga-2x2-online-s3-e02,Liga 2x2 Online S3-E02,2026-07-23,2026-07-23,2026-07,3,3,6TiSNPRvRyN6PB6bYLOo#1,Marcelo,,6TiSNPRvRyN6PB6bYLOo#2,Carlindo,,win
liga-2x2-online-s3-e02,Liga 2x2 Online S3-E02,2026-07-23,2026-07-23,2026-07,3,3,6TiSNPRvRyN6PB6bYLOo#1,Marcelo,,1RUL6nCainD674UzOma6#1,Mateus,,win
liga-2x2-online-s3-e02,Liga 2x2 Online S3-E02,2026-07-23,2026-07-23,2026-07,3,3,6TiSNPRvRyN6PB6bYLOo#1,Marcelo,,1RUL6nCainD674UzOma6#2,Matheus,,win
liga-2x2-online-s3-e02,Liga 2x2 Online S3-E02,2026-07-23,2026-07-23,2026-07,3,3,1RUL6nCainD674UzOma6#1,Mateus,,6TiSNPRvRyN6PB6bYLOo#2,Carlindo,,lose
liga-2x2-online-s3-e02,Liga 2x2 Online S3-E02,2026-07-23,2026-07-23,2026-07,3,3,1RUL6nCainD674UzOma6#1,Mateus,,6TiSNPRvRyN6PB6bYLOo#1,Marcelo,,lose
liga-2x2-online-s3-e02,Liga 2x2 Online S3-E02,2026-07-23,2026-07-23,2026-07,3,3,1RUL6nCainD674UzOma6#1,Mateus,,1RUL6nCainD674UzOma6#2,Matheus,,lose
liga-2x2-online-s3-e02,Liga 2x2 Online S3-E02,2026-07-23,2026-07-23,2026-07,3,3,1RUL6nCainD674UzOma6#2,Matheus,,6TiSNPRvRyN6PB6bYLOo#2,Carlindo,,lose
liga-2x2-online-s3-e02,Liga 2x2 Online S3-E02,2026-07-23,2026-07-23,2026-07,3,3,1RUL6nCainD674UzOma6#2,Matheus,,6TiSNPRvRyN6PB6bYLOo#1,Marcelo,,lose
liga-2x2-online-s3-e02,Liga 2x2 Online S3-E02,2026-07-23,2026-07-23,2026-07,3,3,1RUL6nCainD674UzOma6#2,Matheus,,1RUL6nCainD674UzOma6#1,Mateus,,lose
liga-2x2-online-s3-e03,Liga 2x2 Online S3-E03,2026-08-06,2026-08-06,2026-08,1,1,s4NJHPXyWxa03tH28ZN8#2,Carlos Spinola,,Jx1185OjNTYQHcQpf2Ou#1,Reva,,lose
liga-2x2-online-s3-e03,Liga 2x2 Online S3-E03,2026-08-06,2026-08-06,2026-08,1,1,s4NJHPXyWxa03tH28ZN8#2,Carlos Spinola,,s4NJHPXyWxa03tH28ZN8#1,Thiago Cunha,,lose
liga-2x2-online-s3-e03,Liga 2x2 Online S3-E03,2026-08-06,2026-08-06,2026-08,1,1,s4NJHPXyWxa03tH28ZN8#2,Carlos Spinola,,Jx1185OjNTYQHcQpf2Ou#2,Vande,,lose
liga-2x2-online-s3-e03,Liga 2x2 Online S3-E03,2026-08-06,2026-08-06,2026-08,1,1,Jx1185OjNTYQHcQpf2Ou#1,Reva,,s4NJHPXyWxa03tH28ZN8#2,Carlos Spinola,,win
liga-2x2-online-s3-e03,Liga 2x2 Online S3-E03,2026-08-06,2026-08-06,2026-08,1,1,Jx1185OjNTYQHcQpf2Ou#1,Reva,,s4NJHPXyWxa03tH28ZN8#1,Thiago Cunha,,win
liga-2x2-online-s3-e03,Liga 2x2 Online S3-E03,2026-08-06,2026-08-06,2026-08,1,1,Jx1185OjNTYQHcQpf2Ou#1,Reva,,Jx1185OjNTYQHcQpf2Ou#2,Vande,,win
liga-2x2-online-s3-e03,Liga 2x2 Online S3-E03,2026-08-06,2026-08-06,2026-08,1,1,s4NJHPXyWxa03tH28ZN8#1,Thiago Cunha,,s4NJHPXyWxa03tH28ZN8#2,Carlos Spinola,,lose
liga-2x2-online-s3-e03,Liga 2x2 Online S3-E03,2026-08-06,2026-08-06,2026-08,1,1,s4NJHPXyWxa03tH28ZN8#1,Thiago Cunha,,Jx1185OjNTYQHcQpf2Ou#1,Reva,,lose
liga-2x2-online-s3-e03,Liga 2x2 Online S3-E03,2026-08-06,2026-08-06,2026-08,1,1,s4NJHPXyWxa03tH28ZN8#1,Thiago Cunha,,Jx1185OjNTYQHcQpf2Ou#2,Vande,,lose
liga-2x2-online-s3-e03,Liga 2x2 Online S3-E03,2026-08-06,2026-08-06,2026-08,1,1,Jx1185OjNTYQHcQpf2Ou#2,Vande,,s4NJHPXyWxa03tH28ZN8#2,Carlos Spinola,,win
liga-2x2-online-s3-e03,Liga 2x2 Online S3-E03,2026-08-06,2026-08-06,2026-08,1,1,Jx1185OjNTYQHcQpf2Ou#2,Vande,,Jx1185OjNTYQHcQpf2Ou#1,Reva,,win
liga-2x2-online-s3-e03,Liga 2x2 Online S3-E03,2026-08-06,2026-08-06,2026-08,1,1,Jx1185OjNTYQHcQpf2Ou#2,Vande,,s4NJHPXyWxa03tH28ZN8#1,Thiago Cunha,,win
liga-2x2-online-s3-e03,Liga 2x2 Online S3-E03,2026-08-06,2026-08-06,2026-08,1,2,spaGZKQ5fd6hXm1YJg2Z#1,Bells,Counter Inteligence,sgf7wv70ODbHhDEaGBxE#1,Felipe,,lose
liga-2x2-online-s3-e03,Liga 2x2 Online S3-E03,2026-08-06,2026-08-06,2026-08,1,2,spaGZKQ5fd6hXm1YJg2Z#1,Bells,Counter Inteligence,spaGZKQ5fd6hXm1YJg2Z#2,Greowtty,Blast from the Past,lose
liga-2x2-online-s3-e03,Liga 2x2 Online S3-E03,2026-08-06,2026-08-06,2026-08,1,2,spaGZKQ5fd6hXm1YJg2Z#1,Bells,Counter Inteligence,sgf7wv70ODbHhDEaGBxE#2,Pinho,,lose
liga-2x2-online-s3-e03,Liga 2x2 Online S3-E03,2026-08-06,2026-08-06,2026-08,1,2,sgf7wv70ODbHhDEaGBxE#1,Felipe,,spaGZKQ5fd6hXm1YJg2Z#1,Bells,Counter Inteligence,win
liga-2x2-online-s3-e03,Liga 2x2 Online S3-E03,2026-08-06,2026-08-06,2026-08,1,2,sgf7wv70ODbHhDEaGBxE#1,Felipe,,spaGZKQ5fd6hXm1YJg2Z#2,Greowtty,Blast from the Past,win
liga-2x2-online-s3-e03,Liga 2x2 Online S3-E03,2026-08-06,2026-08-06,2026-08,1,2,sgf7wv70ODbHhDEaGBxE#1,Felipe,,sgf7wv70ODbHhDEaGBxE#2,Pinho,,win
liga-2x2-online-s3-e03,Liga 2x2 Online S3-E03,2026-08-06,2026-08-06,2026-08,1,2,spaGZKQ5fd6hXm1YJg2Z#2,Greowtty,Blast from the Past,spaGZKQ5fd6hXm1YJg2Z#1,Bells,Counter Inteligence,lose
liga-2x2-online-s3-e03,Liga 2x2 Online S3-E03,2026-08-06,2026-08-06,2026-08,1,2,spaGZKQ5fd6hXm1YJg2Z#2,Greowtty,Blast from the Past,sgf7wv70ODbHhDEaGBxE#1,Felipe,,lose
liga-2x2-online-s3-e03,Liga 2x2 Online S3-E03,2026-08-06,2026-08-06,2026-08,1,2,spaGZKQ5fd6hXm1YJg2Z#2,Greowtty,Blast from the Past,sgf7wv70ODbHhDEaGBxE#2,Pinho,,lose
liga-2x2-online-s3-e03,Liga 2x2 Online S3-E03,2026-08-06,2026-08-06,2026-08,1,2,sgf7wv70ODbHhDEaGBxE#2,Pinho,,spaGZKQ5fd6hXm1YJg2Z#1,Bells,Counter Inteligence,win
liga-2x2-online-s3-e03,Liga 2x2 Online S3-E03,2026-08-06,2026-08-06,2026-08,1,2,sgf7wv70ODbHhDEaGBxE#2,Pinho,,sgf7wv70ODbHhDEaGBxE#1,Felipe,,win
liga-2x2-online-s3-e03,Liga 2x2 Online S3-E03,2026-08-06,2026-08-06,2026-08,1,2,sgf7wv70ODbHhDEaGBxE#2,Pinho,,spaGZKQ5fd6hXm1YJg2Z#2,Greowtty,Blast from the Past,win
liga-2x2-online-s3-e03,Liga 2x2 Online S3-E03,2026-08-06,2026-08-06,2026-08,1,3,R7VuzUKIjBTa4XXrMPH5#1,Guilherme Oliveira,,7au8fF8YACgwm9CTBIKU#2,Kukaowty,,win
liga-2x2-online-s3-e03,Liga 2x2 Online S3-E03,2026-08-06,2026-08-06,2026-08,1,3,R7VuzUKIjBTa4XXrMPH5#1,Guilherme Oliveira,,7au8fF8YACgwm9CTBIKU#1,Rafael Silva,,win
liga-2x2-online-s3-e03,Liga 2x2 Online S3-E03,2026-08-06,2026-08-06,2026-08,1,3,R7VuzUKIjBTa4XXrMPH5#1,Guilherme Oliveira,,R7VuzUKIjBTa4XXrMPH5#2,Vicente Daye,,win
liga-2x2-online-s3-e03,Liga 2x2 Online S3-E03,2026-08-06,2026-08-06,2026-08,1,3,7au8fF8YACgwm9CTBIKU#2,Kukaowty,,R7VuzUKIjBTa4XXrMPH5#1,Guilherme Oliveira,,lose
liga-2x2-online-s3-e03,Liga 2x2 Online S3-E03,2026-08-06,2026-08-06,2026-08,1,3,7au8fF8YACgwm9CTBIKU#2,Kukaowty,,7au8fF8YACgwm9CTBIKU#1,Rafael Silva,,lose
liga-2x2-online-s3-e03,Liga 2x2 Online S3-E03,2026-08-06,2026-08-06,2026-08,1,3,7au8fF8YACgwm9CTBIKU#2,Kukaowty,,R7VuzUKIjBTa4XXrMPH5#2,Vicente Daye,,lose
liga-2x2-online-s3-e03,Liga 2x2 Online S3-E03,2026-08-06,2026-08-06,2026-08,1,3,7au8fF8YACgwm9CTBIKU#1,Rafael Silva,,R7VuzUKIjBTa4XXrMPH5#1,Guilherme Oliveira,,lose
liga-2x2-online-s3-e03,Liga 2x2 Online S3-E03,2026-08-06,2026-08-06,2026-08,1,3,7au8fF8YACgwm9CTBIKU#1,Rafael Silva,,7au8fF8YACgwm9CTBIKU#2,Kukaowty,,lose
liga-2x2-online-s3-e03,Liga 2x2 Online S3-E03,2026-08-06,2026-08-06,2026-08,1,3,7au8fF8YACgwm9CTBIKU#1,Rafael Silva,,R7VuzUKIjBTa4XXrMPH5#2,Vicente Daye,,lose
liga-2x2-online-s3-e03,Liga 2x2 Online S3-E03,2026-08-06,2026-08-06,2026-08,1,3,R7VuzUKIjBTa4XXrMPH5#2,Vicente Daye,,R7VuzUKIjBTa4XXrMPH5#1,Guilherme Oliveira,,win
liga-2x2-online-s3-e03,Liga 2x2 Online S3-E03,2026-08-06,2026-08-06,2026-08,1,3,R7VuzUKIjBTa4XXrMPH5#2,Vicente Daye,,7au8fF8YACgwm9CTBIKU#2,Kukaowty,,win
liga-2x2-online-s3-e03,Liga 2x2 Online S3-E03,2026-08-06,2026-08-06,2026-08,1,3,R7VuzUKIjBTa4XXrMPH5#2,Vicente Daye,,7au8fF8YACgwm9CTBIKU#1,Rafael Silva,,win
liga-2x2-online-s3-e03,Liga 2x2 Online S3-E03,2026-08-06,2026-08-06,2026-08,2,1,sgf7wv70ODbHhDEaGBxE#1,Felipe,,sgf7wv70ODbHhDEaGBxE#2,Pinho,,lose
liga-2x2-online-s3-e03,Liga 2x2 Online S3-E03,2026-08-06,2026-08-06,2026-08,2,1,sgf7wv70ODbHhDEaGBxE#1,Felipe,,Jx1185OjNTYQHcQpf2Ou#1,Reva,,lose
liga-2x2-online-s3-e03,Liga 2x2 Online S3-E03,2026-08-06,2026-08-06,2026-08,2,1,sgf7wv70ODbHhDEaGBxE#1,Felipe,,Jx1185OjNTYQHcQpf2Ou#2,Vande,,lose
liga-2x2-online-s3-e03,Liga 2x2 Online S3-E03,2026-08-06,2026-08-06,2026-08,2,1,sgf7wv70ODbHhDEaGBxE#2,Pinho,,sgf7wv70ODbHhDEaGBxE#1,Felipe,,lose
liga-2x2-online-s3-e03,Liga 2x2 Online S3-E03,2026-08-06,2026-08-06,2026-08,2,1,sgf7wv70ODbHhDEaGBxE#2,Pinho,,Jx1185OjNTYQHcQpf2Ou#1,Reva,,lose
liga-2x2-online-s3-e03,Liga 2x2 Online S3-E03,2026-08-06,2026-08-06,2026-08,2,1,sgf7wv70ODbHhDEaGBxE#2,Pinho,,Jx1185OjNTYQHcQpf2Ou#2,Vande,,lose
liga-2x2-online-s3-e03,Liga 2x2 Online S3-E03,2026-08-06,2026-08-06,2026-08,2,1,Jx1185OjNTYQHcQpf2Ou#1,Reva,,sgf7wv70ODbHhDEaGBxE#1,Felipe,,win
liga-2x2-online-s3-e03,Liga 2x2 Online S3-E03,2026-08-06,2026-08-06,2026-08,2,1,Jx1185OjNTYQHcQpf2Ou#1,Reva,,sgf7wv70ODbHhDEaGBxE#2,Pinho,,win
liga-2x2-online-s3-e03,Liga 2x2 Online S3-E03,2026-08-06,2026-08-06,2026-08,2,1,Jx1185OjNTYQHcQpf2Ou#1,Reva,,Jx1185OjNTYQHcQpf2Ou#2,Vande,,win
liga-2x2-online-s3-e03,Liga 2x2 Online S3-E03,2026-08-06,2026-08-06,2026-08,2,1,Jx1185OjNTYQHcQpf2Ou#2,Vande,,sgf7wv70ODbHhDEaGBxE#1,Felipe,,win
liga-2x2-online-s3-e03,Liga 2x2 Online S3-E03,2026-08-06,2026-08-06,2026-08,2,1,Jx1185OjNTYQHcQpf2Ou#2,Vande,,sgf7wv70ODbHhDEaGBxE#2,Pinho,,win
liga-2x2-online-s3-e03,Liga 2x2 Online S3-E03,2026-08-06,2026-08-06,2026-08,2,1,Jx1185OjNTYQHcQpf2Ou#2,Vande,,Jx1185OjNTYQHcQpf2Ou#1,Reva,,win
liga-2x2-online-s3-e03,Liga 2x2 Online S3-E03,2026-08-06,2026-08-06,2026-08,2,2,spaGZKQ5fd6hXm1YJg2Z#1,Bells,Counter Inteligence,spaGZKQ5fd6hXm1YJg2Z#2,Greowtty,Blast from the Past,draw
liga-2x2-online-s3-e03,Liga 2x2 Online S3-E03,2026-08-06,2026-08-06,2026-08,2,2,spaGZKQ5fd6hXm1YJg2Z#1,Bells,Counter Inteligence,R7VuzUKIjBTa4XXrMPH5#1,Guilherme Oliveira,,draw
liga-2x2-online-s3-e03,Liga 2x2 Online S3-E03,2026-08-06,2026-08-06,2026-08,2,2,spaGZKQ5fd6hXm1YJg2Z#1,Bells,Counter Inteligence,R7VuzUKIjBTa4XXrMPH5#2,Vicente Daye,,draw
liga-2x2-online-s3-e03,Liga 2x2 Online S3-E03,2026-08-06,2026-08-06,2026-08,2,2,spaGZKQ5fd6hXm1YJg2Z#2,Greowtty,Blast from the Past,spaGZKQ5fd6hXm1YJg2Z#1,Bells,Counter Inteligence,draw
liga-2x2-online-s3-e03,Liga 2x2 Online S3-E03,2026-08-06,2026-08-06,2026-08,2,2,spaGZKQ5fd6hXm1YJg2Z#2,Greowtty,Blast from the Past,R7VuzUKIjBTa4XXrMPH5#1,Guilherme Oliveira,,draw
liga-2x2-online-s3-e03,Liga 2x2 Online S3-E03,2026-08-06,2026-08-06,2026-08,2,2,spaGZKQ5fd6hXm1YJg2Z#2,Greowtty,Blast from the Past,R7VuzUKIjBTa4XXrMPH5#2,Vicente Daye,,draw
liga-2x2-online-s3-e03,Liga 2x2 Online S3-E03,2026-08-06,2026-08-06,2026-08,2,2,R7VuzUKIjBTa4XXrMPH5#1,Guilherme Oliveira,,spaGZKQ5fd6hXm1YJg2Z#1,Bells,Counter Inteligence,draw
liga-2x2-online-s3-e03,Liga 2x2 Online S3-E03,2026-08-06,2026-08-06,2026-08,2,2,R7VuzUKIjBTa4XXrMPH5#1,Guilherme Oliveira,,spaGZKQ5fd6hXm1YJg2Z#2,Greowtty,Blast from the Past,draw
liga-2x2-online-s3-e03,Liga 2x2 Online S3-E03,2026-08-06,2026-08-06,2026-08,2,2,R7VuzUKIjBTa4XXrMPH5#1,Guilherme Oliveira,,R7VuzUKIjBTa4XXrMPH5#2,Vicente Daye,,draw
liga-2x2-online-s3-e03,Liga 2x2 Online S3-E03,2026-08-06,2026-08-06,2026-08,2,2,R7VuzUKIjBTa4XXrMPH5#2,Vicente Daye,,spaGZKQ5fd6hXm1YJg2Z#1,Bells,Counter Inteligence,draw
liga-2x2-online-s3-e03,Liga 2x2 Online S3-E03,2026-08-06,2026-08-06,2026-08,2,2,R7VuzUKIjBTa4XXrMPH5#2,Vicente Daye,,spaGZKQ5fd6hXm1YJg2Z#2,Greowtty,Blast from the Past,draw
liga-2x2-online-s3-e03,Liga 2x2 Online S3-E03,2026-08-06,2026-08-06,2026-08,2,2,R7VuzUKIjBTa4XXrMPH5#2,Vicente Daye,,R7VuzUKIjBTa4XXrMPH5#1,Guilherme Oliveira,,draw
liga-2x2-online-s3-e03,Liga 2x2 Online S3-E03,2026-08-06,2026-08-06,2026-08,2,3,s4NJHPXyWxa03tH28ZN8#2,Carlos Spinola,,7au8fF8YACgwm9CTBIKU#2,Kukaowty,,draw
liga-2x2-online-s3-e03,Liga 2x2 Online S3-E03,2026-08-06,2026-08-06,2026-08,2,3,s4NJHPXyWxa03tH28ZN8#2,Carlos Spinola,,7au8fF8YACgwm9CTBIKU#1,Rafael Silva,,draw
liga-2x2-online-s3-e03,Liga 2x2 Online S3-E03,2026-08-06,2026-08-06,2026-08,2,3,s4NJHPXyWxa03tH28ZN8#2,Carlos Spinola,,s4NJHPXyWxa03tH28ZN8#1,Thiago Cunha,,draw
liga-2x2-online-s3-e03,Liga 2x2 Online S3-E03,2026-08-06,2026-08-06,2026-08,2,3,7au8fF8YACgwm9CTBIKU#2,Kukaowty,,s4NJHPXyWxa03tH28ZN8#2,Carlos Spinola,,draw
liga-2x2-online-s3-e03,Liga 2x2 Online S3-E03,2026-08-06,2026-08-06,2026-08,2,3,7au8fF8YACgwm9CTBIKU#2,Kukaowty,,7au8fF8YACgwm9CTBIKU#1,Rafael Silva,,draw
liga-2x2-online-s3-e03,Liga 2x2 Online S3-E03,2026-08-06,2026-08-06,2026-08,2,3,7au8fF8YACgwm9CTBIKU#2,Kukaowty,,s4NJHPXyWxa03tH28ZN8#1,Thiago Cunha,,draw
liga-2x2-online-s3-e03,Liga 2x2 Online S3-E03,2026-08-06,2026-08-06,2026-08,2,3,7au8fF8YACgwm9CTBIKU#1,Rafael Silva,,s4NJHPXyWxa03tH28ZN8#2,Carlos Spinola,,draw
liga-2x2-online-s3-e03,Liga 2x2 Online S3-E03,2026-08-06,2026-08-06,2026-08,2,3,7au8fF8YACgwm9CTBIKU#1,Rafael Silva,,7au8fF8YACgwm9CTBIKU#2,Kukaowty,,draw
liga-2x2-online-s3-e03,Liga 2x2 Online S3-E03,2026-08-06,2026-08-06,2026-08,2,3,7au8fF8YACgwm9CTBIKU#1,Rafael Silva,,s4NJHPXyWxa03tH28ZN8#1,Thiago Cunha,,draw
liga-2x2-online-s3-e03,Liga 2x2 Online S3-E03,2026-08-06,2026-08-06,2026-08,2,3,s4NJHPXyWxa03tH28ZN8#1,Thiago Cunha,,s4NJHPXyWxa03tH28ZN8#2,Carlos Spinola,,draw
liga-2x2-online-s3-e03,Liga 2x2 Online S3-E03,2026-08-06,2026-08-06,2026-08,2,3,s4NJHPXyWxa03tH28ZN8#1,Thiago Cunha,,7au8fF8YACgwm9CTBIKU#2,Kukaowty,,draw
liga-2x2-online-s3-e03,Liga 2x2 Online S3-E03,2026-08-06,2026-08-06,2026-08,2,3,s4NJHPXyWxa03tH28ZN8#1,Thiago Cunha,,7au8fF8YACgwm9CTBIKU#1,Rafael Silva,,draw
liga-2x2-online-s3-e03,Liga 2x2 Online S3-E03,2026-08-06,2026-08-06,2026-08,3,1,R7VuzUKIjBTa4XXrMPH5#1,Guilherme Oliveira,,Jx1185OjNTYQHcQpf2Ou#1,Reva,,lose
liga-2x2-online-s3-e03,Liga 2x2 Online S3-E03,2026-08-06,2026-08-06,2026-08,3,1,R7VuzUKIjBTa4XXrMPH5#1,Guilherme Oliveira,,Jx1185OjNTYQHcQpf2Ou#2,Vande,,lose
liga-2x2-online-s3-e03,Liga 2x2 Online S3-E03,2026-08-06,2026-08-06,2026-08,3,1,R7VuzUKIjBTa4XXrMPH5#1,Guilherme Oliveira,,R7VuzUKIjBTa4XXrMPH5#2,Vicente Daye,,lose
liga-2x2-online-s3-e03,Liga 2x2 Online S3-E03,2026-08-06,2026-08-06,2026-08,3,1,Jx1185OjNTYQHcQpf2Ou#1,Reva,,R7VuzUKIjBTa4XXrMPH5#1,Guilherme Oliveira,,win
liga-2x2-online-s3-e03,Liga 2x2 Online S3-E03,2026-08-06,2026-08-06,2026-08,3,1,Jx1185OjNTYQHcQpf2Ou#1,Reva,,Jx1185OjNTYQHcQpf2Ou#2,Vande,,win
liga-2x2-online-s3-e03,Liga 2x2 Online S3-E03,2026-08-06,2026-08-06,2026-08,3,1,Jx1185OjNTYQHcQpf2Ou#1,Reva,,R7VuzUKIjBTa4XXrMPH5#2,Vicente Daye,,win
liga-2x2-online-s3-e03,Liga 2x2 Online S3-E03,2026-08-06,2026-08-06,2026-08,3,1,Jx1185OjNTYQHcQpf2Ou#2,Vande,,R7VuzUKIjBTa4XXrMPH5#1,Guilherme Oliveira,,win
liga-2x2-online-s3-e03,Liga 2x2 Online S3-E03,2026-08-06,2026-08-06,2026-08,3,1,Jx1185OjNTYQHcQpf2Ou#2,Vande,,Jx1185OjNTYQHcQpf2Ou#1,Reva,,win
liga-2x2-online-s3-e03,Liga 2x2 Online S3-E03,2026-08-06,2026-08-06,2026-08,3,1,Jx1185OjNTYQHcQpf2Ou#2,Vande,,R7VuzUKIjBTa4XXrMPH5#2,Vicente Daye,,win
liga-2x2-online-s3-e03,Liga 2x2 Online S3-E03,2026-08-06,2026-08-06,2026-08,3,1,R7VuzUKIjBTa4XXrMPH5#2,Vicente Daye,,R7VuzUKIjBTa4XXrMPH5#1,Guilherme Oliveira,,lose
liga-2x2-online-s3-e03,Liga 2x2 Online S3-E03,2026-08-06,2026-08-06,2026-08,3,1,R7VuzUKIjBTa4XXrMPH5#2,Vicente Daye,,Jx1185OjNTYQHcQpf2Ou#1,Reva,,lose
liga-2x2-online-s3-e03,Liga 2x2 Online S3-E03,2026-08-06,2026-08-06,2026-08,3,1,R7VuzUKIjBTa4XXrMPH5#2,Vicente Daye,,Jx1185OjNTYQHcQpf2Ou#2,Vande,,lose
liga-2x2-online-s3-e03,Liga 2x2 Online S3-E03,2026-08-06,2026-08-06,2026-08,3,2,sgf7wv70ODbHhDEaGBxE#1,Felipe,,7au8fF8YACgwm9CTBIKU#2,Kukaowty,,lose
liga-2x2-online-s3-e03,Liga 2x2 Online S3-E03,2026-08-06,2026-08-06,2026-08,3,2,sgf7wv70ODbHhDEaGBxE#1,Felipe,,sgf7wv70ODbHhDEaGBxE#2,Pinho,,lose
liga-2x2-online-s3-e03,Liga 2x2 Online S3-E03,2026-08-06,2026-08-06,2026-08,3,2,sgf7wv70ODbHhDEaGBxE#1,Felipe,,7au8fF8YACgwm9CTBIKU#1,Rafael Silva,,lose
liga-2x2-online-s3-e03,Liga 2x2 Online S3-E03,2026-08-06,2026-08-06,2026-08,3,2,7au8fF8YACgwm9CTBIKU#2,Kukaowty,,sgf7wv70ODbHhDEaGBxE#1,Felipe,,win
liga-2x2-online-s3-e03,Liga 2x2 Online S3-E03,2026-08-06,2026-08-06,2026-08,3,2,7au8fF8YACgwm9CTBIKU#2,Kukaowty,,sgf7wv70ODbHhDEaGBxE#2,Pinho,,win
liga-2x2-online-s3-e03,Liga 2x2 Online S3-E03,2026-08-06,2026-08-06,2026-08,3,2,7au8fF8YACgwm9CTBIKU#2,Kukaowty,,7au8fF8YACgwm9CTBIKU#1,Rafael Silva,,win
liga-2x2-online-s3-e03,Liga 2x2 Online S3-E03,2026-08-06,2026-08-06,2026-08,3,2,sgf7wv70ODbHhDEaGBxE#2,Pinho,,sgf7wv70ODbHhDEaGBxE#1,Felipe,,lose
liga-2x2-online-s3-e03,Liga 2x2 Online S3-E03,2026-08-06,2026-08-06,2026-08,3,2,sgf7wv70ODbHhDEaGBxE#2,Pinho,,7au8fF8YACgwm9CTBIKU#2,Kukaowty,,lose
liga-2x2-online-s3-e03,Liga 2x2 Online S3-E03,2026-08-06,2026-08-06,2026-08,3,2,sgf7wv70ODbHhDEaGBxE#2,Pinho,,7au8fF8YACgwm9CTBIKU#1,Rafael Silva,,lose
liga-2x2-online-s3-e03,Liga 2x2 Online S3-E03,2026-08-06,2026-08-06,2026-08,3,2,7au8fF8YACgwm9CTBIKU#1,Rafael Silva,,sgf7wv70ODbHhDEaGBxE#1,Felipe,,win
liga-2x2-online-s3-e03,Liga 2x2 Online S3-E03,2026-08-06,2026-08-06,2026-08,3,2,7au8fF8YACgwm9CTBIKU#1,Rafael Silva,,7au8fF8YACgwm9CTBIKU#2,Kukaowty,,win
liga-2x2-online-s3-e03,Liga 2x2 Online S3-E03,2026-08-06,2026-08-06,2026-08,3,2,7au8fF8YACgwm9CTBIKU#1,Rafael Silva,,sgf7wv70ODbHhDEaGBxE#2,Pinho,,win
liga-2x2-online-s3-e03,Liga 2x2 Online S3-E03,2026-08-06,2026-08-06,2026-08,3,3,spaGZKQ5fd6hXm1YJg2Z#1,Bells,Counter Inteligence,s4NJHPXyWxa03tH28ZN8#2,Carlos Spinola,,lose
liga-2x2-online-s3-e03,Liga 2x2 Online S3-E03,2026-08-06,2026-08-06,2026-08,3,3,spaGZKQ5fd6hXm1YJg2Z#1,Bells,Counter Inteligence,spaGZKQ5fd6hXm1YJg2Z#2,Greowtty,Blast from the Past,lose
liga-2x2-online-s3-e03,Liga 2x2 Online S3-E03,2026-08-06,2026-08-06,2026-08,3,3,spaGZKQ5fd6hXm1YJg2Z#1,Bells,Counter Inteligence,s4NJHPXyWxa03tH28ZN8#1,Thiago Cunha,,lose
liga-2x2-online-s3-e03,Liga 2x2 Online S3-E03,2026-08-06,2026-08-06,2026-08,3,3,s4NJHPXyWxa03tH28ZN8#2,Carlos Spinola,,spaGZKQ5fd6hXm1YJg2Z#1,Bells,Counter Inteligence,win
liga-2x2-online-s3-e03,Liga 2x2 Online S3-E03,2026-08-06,2026-08-06,2026-08,3,3,s4NJHPXyWxa03tH28ZN8#2,Carlos Spinola,,spaGZKQ5fd6hXm1YJg2Z#2,Greowtty,Blast from the Past,win
liga-2x2-online-s3-e03,Liga 2x2 Online S3-E03,2026-08-06,2026-08-06,2026-08,3,3,s4NJHPXyWxa03tH28ZN8#2,Carlos Spinola,,s4NJHPXyWxa03tH28ZN8#1,Thiago Cunha,,win
liga-2x2-online-s3-e03,Liga 2x2 Online S3-E03,2026-08-06,2026-08-06,2026-08,3,3,spaGZKQ5fd6hXm1YJg2Z#2,Greowtty,Blast from the Past,spaGZKQ5fd6hXm1YJg2Z#1,Bells,Counter Inteligence,lose
liga-2x2-online-s3-e03,Liga 2x2 Online S3-E03,2026-08-06,2026-08-06,2026-08,3,3,spaGZKQ5fd6hXm1YJg2Z#2,Greowtty,Blast from the Past,s4NJHPXyWxa03tH28ZN8#2,Carlos Spinola,,lose
liga-2x2-online-s3-e03,Liga 2x2 Online S3-E03,2026-08-06,2026-08-06,2026-08,3,3,spaGZKQ5fd6hXm1YJg2Z#2,Greowtty,Blast from the Past,s4NJHPXyWxa03tH28ZN8#1,Thiago Cunha,,lose
liga-2x2-online-s3-e03,Liga 2x2 Online S3-E03,2026-08-06,2026-08-06,2026-08,3,3,s4NJHPXyWxa03tH28ZN8#1,Thiago Cunha,,spaGZKQ5fd6hXm1YJg2Z#1,Bells,Counter Inteligence,win
liga-2x2-online-s3-e03,Liga 2x2 Online S3-E03,2026-08-06,2026-08-06,2026-08,3,3,s4NJHPXyWxa03tH28ZN8#1,Thiago Cunha,,s4NJHPXyWxa03tH28ZN8#2,Carlos Spinola,,win
liga-2x2-online-s3-e03,Liga 2x2 Online S3-E03,2026-08-06,2026-08-06,2026-08,3,3,s4NJHPXyWxa03tH28ZN8#1,Thiago Cunha,,spaGZKQ5fd6hXm1YJg2Z#2,Greowtty,Blast from the Past,win
liga-2x2-online-s3-e04,Liga 2x2 Online S3-E04,2026-08-20,2026-08-20,2026-08,1,1,7QhUhrJzq2NrSOsN4zwY#1,Bell,Virtude e Valor,7QhUhrJzq2NrSOsN4zwY#2,Greowtty,Encantamento Adaptativo,lose
liga-2x2-online-s3-e04,Liga 2x2 Online S3-E04,2026-08-20,2026-08-20,2026-08,1,1,7QhUhrJzq2NrSOsN4zwY#1,Bell,Virtude e Valor,P7mv2ycdsBIS4GKTexK5#1,Reva,Jeskai Striker,lose
liga-2x2-online-s3-e04,Liga 2x2 Online S3-E04,2026-08-20,2026-08-20,2026-08,1,1,7QhUhrJzq2NrSOsN4zwY#1,Bell,Virtude e Valor,P7mv2ycdsBIS4GKTexK5#2,Vande,Endless Punishment,lose
liga-2x2-online-s3-e04,Liga 2x2 Online S3-E04,2026-08-20,2026-08-20,2026-08,1,1,7QhUhrJzq2NrSOsN4zwY#2,Greowtty,Encantamento Adaptativo,7QhUhrJzq2NrSOsN4zwY#1,Bell,Virtude e Valor,lose
liga-2x2-online-s3-e04,Liga 2x2 Online S3-E04,2026-08-20,2026-08-20,2026-08,1,1,7QhUhrJzq2NrSOsN4zwY#2,Greowtty,Encantamento Adaptativo,P7mv2ycdsBIS4GKTexK5#1,Reva,Jeskai Striker,lose
liga-2x2-online-s3-e04,Liga 2x2 Online S3-E04,2026-08-20,2026-08-20,2026-08,1,1,7QhUhrJzq2NrSOsN4zwY#2,Greowtty,Encantamento Adaptativo,P7mv2ycdsBIS4GKTexK5#2,Vande,Endless Punishment,lose
liga-2x2-online-s3-e04,Liga 2x2 Online S3-E04,2026-08-20,2026-08-20,2026-08,1,1,P7mv2ycdsBIS4GKTexK5#1,Reva,Jeskai Striker,7QhUhrJzq2NrSOsN4zwY#1,Bell,Virtude e Valor,win
liga-2x2-online-s3-e04,Liga 2x2 Online S3-E04,2026-08-20,2026-08-20,2026-08,1,1,P7mv2ycdsBIS4GKTexK5#1,Reva,Jeskai Striker,7QhUhrJzq2NrSOsN4zwY#2,Greowtty,Encantamento Adaptativo,win
liga-2x2-online-s3-e04,Liga 2x2 Online S3-E04,2026-08-20,2026-08-20,2026-08,1,1,P7mv2ycdsBIS4GKTexK5#1,Reva,Jeskai Striker,P7mv2ycdsBIS4GKTexK5#2,Vande,Endless Punishment,win
liga-2x2-online-s3-e04,Liga 2x2 Online S3-E04,2026-08-20,2026-08-20,2026-08,1,1,P7mv2ycdsBIS4GKTexK5#2,Vande,Endless Punishment,7QhUhrJzq2NrSOsN4zwY#1,Bell,Virtude e Valor,win
liga-2x2-online-s3-e04,Liga 2x2 Online S3-E04,2026-08-20,2026-08-20,2026-08,1,1,P7mv2ycdsBIS4GKTexK5#2,Vande,Endless Punishment,7QhUhrJzq2NrSOsN4zwY#2,Greowtty,Encantamento Adaptativo,win
liga-2x2-online-s3-e04,Liga 2x2 Online S3-E04,2026-08-20,2026-08-20,2026-08,1,1,P7mv2ycdsBIS4GKTexK5#2,Vande,Endless Punishment,P7mv2ycdsBIS4GKTexK5#1,Reva,Jeskai Striker,win
liga-2x2-online-s3-e04,Liga 2x2 Online S3-E04,2026-08-20,2026-08-20,2026-08,1,2,0o3tmgg05DEjAc08hU9J#2,Chueiry,Family Matters,7dBYiv9yOSHMOh9lbAnx#2,Martin,Jeskai Striker,lose
liga-2x2-online-s3-e04,Liga 2x2 Online S3-E04,2026-08-20,2026-08-20,2026-08,1,2,0o3tmgg05DEjAc08hU9J#2,Chueiry,Family Matters,0o3tmgg05DEjAc08hU9J#1,Metusa,Massacre dos Maestros,lose
liga-2x2-online-s3-e04,Liga 2x2 Online S3-E04,2026-08-20,2026-08-20,2026-08,1,2,0o3tmgg05DEjAc08hU9J#2,Chueiry,Family Matters,7dBYiv9yOSHMOh9lbAnx#1,Romano,Silverquill Influence,lose
liga-2x2-online-s3-e04,Liga 2x2 Online S3-E04,2026-08-20,2026-08-20,2026-08,1,2,7dBYiv9yOSHMOh9lbAnx#2,Martin,Jeskai Striker,0o3tmgg05DEjAc08hU9J#2,Chueiry,Family Matters,win
liga-2x2-online-s3-e04,Liga 2x2 Online S3-E04,2026-08-20,2026-08-20,2026-08,1,2,7dBYiv9yOSHMOh9lbAnx#2,Martin,Jeskai Striker,0o3tmgg05DEjAc08hU9J#1,Metusa,Massacre dos Maestros,win
liga-2x2-online-s3-e04,Liga 2x2 Online S3-E04,2026-08-20,2026-08-20,2026-08,1,2,7dBYiv9yOSHMOh9lbAnx#2,Martin,Jeskai Striker,7dBYiv9yOSHMOh9lbAnx#1,Romano,Silverquill Influence,win
liga-2x2-online-s3-e04,Liga 2x2 Online S3-E04,2026-08-20,2026-08-20,2026-08,1,2,0o3tmgg05DEjAc08hU9J#1,Metusa,Massacre dos Maestros,0o3tmgg05DEjAc08hU9J#2,Chueiry,Family Matters,lose
liga-2x2-online-s3-e04,Liga 2x2 Online S3-E04,2026-08-20,2026-08-20,2026-08,1,2,0o3tmgg05DEjAc08hU9J#1,Metusa,Massacre dos Maestros,7dBYiv9yOSHMOh9lbAnx#2,Martin,Jeskai Striker,lose
liga-2x2-online-s3-e04,Liga 2x2 Online S3-E04,2026-08-20,2026-08-20,2026-08,1,2,0o3tmgg05DEjAc08hU9J#1,Metusa,Massacre dos Maestros,7dBYiv9yOSHMOh9lbAnx#1,Romano,Silverquill Influence,lose
liga-2x2-online-s3-e04,Liga 2x2 Online S3-E04,2026-08-20,2026-08-20,2026-08,1,2,7dBYiv9yOSHMOh9lbAnx#1,Romano,Silverquill Influence,0o3tmgg05DEjAc08hU9J#2,Chueiry,Family Matters,win
liga-2x2-online-s3-e04,Liga 2x2 Online S3-E04,2026-08-20,2026-08-20,2026-08,1,2,7dBYiv9yOSHMOh9lbAnx#1,Romano,Silverquill Influence,7dBYiv9yOSHMOh9lbAnx#2,Martin,Jeskai Striker,win
liga-2x2-online-s3-e04,Liga 2x2 Online S3-E04,2026-08-20,2026-08-20,2026-08,1,2,7dBYiv9yOSHMOh9lbAnx#1,Romano,Silverquill Influence,0o3tmgg05DEjAc08hU9J#1,Metusa,Massacre dos Maestros,win
liga-2x2-online-s3-e04,Liga 2x2 Online S3-E04,2026-08-20,2026-08-20,2026-08,2,1,7dBYiv9yOSHMOh9lbAnx#2,Martin,Jeskai Striker,P7mv2ycdsBIS4GKTexK5#1,Reva,Jeskai Striker,lose
liga-2x2-online-s3-e04,Liga 2x2 Online S3-E04,2026-08-20,2026-08-20,2026-08,2,1,7dBYiv9yOSHMOh9lbAnx#2,Martin,Jeskai Striker,7dBYiv9yOSHMOh9lbAnx#1,Romano,Silverquill Influence,lose
liga-2x2-online-s3-e04,Liga 2x2 Online S3-E04,2026-08-20,2026-08-20,2026-08,2,1,7dBYiv9yOSHMOh9lbAnx#2,Martin,Jeskai Striker,P7mv2ycdsBIS4GKTexK5#2,Vande,Endless Punishment,lose
liga-2x2-online-s3-e04,Liga 2x2 Online S3-E04,2026-08-20,2026-08-20,2026-08,2,1,P7mv2ycdsBIS4GKTexK5#1,Reva,Jeskai Striker,7dBYiv9yOSHMOh9lbAnx#2,Martin,Jeskai Striker,win
liga-2x2-online-s3-e04,Liga 2x2 Online S3-E04,2026-08-20,2026-08-20,2026-08,2,1,P7mv2ycdsBIS4GKTexK5#1,Reva,Jeskai Striker,7dBYiv9yOSHMOh9lbAnx#1,Romano,Silverquill Influence,win
liga-2x2-online-s3-e04,Liga 2x2 Online S3-E04,2026-08-20,2026-08-20,2026-08,2,1,P7mv2ycdsBIS4GKTexK5#1,Reva,Jeskai Striker,P7mv2ycdsBIS4GKTexK5#2,Vande,Endless Punishment,win
liga-2x2-online-s3-e04,Liga 2x2 Online S3-E04,2026-08-20,2026-08-20,2026-08,2,1,7dBYiv9yOSHMOh9lbAnx#1,Romano,Silverquill Influence,7dBYiv9yOSHMOh9lbAnx#2,Martin,Jeskai Striker,lose
liga-2x2-online-s3-e04,Liga 2x2 Online S3-E04,2026-08-20,2026-08-20,2026-08,2,1,7dBYiv9yOSHMOh9lbAnx#1,Romano,Silverquill Influence,P7mv2ycdsBIS4GKTexK5#1,Reva,Jeskai Striker,lose
liga-2x2-online-s3-e04,Liga 2x2 Online S3-E04,2026-08-20,2026-08-20,2026-08,2,1,7dBYiv9yOSHMOh9lbAnx#1,Romano,Silverquill Influence,P7mv2ycdsBIS4GKTexK5#2,Vande,Endless Punishment,lose
liga-2x2-online-s3-e04,Liga 2x2 Online S3-E04,2026-08-20,2026-08-20,2026-08,2,1,P7mv2ycdsBIS4GKTexK5#2,Vande,Endless Punishment,7dBYiv9yOSHMOh9lbAnx#2,Martin,Jeskai Striker,win
liga-2x2-online-s3-e04,Liga 2x2 Online S3-E04,2026-08-20,2026-08-20,2026-08,2,1,P7mv2ycdsBIS4GKTexK5#2,Vande,Endless Punishment,P7mv2ycdsBIS4GKTexK5#1,Reva,Jeskai Striker,win
liga-2x2-online-s3-e04,Liga 2x2 Online S3-E04,2026-08-20,2026-08-20,2026-08,2,1,P7mv2ycdsBIS4GKTexK5#2,Vande,Endless Punishment,7dBYiv9yOSHMOh9lbAnx#1,Romano,Silverquill Influence,win
liga-2x2-online-s3-e04,Liga 2x2 Online S3-E04,2026-08-20,2026-08-20,2026-08,2,2,7QhUhrJzq2NrSOsN4zwY#1,Bell,Virtude e Valor,0o3tmgg05DEjAc08hU9J#2,Chueiry,Family Matters,lose
liga-2x2-online-s3-e04,Liga 2x2 Online S3-E04,2026-08-20,2026-08-20,2026-08,2,2,7QhUhrJzq2NrSOsN4zwY#1,Bell,Virtude e Valor,7QhUhrJzq2NrSOsN4zwY#2,Greowtty,Encantamento Adaptativo,lose
liga-2x2-online-s3-e04,Liga 2x2 Online S3-E04,2026-08-20,2026-08-20,2026-08,2,2,7QhUhrJzq2NrSOsN4zwY#1,Bell,Virtude e Valor,0o3tmgg05DEjAc08hU9J#1,Metusa,Massacre dos Maestros,lose
liga-2x2-online-s3-e04,Liga 2x2 Online S3-E04,2026-08-20,2026-08-20,2026-08,2,2,0o3tmgg05DEjAc08hU9J#2,Chueiry,Family Matters,7QhUhrJzq2NrSOsN4zwY#1,Bell,Virtude e Valor,win
liga-2x2-online-s3-e04,Liga 2x2 Online S3-E04,2026-08-20,2026-08-20,2026-08,2,2,0o3tmgg05DEjAc08hU9J#2,Chueiry,Family Matters,7QhUhrJzq2NrSOsN4zwY#2,Greowtty,Encantamento Adaptativo,win
liga-2x2-online-s3-e04,Liga 2x2 Online S3-E04,2026-08-20,2026-08-20,2026-08,2,2,0o3tmgg05DEjAc08hU9J#2,Chueiry,Family Matters,0o3tmgg05DEjAc08hU9J#1,Metusa,Massacre dos Maestros,win
liga-2x2-online-s3-e04,Liga 2x2 Online S3-E04,2026-08-20,2026-08-20,2026-08,2,2,7QhUhrJzq2NrSOsN4zwY#2,Greowtty,Encantamento Adaptativo,7QhUhrJzq2NrSOsN4zwY#1,Bell,Virtude e Valor,lose
liga-2x2-online-s3-e04,Liga 2x2 Online S3-E04,2026-08-20,2026-08-20,2026-08,2,2,7QhUhrJzq2NrSOsN4zwY#2,Greowtty,Encantamento Adaptativo,0o3tmgg05DEjAc08hU9J#2,Chueiry,Family Matters,lose
liga-2x2-online-s3-e04,Liga 2x2 Online S3-E04,2026-08-20,2026-08-20,2026-08,2,2,7QhUhrJzq2NrSOsN4zwY#2,Greowtty,Encantamento Adaptativo,0o3tmgg05DEjAc08hU9J#1,Metusa,Massacre dos Maestros,lose
liga-2x2-online-s3-e04,Liga 2x2 Online S3-E04,2026-08-20,2026-08-20,2026-08,2,2,0o3tmgg05DEjAc08hU9J#1,Metusa,Massacre dos Maestros,7QhUhrJzq2NrSOsN4zwY#1,Bell,Virtude e Valor,win
liga-2x2-online-s3-e04,Liga 2x2 Online S3-E04,2026-08-20,2026-08-20,2026-08,2,2,0o3tmgg05DEjAc08hU9J#1,Metusa,Massacre dos Maestros,0o3tmgg05DEjAc08hU9J#2,Chueiry,Family Matters,win
liga-2x2-online-s3-e04,Liga 2x2 Online S3-E04,2026-08-20,2026-08-20,2026-08,2,2,0o3tmgg05DEjAc08hU9J#1,Metusa,Massacre dos Maestros,7QhUhrJzq2NrSOsN4zwY#2,Greowtty,Encantamento Adaptativo,win
liga-2x2-online-s3-e04,Liga 2x2 Online S3-E04,2026-08-20,2026-08-20,2026-08,3,1,0o3tmgg05DEjAc08hU9J#2,Chueiry,Family Matters,0o3tmgg05DEjAc08hU9J#1,Metusa,Massacre dos Maestros,lose
liga-2x2-online-s3-e04,Liga 2x2 Online S3-E04,2026-08-20,2026-08-20,2026-08,3,1,0o3tmgg05DEjAc08hU9J#2,Chueiry,Family Matters,P7mv2ycdsBIS4GKTexK5#1,Reva,Jeskai Striker,lose
liga-2x2-online-s3-e04,Liga 2x2 Online S3-E04,2026-08-20,2026-08-20,2026-08,3,1,0o3tmgg05DEjAc08hU9J#2,Chueiry,Family Matters,P7mv2ycdsBIS4GKTexK5#2,Vande,Endless Punishment,lose
liga-2x2-online-s3-e04,Liga 2x2 Online S3-E04,2026-08-20,2026-08-20,2026-08,3,1,0o3tmgg05DEjAc08hU9J#1,Metusa,Massacre dos Maestros,0o3tmgg05DEjAc08hU9J#2,Chueiry,Family Matters,lose
liga-2x2-online-s3-e04,Liga 2x2 Online S3-E04,2026-08-20,2026-08-20,2026-08,3,1,0o3tmgg05DEjAc08hU9J#1,Metusa,Massacre dos Maestros,P7mv2ycdsBIS4GKTexK5#1,Reva,Jeskai Striker,lose
liga-2x2-online-s3-e04,Liga 2x2 Online S3-E04,2026-08-20,2026-08-20,2026-08,3,1,0o3tmgg05DEjAc08hU9J#1,Metusa,Massacre dos Maestros,P7mv2ycdsBIS4GKTexK5#2,Vande,Endless Punishment,lose
liga-2x2-online-s3-e04,Liga 2x2 Online S3-E04,2026-08-20,2026-08-20,2026-08,3,1,P7mv2ycdsBIS4GKTexK5#1,Reva,Jeskai Striker,0o3tmgg05DEjAc08hU9J#2,Chueiry,Family Matters,win
liga-2x2-online-s3-e04,Liga 2x2 Online S3-E04,2026-08-20,2026-08-20,2026-08,3,1,P7mv2ycdsBIS4GKTexK5#1,Reva,Jeskai Striker,0o3tmgg05DEjAc08hU9J#1,Metusa,Massacre dos Maestros,win
liga-2x2-online-s3-e04,Liga 2x2 Online S3-E04,2026-08-20,2026-08-20,2026-08,3,1,P7mv2ycdsBIS4GKTexK5#1,Reva,Jeskai Striker,P7mv2ycdsBIS4GKTexK5#2,Vande,Endless Punishment,win
liga-2x2-online-s3-e04,Liga 2x2 Online S3-E04,2026-08-20,2026-08-20,2026-08,3,1,P7mv2ycdsBIS4GKTexK5#2,Vande,Endless Punishment,0o3tmgg05DEjAc08hU9J#2,Chueiry,Family Matters,win
liga-2x2-online-s3-e04,Liga 2x2 Online S3-E04,2026-08-20,2026-08-20,2026-08,3,1,P7mv2ycdsBIS4GKTexK5#2,Vande,Endless Punishment,0o3tmgg05DEjAc08hU9J#1,Metusa,Massacre dos Maestros,win
liga-2x2-online-s3-e04,Liga 2x2 Online S3-E04,2026-08-20,2026-08-20,2026-08,3,1,P7mv2ycdsBIS4GKTexK5#2,Vande,Endless Punishment,P7mv2ycdsBIS4GKTexK5#1,Reva,Jeskai Striker,win
liga-2x2-online-s3-e04,Liga 2x2 Online S3-E04,2026-08-20,2026-08-20,2026-08,3,2,7QhUhrJzq2NrSOsN4zwY#1,Bell,Virtude e Valor,7QhUhrJzq2NrSOsN4zwY#2,Greowtty,Encantamento Adaptativo,lose
liga-2x2-online-s3-e04,Liga 2x2 Online S3-E04,2026-08-20,2026-08-20,2026-08,3,2,7QhUhrJzq2NrSOsN4zwY#1,Bell,Virtude e Valor,7dBYiv9yOSHMOh9lbAnx#2,Martin,Jeskai Striker,lose
liga-2x2-online-s3-e04,Liga 2x2 Online S3-E04,2026-08-20,2026-08-20,2026-08,3,2,7QhUhrJzq2NrSOsN4zwY#1,Bell,Virtude e Valor,7dBYiv9yOSHMOh9lbAnx#1,Romano,Silverquill Influence,lose
liga-2x2-online-s3-e04,Liga 2x2 Online S3-E04,2026-08-20,2026-08-20,2026-08,3,2,7QhUhrJzq2NrSOsN4zwY#2,Greowtty,Encantamento Adaptativo,7QhUhrJzq2NrSOsN4zwY#1,Bell,Virtude e Valor,lose
liga-2x2-online-s3-e04,Liga 2x2 Online S3-E04,2026-08-20,2026-08-20,2026-08,3,2,7QhUhrJzq2NrSOsN4zwY#2,Greowtty,Encantamento Adaptativo,7dBYiv9yOSHMOh9lbAnx#2,Martin,Jeskai Striker,lose
liga-2x2-online-s3-e04,Liga 2x2 Online S3-E04,2026-08-20,2026-08-20,2026-08,3,2,7QhUhrJzq2NrSOsN4zwY#2,Greowtty,Encantamento Adaptativo,7dBYiv9yOSHMOh9lbAnx#1,Romano,Silverquill Influence,lose
liga-2x2-online-s3-e04,Liga 2x2 Online S3-E04,2026-08-20,2026-08-20,2026-08,3,2,7dBYiv9yOSHMOh9lbAnx#2,Martin,Jeskai Striker,7QhUhrJzq2NrSOsN4zwY#1,Bell,Virtude e Valor,win
liga-2x2-online-s3-e04,Liga 2x2 Online S3-E04,2026-08-20,2026-08-20,2026-08,3,2,7dBYiv9yOSHMOh9lbAnx#2,Martin,Jeskai Striker,7QhUhrJzq2NrSOsN4zwY#2,Greowtty,Encantamento Adaptativo,win
liga-2x2-online-s3-e04,Liga 2x2 Online S3-E04,2026-08-20,2026-08-20,2026-08,3,2,7dBYiv9yOSHMOh9lbAnx#2,Martin,Jeskai Striker,7dBYiv9yOSHMOh9lbAnx#1,Romano,Silverquill Influence,win
liga-2x2-online-s3-e04,Liga 2x2 Online S3-E04,2026-08-20,2026-08-20,2026-08,3,2,7dBYiv9yOSHMOh9lbAnx#1,Romano,Silverquill Influence,7QhUhrJzq2NrSOsN4zwY#1,Bell,Virtude e Valor,win
liga-2x2-online-s3-e04,Liga 2x2 Online S3-E04,2026-08-20,2026-08-20,2026-08,3,2,7dBYiv9yOSHMOh9lbAnx#1,Romano,Silverquill Influence,7QhUhrJzq2NrSOsN4zwY#2,Greowtty,Encantamento Adaptativo,win
liga-2x2-online-s3-e04,Liga 2x2 Online S3-E04,2026-08-20,2026-08-20,2026-08,3,2,7dBYiv9yOSHMOh9lbAnx#1,Romano,Silverquill Influence,7dBYiv9yOSHMOh9lbAnx#2,Martin,Jeskai Striker,win
liga-2x2-online-s3-e05,Liga 2x2 Online S3-E05,2026-09-03,2026-09-03,2026-09,1,1,bdINJzFvkj3CmKLPAX07#2,Carlos Spinola,Devorarrrdores de Mentes,6GG2e1gv1mfcHq5wQZnv#1,Reva,Jeskai Striker,lose
liga-2x2-online-s3-e05,Liga 2x2 Online S3-E05,2026-09-03,2026-09-03,2026-09,1,1,bdINJzFvkj3CmKLPAX07#2,Carlos Spinola,Devorarrrdores de Mentes,bdINJzFvkj3CmKLPAX07#1,Thiago Cunha,Ataque Surpresa,lose
liga-2x2-online-s3-e05,Liga 2x2 Online S3-E05,2026-09-03,2026-09-03,2026-09,1,1,bdINJzFvkj3CmKLPAX07#2,Carlos Spinola,Devorarrrdores de Mentes,6GG2e1gv1mfcHq5wQZnv#2,Vande,Witherbloom Pestilence,lose
liga-2x2-online-s3-e05,Liga 2x2 Online S3-E05,2026-09-03,2026-09-03,2026-09,1,1,6GG2e1gv1mfcHq5wQZnv#1,Reva,Jeskai Striker,bdINJzFvkj3CmKLPAX07#2,Carlos Spinola,Devorarrrdores de Mentes,win
liga-2x2-online-s3-e05,Liga 2x2 Online S3-E05,2026-09-03,2026-09-03,2026-09,1,1,6GG2e1gv1mfcHq5wQZnv#1,Reva,Jeskai Striker,bdINJzFvkj3CmKLPAX07#1,Thiago Cunha,Ataque Surpresa,win
liga-2x2-online-s3-e05,Liga 2x2 Online S3-E05,2026-09-03,2026-09-03,2026-09,1,1,6GG2e1gv1mfcHq5wQZnv#1,Reva,Jeskai Striker,6GG2e1gv1mfcHq5wQZnv#2,Vande,Witherbloom Pestilence,win
liga-2x2-online-s3-e05,Liga 2x2 Online S3-E05,2026-09-03,2026-09-03,2026-09,1,1,bdINJzFvkj3CmKLPAX07#1,Thiago Cunha,Ataque Surpresa,bdINJzFvkj3CmKLPAX07#2,Carlos Spinola,Devorarrrdores de Mentes,lose
liga-2x2-online-s3-e05,Liga 2x2 Online S3-E05,2026-09-03,2026-09-03,2026-09,1,1,bdINJzFvkj3CmKLPAX07#1,Thiago Cunha,Ataque Surpresa,6GG2e1gv1mfcHq5wQZnv#1,Reva,Jeskai Striker,lose
liga-2x2-online-s3-e05,Liga 2x2 Online S3-E05,2026-09-03,2026-09-03,2026-09,1,1,bdINJzFvkj3CmKLPAX07#1,Thiago Cunha,Ataque Surpresa,6GG2e1gv1mfcHq5wQZnv#2,Vande,Witherbloom Pestilence,lose
liga-2x2-online-s3-e05,Liga 2x2 Online S3-E05,2026-09-03,2026-09-03,2026-09,1,1,6GG2e1gv1mfcHq5wQZnv#2,Vande,Witherbloom Pestilence,bdINJzFvkj3CmKLPAX07#2,Carlos Spinola,Devorarrrdores de Mentes,win
liga-2x2-online-s3-e05,Liga 2x2 Online S3-E05,2026-09-03,2026-09-03,2026-09,1,1,6GG2e1gv1mfcHq5wQZnv#2,Vande,Witherbloom Pestilence,6GG2e1gv1mfcHq5wQZnv#1,Reva,Jeskai Striker,win
liga-2x2-online-s3-e05,Liga 2x2 Online S3-E05,2026-09-03,2026-09-03,2026-09,1,1,6GG2e1gv1mfcHq5wQZnv#2,Vande,Witherbloom Pestilence,bdINJzFvkj3CmKLPAX07#1,Thiago Cunha,Ataque Surpresa,win
liga-2x2-online-s3-e05,Liga 2x2 Online S3-E05,2026-09-03,2026-09-03,2026-09,1,2,FyEfRdq31ENZMkjpBRkM#2,Arthur Sartori,Family Matters,zlclkm2uSTX42W2tXhGY#1,Felipe,Exploradores das Profundezas,lose
liga-2x2-online-s3-e05,Liga 2x2 Online S3-E05,2026-09-03,2026-09-03,2026-09,1,2,FyEfRdq31ENZMkjpBRkM#2,Arthur Sartori,Family Matters,FyEfRdq31ENZMkjpBRkM#1,Marcos Sartori,Animated Army,lose
liga-2x2-online-s3-e05,Liga 2x2 Online S3-E05,2026-09-03,2026-09-03,2026-09,1,2,FyEfRdq31ENZMkjpBRkM#2,Arthur Sartori,Family Matters,zlclkm2uSTX42W2tXhGY#2,Pinho,Counter Blitz,lose
liga-2x2-online-s3-e05,Liga 2x2 Online S3-E05,2026-09-03,2026-09-03,2026-09,1,2,zlclkm2uSTX42W2tXhGY#1,Felipe,Exploradores das Profundezas,FyEfRdq31ENZMkjpBRkM#2,Arthur Sartori,Family Matters,win
liga-2x2-online-s3-e05,Liga 2x2 Online S3-E05,2026-09-03,2026-09-03,2026-09,1,2,zlclkm2uSTX42W2tXhGY#1,Felipe,Exploradores das Profundezas,FyEfRdq31ENZMkjpBRkM#1,Marcos Sartori,Animated Army,win
liga-2x2-online-s3-e05,Liga 2x2 Online S3-E05,2026-09-03,2026-09-03,2026-09,1,2,zlclkm2uSTX42W2tXhGY#1,Felipe,Exploradores das Profundezas,zlclkm2uSTX42W2tXhGY#2,Pinho,Counter Blitz,win
liga-2x2-online-s3-e05,Liga 2x2 Online S3-E05,2026-09-03,2026-09-03,2026-09,1,2,FyEfRdq31ENZMkjpBRkM#1,Marcos Sartori,Animated Army,FyEfRdq31ENZMkjpBRkM#2,Arthur Sartori,Family Matters,lose
liga-2x2-online-s3-e05,Liga 2x2 Online S3-E05,2026-09-03,2026-09-03,2026-09,1,2,FyEfRdq31ENZMkjpBRkM#1,Marcos Sartori,Animated Army,zlclkm2uSTX42W2tXhGY#1,Felipe,Exploradores das Profundezas,lose
liga-2x2-online-s3-e05,Liga 2x2 Online S3-E05,2026-09-03,2026-09-03,2026-09,1,2,FyEfRdq31ENZMkjpBRkM#1,Marcos Sartori,Animated Army,zlclkm2uSTX42W2tXhGY#2,Pinho,Counter Blitz,lose
liga-2x2-online-s3-e05,Liga 2x2 Online S3-E05,2026-09-03,2026-09-03,2026-09,1,2,zlclkm2uSTX42W2tXhGY#2,Pinho,Counter Blitz,FyEfRdq31ENZMkjpBRkM#2,Arthur Sartori,Family Matters,win
liga-2x2-online-s3-e05,Liga 2x2 Online S3-E05,2026-09-03,2026-09-03,2026-09,1,2,zlclkm2uSTX42W2tXhGY#2,Pinho,Counter Blitz,zlclkm2uSTX42W2tXhGY#1,Felipe,Exploradores das Profundezas,win
liga-2x2-online-s3-e05,Liga 2x2 Online S3-E05,2026-09-03,2026-09-03,2026-09,1,2,zlclkm2uSTX42W2tXhGY#2,Pinho,Counter Blitz,FyEfRdq31ENZMkjpBRkM#1,Marcos Sartori,Animated Army,win
liga-2x2-online-s3-e05,Liga 2x2 Online S3-E05,2026-09-03,2026-09-03,2026-09,1,3,HTFNbyBHYWEMiUyEqkRG#1,Jorel,Turtle Power!,HTFNbyBHYWEMiUyEqkRG#2,Martin,Silverquill Influence,win
liga-2x2-online-s3-e05,Liga 2x2 Online S3-E05,2026-09-03,2026-09-03,2026-09,1,3,HTFNbyBHYWEMiUyEqkRG#1,Jorel,Turtle Power!,UTJKLldD7KFZsQLAIOZi#2,Susan Ferreira,Counter Inteligence,win
liga-2x2-online-s3-e05,Liga 2x2 Online S3-E05,2026-09-03,2026-09-03,2026-09,1,3,HTFNbyBHYWEMiUyEqkRG#1,Jorel,Turtle Power!,UTJKLldD7KFZsQLAIOZi#1,Vini Chaca,Influência Corruptora,win
liga-2x2-online-s3-e05,Liga 2x2 Online S3-E05,2026-09-03,2026-09-03,2026-09,1,3,HTFNbyBHYWEMiUyEqkRG#2,Martin,Silverquill Influence,HTFNbyBHYWEMiUyEqkRG#1,Jorel,Turtle Power!,win
liga-2x2-online-s3-e05,Liga 2x2 Online S3-E05,2026-09-03,2026-09-03,2026-09,1,3,HTFNbyBHYWEMiUyEqkRG#2,Martin,Silverquill Influence,UTJKLldD7KFZsQLAIOZi#2,Susan Ferreira,Counter Inteligence,win
liga-2x2-online-s3-e05,Liga 2x2 Online S3-E05,2026-09-03,2026-09-03,2026-09,1,3,HTFNbyBHYWEMiUyEqkRG#2,Martin,Silverquill Influence,UTJKLldD7KFZsQLAIOZi#1,Vini Chaca,Influência Corruptora,win
liga-2x2-online-s3-e05,Liga 2x2 Online S3-E05,2026-09-03,2026-09-03,2026-09,1,3,UTJKLldD7KFZsQLAIOZi#2,Susan Ferreira,Counter Inteligence,HTFNbyBHYWEMiUyEqkRG#1,Jorel,Turtle Power!,lose
liga-2x2-online-s3-e05,Liga 2x2 Online S3-E05,2026-09-03,2026-09-03,2026-09,1,3,UTJKLldD7KFZsQLAIOZi#2,Susan Ferreira,Counter Inteligence,HTFNbyBHYWEMiUyEqkRG#2,Martin,Silverquill Influence,lose
liga-2x2-online-s3-e05,Liga 2x2 Online S3-E05,2026-09-03,2026-09-03,2026-09,1,3,UTJKLldD7KFZsQLAIOZi#2,Susan Ferreira,Counter Inteligence,UTJKLldD7KFZsQLAIOZi#1,Vini Chaca,Influência Corruptora,lose
liga-2x2-online-s3-e05,Liga 2x2 Online S3-E05,2026-09-03,2026-09-03,2026-09,1,3,UTJKLldD7KFZsQLAIOZi#1,Vini Chaca,Influência Corruptora,HTFNbyBHYWEMiUyEqkRG#1,Jorel,Turtle Power!,lose
liga-2x2-online-s3-e05,Liga 2x2 Online S3-E05,2026-09-03,2026-09-03,2026-09,1,3,UTJKLldD7KFZsQLAIOZi#1,Vini Chaca,Influência Corruptora,HTFNbyBHYWEMiUyEqkRG#2,Martin,Silverquill Influence,lose
liga-2x2-online-s3-e05,Liga 2x2 Online S3-E05,2026-09-03,2026-09-03,2026-09,1,3,UTJKLldD7KFZsQLAIOZi#1,Vini Chaca,Influência Corruptora,UTJKLldD7KFZsQLAIOZi#2,Susan Ferreira,Counter Inteligence,lose
liga-2x2-online-s3-e05,Liga 2x2 Online S3-E05,2026-09-03,2026-09-03,2026-09,2,1,zlclkm2uSTX42W2tXhGY#1,Felipe,Exploradores das Profundezas,zlclkm2uSTX42W2tXhGY#2,Pinho,Counter Blitz,draw
liga-2x2-online-s3-e05,Liga 2x2 Online S3-E05,2026-09-03,2026-09-03,2026-09,2,1,zlclkm2uSTX42W2tXhGY#1,Felipe,Exploradores das Profundezas,6GG2e1gv1mfcHq5wQZnv#1,Reva,Jeskai Striker,draw
liga-2x2-online-s3-e05,Liga 2x2 Online S3-E05,2026-09-03,2026-09-03,2026-09,2,1,zlclkm2uSTX42W2tXhGY#1,Felipe,Exploradores das Profundezas,6GG2e1gv1mfcHq5wQZnv#2,Vande,Witherbloom Pestilence,draw
liga-2x2-online-s3-e05,Liga 2x2 Online S3-E05,2026-09-03,2026-09-03,2026-09,2,1,zlclkm2uSTX42W2tXhGY#2,Pinho,Counter Blitz,zlclkm2uSTX42W2tXhGY#1,Felipe,Exploradores das Profundezas,draw
liga-2x2-online-s3-e05,Liga 2x2 Online S3-E05,2026-09-03,2026-09-03,2026-09,2,1,zlclkm2uSTX42W2tXhGY#2,Pinho,Counter Blitz,6GG2e1gv1mfcHq5wQZnv#1,Reva,Jeskai Striker,draw
liga-2x2-online-s3-e05,Liga 2x2 Online S3-E05,2026-09-03,2026-09-03,2026-09,2,1,zlclkm2uSTX42W2tXhGY#2,Pinho,Counter Blitz,6GG2e1gv1mfcHq5wQZnv#2,Vande,Witherbloom Pestilence,draw
liga-2x2-online-s3-e05,Liga 2x2 Online S3-E05,2026-09-03,2026-09-03,2026-09,2,1,6GG2e1gv1mfcHq5wQZnv#1,Reva,Jeskai Striker,zlclkm2uSTX42W2tXhGY#1,Felipe,Exploradores das Profundezas,draw
liga-2x2-online-s3-e05,Liga 2x2 Online S3-E05,2026-09-03,2026-09-03,2026-09,2,1,6GG2e1gv1mfcHq5wQZnv#1,Reva,Jeskai Striker,zlclkm2uSTX42W2tXhGY#2,Pinho,Counter Blitz,draw
liga-2x2-online-s3-e05,Liga 2x2 Online S3-E05,2026-09-03,2026-09-03,2026-09,2,1,6GG2e1gv1mfcHq5wQZnv#1,Reva,Jeskai Striker,6GG2e1gv1mfcHq5wQZnv#2,Vande,Witherbloom Pestilence,draw
liga-2x2-online-s3-e05,Liga 2x2 Online S3-E05,2026-09-03,2026-09-03,2026-09,2,1,6GG2e1gv1mfcHq5wQZnv#2,Vande,Witherbloom Pestilence,zlclkm2uSTX42W2tXhGY#1,Felipe,Exploradores das Profundezas,draw
liga-2x2-online-s3-e05,Liga 2x2 Online S3-E05,2026-09-03,2026-09-03,2026-09,2,1,6GG2e1gv1mfcHq5wQZnv#2,Vande,Witherbloom Pestilence,zlclkm2uSTX42W2tXhGY#2,Pinho,Counter Blitz,draw
liga-2x2-online-s3-e05,Liga 2x2 Online S3-E05,2026-09-03,2026-09-03,2026-09,2,1,6GG2e1gv1mfcHq5wQZnv#2,Vande,Witherbloom Pestilence,6GG2e1gv1mfcHq5wQZnv#1,Reva,Jeskai Striker,draw
liga-2x2-online-s3-e05,Liga 2x2 Online S3-E05,2026-09-03,2026-09-03,2026-09,2,2,bdINJzFvkj3CmKLPAX07#2,Carlos Spinola,Devorarrrdores de Mentes,HTFNbyBHYWEMiUyEqkRG#1,Jorel,Turtle Power!,win
liga-2x2-online-s3-e05,Liga 2x2 Online S3-E05,2026-09-03,2026-09-03,2026-09,2,2,bdINJzFvkj3CmKLPAX07#2,Carlos Spinola,Devorarrrdores de Mentes,HTFNbyBHYWEMiUyEqkRG#2,Martin,Silverquill Influence,win
liga-2x2-online-s3-e05,Liga 2x2 Online S3-E05,2026-09-03,2026-09-03,2026-09,2,2,bdINJzFvkj3CmKLPAX07#2,Carlos Spinola,Devorarrrdores de Mentes,bdINJzFvkj3CmKLPAX07#1,Thiago Cunha,Ataque Surpresa,win
liga-2x2-online-s3-e05,Liga 2x2 Online S3-E05,2026-09-03,2026-09-03,2026-09,2,2,HTFNbyBHYWEMiUyEqkRG#1,Jorel,Turtle Power!,bdINJzFvkj3CmKLPAX07#2,Carlos Spinola,Devorarrrdores de Mentes,lose
liga-2x2-online-s3-e05,Liga 2x2 Online S3-E05,2026-09-03,2026-09-03,2026-09,2,2,HTFNbyBHYWEMiUyEqkRG#1,Jorel,Turtle Power!,HTFNbyBHYWEMiUyEqkRG#2,Martin,Silverquill Influence,lose
liga-2x2-online-s3-e05,Liga 2x2 Online S3-E05,2026-09-03,2026-09-03,2026-09,2,2,HTFNbyBHYWEMiUyEqkRG#1,Jorel,Turtle Power!,bdINJzFvkj3CmKLPAX07#1,Thiago Cunha,Ataque Surpresa,lose
liga-2x2-online-s3-e05,Liga 2x2 Online S3-E05,2026-09-03,2026-09-03,2026-09,2,2,HTFNbyBHYWEMiUyEqkRG#2,Martin,Silverquill Influence,bdINJzFvkj3CmKLPAX07#2,Carlos Spinola,Devorarrrdores de Mentes,lose
liga-2x2-online-s3-e05,Liga 2x2 Online S3-E05,2026-09-03,2026-09-03,2026-09,2,2,HTFNbyBHYWEMiUyEqkRG#2,Martin,Silverquill Influence,HTFNbyBHYWEMiUyEqkRG#1,Jorel,Turtle Power!,lose
liga-2x2-online-s3-e05,Liga 2x2 Online S3-E05,2026-09-03,2026-09-03,2026-09,2,2,HTFNbyBHYWEMiUyEqkRG#2,Martin,Silverquill Influence,bdINJzFvkj3CmKLPAX07#1,Thiago Cunha,Ataque Surpresa,lose
liga-2x2-online-s3-e05,Liga 2x2 Online S3-E05,2026-09-03,2026-09-03,2026-09,2,2,bdINJzFvkj3CmKLPAX07#1,Thiago Cunha,Ataque Surpresa,bdINJzFvkj3CmKLPAX07#2,Carlos Spinola,Devorarrrdores de Mentes,win
liga-2x2-online-s3-e05,Liga 2x2 Online S3-E05,2026-09-03,2026-09-03,2026-09,2,2,bdINJzFvkj3CmKLPAX07#1,Thiago Cunha,Ataque Surpresa,HTFNbyBHYWEMiUyEqkRG#1,Jorel,Turtle Power!,win
liga-2x2-online-s3-e05,Liga 2x2 Online S3-E05,2026-09-03,2026-09-03,2026-09,2,2,bdINJzFvkj3CmKLPAX07#1,Thiago Cunha,Ataque Surpresa,HTFNbyBHYWEMiUyEqkRG#2,Martin,Silverquill Influence,win
liga-2x2-online-s3-e05,Liga 2x2 Online S3-E05,2026-09-03,2026-09-03,2026-09,2,3,FyEfRdq31ENZMkjpBRkM#2,Arthur Sartori,Family Matters,FyEfRdq31ENZMkjpBRkM#1,Marcos Sartori,Animated Army,win
liga-2x2-online-s3-e05,Liga 2x2 Online S3-E05,2026-09-03,2026-09-03,2026-09,2,3,FyEfRdq31ENZMkjpBRkM#2,Arthur Sartori,Family Matters,UTJKLldD7KFZsQLAIOZi#2,Susan Ferreira,Counter Inteligence,win
liga-2x2-online-s3-e05,Liga 2x2 Online S3-E05,2026-09-03,2026-09-03,2026-09,2,3,FyEfRdq31ENZMkjpBRkM#2,Arthur Sartori,Family Matters,UTJKLldD7KFZsQLAIOZi#1,Vini Chaca,Influência Corruptora,win
liga-2x2-online-s3-e05,Liga 2x2 Online S3-E05,2026-09-03,2026-09-03,2026-09,2,3,FyEfRdq31ENZMkjpBRkM#1,Marcos Sartori,Animated Army,FyEfRdq31ENZMkjpBRkM#2,Arthur Sartori,Family Matters,win
liga-2x2-online-s3-e05,Liga 2x2 Online S3-E05,2026-09-03,2026-09-03,2026-09,2,3,FyEfRdq31ENZMkjpBRkM#1,Marcos Sartori,Animated Army,UTJKLldD7KFZsQLAIOZi#2,Susan Ferreira,Counter Inteligence,win
liga-2x2-online-s3-e05,Liga 2x2 Online S3-E05,2026-09-03,2026-09-03,2026-09,2,3,FyEfRdq31ENZMkjpBRkM#1,Marcos Sartori,Animated Army,UTJKLldD7KFZsQLAIOZi#1,Vini Chaca,Influência Corruptora,win
liga-2x2-online-s3-e05,Liga 2x2 Online S3-E05,2026-09-03,2026-09-03,2026-09,2,3,UTJKLldD7KFZsQLAIOZi#2,Susan Ferreira,Counter Inteligence,FyEfRdq31ENZMkjpBRkM#2,Arthur Sartori,Family Matters,lose
liga-2x2-online-s3-e05,Liga 2x2 Online S3-E05,2026-09-03,2026-09-03,2026-09,2,3,UTJKLldD7KFZsQLAIOZi#2,Susan Ferreira,Counter Inteligence,FyEfRdq31ENZMkjpBRkM#1,Marcos Sartori,Animated Army,lose
liga-2x2-online-s3-e05,Liga 2x2 Online S3-E05,2026-09-03,2026-09-03,2026-09,2,3,UTJKLldD7KFZsQLAIOZi#2,Susan Ferreira,Counter Inteligence,UTJKLldD7KFZsQLAIOZi#1,Vini Chaca,Influência Corruptora,lose
liga-2x2-online-s3-e05,Liga 2x2 Online S3-E05,2026-09-03,2026-09-03,2026-09,2,3,UTJKLldD7KFZsQLAIOZi#1,Vini Chaca,Influência Corruptora,FyEfRdq31ENZMkjpBRkM#2,Arthur Sartori,Family Matters,lose
liga-2x2-online-s3-e05,Liga 2x2 Online S3-E05,2026-09-03,2026-09-03,2026-09,2,3,UTJKLldD7KFZsQLAIOZi#1,Vini Chaca,Influência Corruptora,FyEfRdq31ENZMkjpBRkM#1,Marcos Sartori,Animated Army,lose
liga-2x2-online-s3-e05,Liga 2x2 Online S3-E05,2026-09-03,2026-09-03,2026-09,2,3,UTJKLldD7KFZsQLAIOZi#1,Vini Chaca,Influência Corruptora,UTJKLldD7KFZsQLAIOZi#2,Susan Ferreira,Counter Inteligence,lose
liga-2x2-online-s3-e05,Liga 2x2 Online S3-E05,2026-09-03,2026-09-03,2026-09,3,1,HTFNbyBHYWEMiUyEqkRG#1,Jorel,Turtle Power!,HTFNbyBHYWEMiUyEqkRG#2,Martin,Silverquill Influence,win
liga-2x2-online-s3-e05,Liga 2x2 Online S3-E05,2026-09-03,2026-09-03,2026-09,3,1,HTFNbyBHYWEMiUyEqkRG#1,Jorel,Turtle Power!,6GG2e1gv1mfcHq5wQZnv#1,Reva,Jeskai Striker,win
liga-2x2-online-s3-e05,Liga 2x2 Online S3-E05,2026-09-03,2026-09-03,2026-09,3,1,HTFNbyBHYWEMiUyEqkRG#1,Jorel,Turtle Power!,6GG2e1gv1mfcHq5wQZnv#2,Vande,Witherbloom Pestilence,win
liga-2x2-online-s3-e05,Liga 2x2 Online S3-E05,2026-09-03,2026-09-03,2026-09,3,1,HTFNbyBHYWEMiUyEqkRG#2,Martin,Silverquill Influence,HTFNbyBHYWEMiUyEqkRG#1,Jorel,Turtle Power!,win
liga-2x2-online-s3-e05,Liga 2x2 Online S3-E05,2026-09-03,2026-09-03,2026-09,3,1,HTFNbyBHYWEMiUyEqkRG#2,Martin,Silverquill Influence,6GG2e1gv1mfcHq5wQZnv#1,Reva,Jeskai Striker,win
liga-2x2-online-s3-e05,Liga 2x2 Online S3-E05,2026-09-03,2026-09-03,2026-09,3,1,HTFNbyBHYWEMiUyEqkRG#2,Martin,Silverquill Influence,6GG2e1gv1mfcHq5wQZnv#2,Vande,Witherbloom Pestilence,win
liga-2x2-online-s3-e05,Liga 2x2 Online S3-E05,2026-09-03,2026-09-03,2026-09,3,1,6GG2e1gv1mfcHq5wQZnv#1,Reva,Jeskai Striker,HTFNbyBHYWEMiUyEqkRG#1,Jorel,Turtle Power!,lose
liga-2x2-online-s3-e05,Liga 2x2 Online S3-E05,2026-09-03,2026-09-03,2026-09,3,1,6GG2e1gv1mfcHq5wQZnv#1,Reva,Jeskai Striker,HTFNbyBHYWEMiUyEqkRG#2,Martin,Silverquill Influence,lose
liga-2x2-online-s3-e05,Liga 2x2 Online S3-E05,2026-09-03,2026-09-03,2026-09,3,1,6GG2e1gv1mfcHq5wQZnv#1,Reva,Jeskai Striker,6GG2e1gv1mfcHq5wQZnv#2,Vande,Witherbloom Pestilence,lose
liga-2x2-online-s3-e05,Liga 2x2 Online S3-E05,2026-09-03,2026-09-03,2026-09,3,1,6GG2e1gv1mfcHq5wQZnv#2,Vande,Witherbloom Pestilence,HTFNbyBHYWEMiUyEqkRG#1,Jorel,Turtle Power!,lose
liga-2x2-online-s3-e05,Liga 2x2 Online S3-E05,2026-09-03,2026-09-03,2026-09,3,1,6GG2e1gv1mfcHq5wQZnv#2,Vande,Witherbloom Pestilence,HTFNbyBHYWEMiUyEqkRG#2,Martin,Silverquill Influence,lose
liga-2x2-online-s3-e05,Liga 2x2 Online S3-E05,2026-09-03,2026-09-03,2026-09,3,1,6GG2e1gv1mfcHq5wQZnv#2,Vande,Witherbloom Pestilence,6GG2e1gv1mfcHq5wQZnv#1,Reva,Jeskai Striker,lose
liga-2x2-online-s3-e05,Liga 2x2 Online S3-E05,2026-09-03,2026-09-03,2026-09,3,2,zlclkm2uSTX42W2tXhGY#1,Felipe,Exploradores das Profundezas,zlclkm2uSTX42W2tXhGY#2,Pinho,Counter Blitz,win
liga-2x2-online-s3-e05,Liga 2x2 Online S3-E05,2026-09-03,2026-09-03,2026-09,3,2,zlclkm2uSTX42W2tXhGY#1,Felipe,Exploradores das Profundezas,UTJKLldD7KFZsQLAIOZi#2,Susan Ferreira,Counter Inteligence,win
liga-2x2-online-s3-e05,Liga 2x2 Online S3-E05,2026-09-03,2026-09-03,2026-09,3,2,zlclkm2uSTX42W2tXhGY#1,Felipe,Exploradores das Profundezas,UTJKLldD7KFZsQLAIOZi#1,Vini Chaca,Influência Corruptora,win
liga-2x2-online-s3-e05,Liga 2x2 Online S3-E05,2026-09-03,2026-09-03,2026-09,3,2,zlclkm2uSTX42W2tXhGY#2,Pinho,Counter Blitz,zlclkm2uSTX42W2tXhGY#1,Felipe,Exploradores das Profundezas,win
liga-2x2-online-s3-e05,Liga 2x2 Online S3-E05,2026-09-03,2026-09-03,2026-09,3,2,zlclkm2uSTX42W2tXhGY#2,Pinho,Counter Blitz,UTJKLldD7KFZsQLAIOZi#2,Susan Ferreira,Counter Inteligence,win
liga-2x2-online-s3-e05,Liga 2x2 Online S3-E05,2026-09-03,2026-09-03,2026-09,3,2,zlclkm2uSTX42W2tXhGY#2,Pinho,Counter Blitz,UTJKLldD7KFZsQLAIOZi#1,Vini Chaca,Influência Corruptora,win
liga-2x2-online-s3-e05,Liga 2x2 Online S3-E05,2026-09-03,2026-09-03,2026-09,3,2,UTJKLldD7KFZsQLAIOZi#2,Susan Ferreira,Counter Inteligence,zlclkm2uSTX42W2tXhGY#1,Felipe,Exploradores das Profundezas,lose
liga-2x2-online-s3-e05,Liga 2x2 Online S3-E05,2026-09-03,2026-09-03,2026-09,3,2,UTJKLldD7KFZsQLAIOZi#2,Susan Ferreira,Counter Inteligence,zlclkm2uSTX42W2tXhGY#2,Pinho,Counter Blitz,lose
liga-2x2-online-s3-e05,Liga 2x2 Online S3-E05,2026-09-03,2026-09-03,2026-09,3,2,UTJKLldD7KFZsQLAIOZi#2,Susan Ferreira,Counter Inteligence,UTJKLldD7KFZsQLAIOZi#1,Vini Chaca,Influência Corruptora,lose
liga-2x2-online-s3-e05,Liga 2x2 Online S3-E05,2026-09-03,2026-09-03,2026-09,3,2,UTJKLldD7KFZsQLAIOZi#1,Vini Chaca,Influência Corruptora,zlclkm2uSTX42W2tXhGY#1,Felipe,Exploradores das Profundezas,lose
liga-2x2-online-s3-e05,Liga 2x2 Online S3-E05,2026-09-03,2026-09-03,2026-09,3,2,UTJKLldD7KFZsQLAIOZi#1,Vini Chaca,Influência Corruptora,zlclkm2uSTX42W2tXhGY#2,Pinho,Counter Blitz,lose
liga-2x2-online-s3-e05,Liga 2x2 Online S3-E05,2026-09-03,2026-09-03,2026-09,3,2,UTJKLldD7KFZsQLAIOZi#1,Vini Chaca,Influência Corruptora,UTJKLldD7KFZsQLAIOZi#2,Susan Ferreira,Counter Inteligence,lose
liga-2x2-online-s3-e05,Liga 2x2 Online S3-E05,2026-09-03,2026-09-03,2026-09,3,3,FyEfRdq31ENZMkjpBRkM#2,Arthur Sartori,Family Matters,bdINJzFvkj3CmKLPAX07#2,Carlos Spinola,Devorarrrdores de Mentes,lose
liga-2x2-online-s3-e05,Liga 2x2 Online S3-E05,2026-09-03,2026-09-03,2026-09,3,3,FyEfRdq31ENZMkjpBRkM#2,Arthur Sartori,Family Matters,FyEfRdq31ENZMkjpBRkM#1,Marcos Sartori,Animated Army,lose
liga-2x2-online-s3-e05,Liga 2x2 Online S3-E05,2026-09-03,2026-09-03,2026-09,3,3,FyEfRdq31ENZMkjpBRkM#2,Arthur Sartori,Family Matters,bdINJzFvkj3CmKLPAX07#1,Thiago Cunha,Ataque Surpresa,lose
liga-2x2-online-s3-e05,Liga 2x2 Online S3-E05,2026-09-03,2026-09-03,2026-09,3,3,bdINJzFvkj3CmKLPAX07#2,Carlos Spinola,Devorarrrdores de Mentes,FyEfRdq31ENZMkjpBRkM#2,Arthur Sartori,Family Matters,win
liga-2x2-online-s3-e05,Liga 2x2 Online S3-E05,2026-09-03,2026-09-03,2026-09,3,3,bdINJzFvkj3CmKLPAX07#2,Carlos Spinola,Devorarrrdores de Mentes,FyEfRdq31ENZMkjpBRkM#1,Marcos Sartori,Animated Army,win
liga-2x2-online-s3-e05,Liga 2x2 Online S3-E05,2026-09-03,2026-09-03,2026-09,3,3,bdINJzFvkj3CmKLPAX07#2,Carlos Spinola,Devorarrrdores de Mentes,bdINJzFvkj3CmKLPAX07#1,Thiago Cunha,Ataque Surpresa,win
liga-2x2-online-s3-e05,Liga 2x2 Online S3-E05,2026-09-03,2026-09-03,2026-09,3,3,FyEfRdq31ENZMkjpBRkM#1,Marcos Sartori,Animated Army,FyEfRdq31ENZMkjpBRkM#2,Arthur Sartori,Family Matters,lose
liga-2x2-online-s3-e05,Liga 2x2 Online S3-E05,2026-09-03,2026-09-03,2026-09,3,3,FyEfRdq31ENZMkjpBRkM#1,Marcos Sartori,Animated Army,bdINJzFvkj3CmKLPAX07#2,Carlos Spinola,Devorarrrdores de Mentes,lose
liga-2x2-online-s3-e05,Liga 2x2 Online S3-E05,2026-09-03,2026-09-03,2026-09,3,3,FyEfRdq31ENZMkjpBRkM#1,Marcos Sartori,Animated Army,bdINJzFvkj3CmKLPAX07#1,Thiago Cunha,Ataque Surpresa,lose
liga-2x2-online-s3-e05,Liga 2x2 Online S3-E05,2026-09-03,2026-09-03,2026-09,3,3,bdINJzFvkj3CmKLPAX07#1,Thiago Cunha,Ataque Surpresa,FyEfRdq31ENZMkjpBRkM#2,Arthur Sartori,Family Matters,win
liga-2x2-online-s3-e05,Liga 2x2 Online S3-E05,2026-09-03,2026-09-03,2026-09,3,3,bdINJzFvkj3CmKLPAX07#1,Thiago Cunha,Ataque Surpresa,bdINJzFvkj3CmKLPAX07#2,Carlos Spinola,Devorarrrdores de Mentes,win
liga-2x2-online-s3-e05,Liga 2x2 Online S3-E05,2026-09-03,2026-09-03,2026-09,3,3,bdINJzFvkj3CmKLPAX07#1,Thiago Cunha,Ataque Surpresa,FyEfRdq31ENZMkjpBRkM#1,Marcos Sartori,Animated Army,win
