tid,tournament_name,start_date,month,round,table,status,winner_id,winner_name,player_id,player_name,is_winner,deck_url,deck_raw,raw_team,team_name,team_key,player_1,player_2,deck_1,deck_2,deck_url_1,deck_url_2,deck_name_pt_1,deck_name_pt_2,deck_name_en_1,deck_name_en_2,colecao_1,colecao_2,map_status,missing_players,missing_decks
liga-2x2-online-s1-e01,Liga 2x2 Online S1-E01,2026-01-29,2026-01,1,1,,,Carbeauty & Andressa,znBL3tiqw1dZD2kq4HXa,Fábio & Luiz,0,,,Fabio & Luiz,Fábio & Luiz,fabio & luiz,Fabio,Luiz,,,,,,,,,,,manual,0,1
liga-2x2-online-s1-e01,Liga 2x2 Online S1-E01,2026-01-29,2026-01,1,1,,,Carbeauty & Andressa,rxCHpUnI6BhF3aqnDJUX,Carbeauty & Andressa,1,,,Carbeauty & Andressa,Carbeauty & Andressa,andressa & carbeauty,Carbeauty,Andressa,,,,,,,,,,,manual,0,1
liga-2x2-online-s1-e01,Liga 2x2 Online S1-E01,2026-01-29,2026-01,1,2,,Draw,Draw,uRPALW9SRbM8DFGEbBeQ,Felipe Familiar & Langa,0,,,Felipe Familiar & Langa,Felipe Familiar & Langa,felipe familiar & langa,Felipe Familiar,Langa,,,,,,,,,,,manual,0,1
liga-2x2-online-s1-e01,Liga 2x2 Online S1-E01,2026-01-29,2026-01,1,2,,Draw,Draw,l0Uc9FBlfz6gAsFTSH9U,Reva & Boone,0,,,Reva & Boone,Reva & Boone,boone & reva,Reva,Boone,,,,,,,,,,,manual,0,1
liga-2x2-online-s1-e01,Liga 2x2 Online S1-E01,2026-01-29,2026-01,1,3,,,Juliano & Mateus,XFnj6iHRxlA9M4LynmFv,Martin & Jorel,0,,,Martin & Jorel,Martin & Jorel,jorel & martin,Martin,Jorel,,,,,,,,,,,manual,0,1
liga-2x2-online-s1-e01,Liga 2x2 Online S1-E01,2026-01-29,2026-01,1,3,,,Juliano & Mateus,rsVhe5vz4jEHBziw1Y0v,Juliano & Mateus,1,,,Juliano & Mateus,Juliano & Mateus,juliano & mateus,Juliano,Mateus,,,,,,,,,,,manual,0,1
liga-2x2-online-s1-e01,Liga 2x2 Online S1-E01,2026-01-29,2026-01,1,4,,,Samuel & Thiago,j2QCbi8rckQctKFUxHEn,Samuel & Thiago,1,,,Samuel Maia & Thiago,Samuel & Thiago,samuel & thiago,Samuel,Thiago,,,,,,,,,,,parsed,0,1
liga-2x2-online-s1-e01,Liga 2x2 Online S1-E01,2026-01-29,2026-01,1,4,,,Samuel & Thiago,X5LrLopnvGARQgwpYJEb,Glauber & Erick,0,,,Glauber & Erick,Glauber & Erick,erick & glauber,Glauber,Erick,,,,,,,,,,,manual,0,1
liga-2x2-online-s1-e01,Liga 2x2 Online S1-E01,2026-01-29,2026-01,1,5,,,Marcos Sartori & Bauer,cK00lRZ181cMm1O6Qll4,Marcos Sartori & Bauer,1,,,Marcos Sartori & Bauer,Marcos Sartori & Bauer,bauer & marcos sartori,Marcos Sartori,Bauer,,,,,,,,,,,manual,0,1
liga-2x2-online-s1-e01,Liga 2x2 Online S1-E01,2026-01-29,2026-01,1,5,,,Marcos Sartori & Bauer,1zFIu3Ek4VIawnKRq54V,Chueiry & Vicente,0,,,Chueiry & Vicente,Chueiry & Vicente,chueiry & vicente,Chueiry,Vicente,,,,,,,,,,,manual,0,1
liga-2x2-online-s1-e01,Liga 2x2 Online S1-E01,2026-01-29,2026-01,2,1,,,Carbeauty & Andressa,rsVhe5vz4jEHBziw1Y0v,Juliano & Mateus,0,,,Juliano & Mateus,Juliano & Mateus,juliano & mateus,Juliano,Mateus,,,,,,,,,,,manual,0,1
liga-2x2-online-s1-e01,Liga 2x2 Online S1-E01,2026-01-29,2026-01,2,1,,,Carbeauty & Andressa,rxCHpUnI6BhF3aqnDJUX,Carbeauty & Andressa,1,,,Carbeauty & Andressa,Carbeauty & Andressa,andressa & carbeauty,Carbeauty,Andressa,,,,,,,,,,,manual,0,1
liga-2x2-online-s1-e01,Liga 2x2 Online S1-E01,2026-01-29,2026-01,2,2,,,Marcos Sartori & Bauer,cK00lRZ181cMm1O6Qll4,Marcos Sartori & Bauer,1,,,Marcos Sartori & Bauer,Marcos Sartori & Bauer,bauer & marcos sartori,Marcos Sartori,Bauer,,,,,,,,,,,manual,0,1
liga-2x2-online-s1-e01,Liga 2x2 Online S1-E01,2026-01-29,2026-01,2,2,,,Marcos Sartori & Bauer,j2QCbi8rckQctKFUxHEn,Samuel & Thiago,0,,,Samuel Maia & Thiago,Samuel & Thiago,samuel & thiago,Samuel,Thiago,,,,,,,,,,,parsed,0,1
liga-2x2-online-s1-e01,Liga 2x2 Online S1-E01,2026-01-29,2026-01,2,3,,,Martin & Jorel,l0Uc9FBlfz6gAsFTSH9U,Reva & Boone,0,,,Reva & Boone,Reva & Boone,boone & reva,Reva,Boone,,,,,,,,,,,manual,0,1
liga-2x2-online-s1-e01,Liga 2x2 Online S1-E01,2026-01-29,2026-01,2,3,,,Martin & Jorel,XFnj6iHRxlA9M4LynmFv,Martin & Jorel,1,,,Martin & Jorel,Martin & Jorel,jorel & martin,Martin,Jorel,,,,,,,,,,,manual,0,1
liga-2x2-online-s1-e01,Liga 2x2 Online S1-E01,2026-01-29,2026-01,2,4,,,Felipe Familiar & Langa,uRPALW9SRbM8DFGEbBeQ,Felipe Familiar & Langa,1,,,Felipe Familiar & Langa,Felipe Familiar & Langa,felipe familiar & langa,Felipe Familiar,Langa,,,,,,,,,,,manual,0,1
liga-2x2-online-s1-e01,Liga 2x2 Online S1-E01,2026-01-29,2026-01,2,4,,,Felipe Familiar & Langa,X5LrLopnvGARQgwpYJEb,Glauber & Erick,0,,,Glauber & Erick,Glauber & Erick,erick & glauber,Glauber,Erick,,,,,,,,,,,manual,0,1
liga-2x2-online-s1-e01,Liga 2x2 Online S1-E01,2026-01-29,2026-01,2,5,,,Fábio & Luiz,1zFIu3Ek4VIawnKRq54V,Chueiry & Vicente,0,,,Chueiry & Vicente,Chueiry & Vicente,chueiry & vicente,Chueiry,Vicente,,,,,,,,,,,manual,0,1
liga-2x2-online-s1-e01,Liga 2x2 Online S1-E01,2026-01-29,2026-01,2,5,,,Fábio & Luiz,znBL3tiqw1dZD2kq4HXa,Fábio & Luiz,1,,,Fabio & Luiz,Fábio & Luiz,fabio & luiz,Fabio,Luiz,,,,,,,,,,,manual,0,1
liga-2x2-online-s1-e01,Liga 2x2 Online S1-E01,2026-01-29,2026-01,3,1,,Draw,Draw,cK00lRZ181cMm1O6Qll4,Marcos Sartori & Bauer,0,,,Marcos Sartori & Bauer,Marcos Sartori & Bauer,bauer & marcos sartori,Marcos Sartori,Bauer,,,,,,,,,,,manual,0,1
liga-2x2-online-s1-e01,Liga 2x2 Online S1-E01,2026-01-29,2026-01,3,1,,Draw,Draw,rxCHpUnI6BhF3aqnDJUX,Carbeauty & Andressa,0,,,Carbeauty & Andressa,Carbeauty & Andressa,andressa & carbeauty,Carbeauty,Andressa,,,,,,,,,,,manual,0,1
liga-2x2-online-s1-e01,Liga 2x2 Online S1-E01,2026-01-29,2026-01,3,2,,,Juliano & Mateus,uRPALW9SRbM8DFGEbBeQ,Felipe Familiar & Langa,0,,,Felipe Familiar & Langa,Felipe Familiar & Langa,felipe familiar & langa,Felipe Familiar,Langa,,,,,,,,,,,manual,0,1
liga-2x2-online-s1-e01,Liga 2x2 Online S1-E01,2026-01-29,2026-01,3,2,,,Juliano & Mateus,rsVhe5vz4jEHBziw1Y0v,Juliano & Mateus,1,,,Juliano & Mateus,Juliano & Mateus,juliano & mateus,Juliano,Mateus,,,,,,,,,,,manual,0,1
liga-2x2-online-s1-e01,Liga 2x2 Online S1-E01,2026-01-29,2026-01,3,3,,Draw,Draw,znBL3tiqw1dZD2kq4HXa,Fábio & Luiz,0,,,Fabio & Luiz,Fábio & Luiz,fabio & luiz,Fabio,Luiz,,,,,,,,,,,manual,0,1
liga-2x2-online-s1-e01,Liga 2x2 Online S1-E01,2026-01-29,2026-01,3,3,,Draw,Draw,XFnj6iHRxlA9M4LynmFv,Martin & Jorel,0,,,Martin & Jorel,Martin & Jorel,jorel & martin,Martin,Jorel,,,,,,,,,,,manual,0,1
liga-2x2-online-s1-e01,Liga 2x2 Online S1-E01,2026-01-29,2026-01,3,4,,,Samuel & Thiago,j2QCbi8rckQctKFUxHEn,Samuel & Thiago,1,,,Samuel Maia & Thiago,Samuel & Thiago,samuel & thiago,Samuel,Thiago,,,,,,,,,,,parsed,0,1
liga-2x2-online-s1-e01,Liga 2x2 Online S1-E01,2026-01-29,2026-01,3,4,,,Samuel & Thiago,l0Uc9FBlfz6gAsFTSH9U,Reva & Boone,0,,,Reva & Boone,Reva & Boone,boone & reva,Reva,Boone,,,,,,,,,,,manual,0,1
liga-2x2-online-s1-e01,Liga 2x2 Online S1-E01,2026-01-29,2026-01,3,5,,,Glauber & Erick,X5LrLopnvGARQgwpYJEb,Glauber & Erick,1,,,Glauber & Erick,Glauber & Erick,erick & glauber,Glauber,Erick,,,,,,,,,,,manual,0,1
liga-2x2-online-s1-e01,Liga 2x2 Online S1-E01,2026-01-29,2026-01,3,5,,,Glauber & Erick,1zFIu3Ek4VIawnKRq54V,Chueiry & Vicente,0,,,Chueiry & Vicente,Chueiry & Vicente,chueiry & vicente,Chueiry,Vicente,,,,,,,,,,,manual,0,1
liga-2x2-online-s1-e02,Liga 2x2 Online S1-E02,2026-02-05,2026-02,1,1,,,Bauer & Langa,NM3O5De3jIdZ7EJI1kC1,Bauer & Langa,1,,,Bauer & Langa,Bauer & Langa,bauer & langa,Bauer,Langa,,,,,,,,,,,manual,0,1
liga-2x2-online-s1-e02,Liga 2x2 Online S1-E02,2026-02-05,2026-02,1,1,,,Bauer & Langa,MgukdtqpFCWGovSzBs6r,Erick & Fábio,0,,,Erick & Fábio,Erick & Fábio,erick & fabio,Erick,Fábio,,,,,,,,,,,manual,0,1
liga-2x2-online-s1-e02,Liga 2x2 Online S1-E02,2026-02-05,2026-02,1,2,,,Marcos Sartori & Arthur Sartori,1FDH3YwLOJqqhoGYjXHh,Gustavo Dias & Udo,0,,,Gustavo Dias & Udo,Gustavo Dias & Udo,gustavo dias & udo,Gustavo Dias,Udo,,,,,,,,,,,manual,0,1
liga-2x2-online-s1-e02,Liga 2x2 Online S1-E02,2026-02-05,2026-02,1,2,,,Marcos Sartori & Arthur Sartori,nJsdPaC7XnkP5XpdUJVZ,Marcos Sartori & Arthur Sartori,1,,,Marcos Sartori & Arthur Sartori,Marcos Sartori & Arthur Sartori,arthur sartori & marcos sartori,Marcos Sartori,Arthur Sartori,,,,,,,,,,,manual,0,1
liga-2x2-online-s1-e02,Liga 2x2 Online S1-E02,2026-02-05,2026-02,1,3,,,Vande & João Marmentini,d6onUDRz14avzaFVYFE6,Vande & João Marmentini,1,,,Vande & Joao Marmentini,Vande & João Marmentini,joao marmentini & vande,Vande,João Marmentini,,,,,,,,,,,manual,0,1
liga-2x2-online-s1-e02,Liga 2x2 Online S1-E02,2026-02-05,2026-02,1,3,,,Vande & João Marmentini,qw4XxzovtDnuqfsMelKQ,Chueiry & Vicente,0,,,Chueiry & Vicente,Chueiry & Vicente,chueiry & vicente,Chueiry,Vicente,,,,,,,,,,,manual,0,1
liga-2x2-online-s1-e02,Liga 2x2 Online S1-E02,2026-02-05,2026-02,1,4,,,Reva & Boone,yMD2pSANi2g4mpz2pVNw,Juliano & Mateus,0,,,Juliano & Mateus,Juliano & Mateus,juliano & mateus,Juliano,Mateus,,,,,,,,,,,manual,0,1
liga-2x2-online-s1-e02,Liga 2x2 Online S1-E02,2026-02-05,2026-02,1,4,,,Reva & Boone,56VW2ypm1Q60I7pd1VCj,Reva & Boone,1,,,Reva & Boone,Reva & Boone,boone & reva,Reva,Boone,,,,,,,,,,,manual,0,1
liga-2x2-online-s1-e02,Liga 2x2 Online S1-E02,2026-02-05,2026-02,1,5,,,Jorel & Martin,dnmV75OvXzTux6llAbTM,Jorel & Martin,1,,,Jorel & Martin,Jorel & Martin,jorel & martin,Jorel,Martin,,,,,,,,,,,manual,0,1
liga-2x2-online-s1-e02,Liga 2x2 Online S1-E02,2026-02-05,2026-02,1,5,,,Jorel & Martin,mtWg56AgZRET20q9isy8,Marcelo & Samuel,0,,,Marcelo & Samuel,Marcelo & Samuel,marcelo & samuel,Marcelo,Samuel,,,,,,,,,,,manual,0,1
liga-2x2-online-s1-e02,Liga 2x2 Online S1-E02,2026-02-05,2026-02,1,6,,,Samuel Maia & Thiago,JuiLXww4SOB3t47nblyU,Carlos & Errejota,0,,,Carlos & Errejota,Carlos & Errejota,carlos & errejota,Carlos,Errejota,,,,,,,,,,,manual,0,1
liga-2x2-online-s1-e02,Liga 2x2 Online S1-E02,2026-02-05,2026-02,1,6,,,Samuel Maia & Thiago,yarIweAMYjBQ7hkJZqKu,Samuel Maia & Thiago,1,,,Samuel Maia & Thiago,Samuel Maia & Thiago,samuel & thiago,Samuel,Thiago,,,,,,,,,,,manual,0,1
liga-2x2-online-s1-e02,Liga 2x2 Online S1-E02,2026-02-05,2026-02,2,1,,,Jorel & Martin,d6onUDRz14avzaFVYFE6,Vande & João Marmentini,0,,,Vande & Joao Marmentini,Vande & João Marmentini,joao marmentini & vande,Vande,João Marmentini,,,,,,,,,,,manual,0,1
liga-2x2-online-s1-e02,Liga 2x2 Online S1-E02,2026-02-05,2026-02,2,1,,,Jorel & Martin,dnmV75OvXzTux6llAbTM,Jorel & Martin,1,,,Jorel & Martin,Jorel & Martin,jorel & martin,Jorel,Martin,,,,,,,,,,,manual,0,1
liga-2x2-online-s1-e02,Liga 2x2 Online S1-E02,2026-02-05,2026-02,2,2,,,Samuel Maia & Thiago,NM3O5De3jIdZ7EJI1kC1,Bauer & Langa,0,,,Bauer & Langa,Bauer & Langa,bauer & langa,Bauer,Langa,,,,,,,,,,,manual,0,1
liga-2x2-online-s1-e02,Liga 2x2 Online S1-E02,2026-02-05,2026-02,2,2,,,Samuel Maia & Thiago,yarIweAMYjBQ7hkJZqKu,Samuel Maia & Thiago,1,,,Samuel Maia & Thiago,Samuel Maia & Thiago,samuel & thiago,Samuel,Thiago,,,,,,,,,,,manual,0,1
liga-2x2-online-s1-e02,Liga 2x2 Online S1-E02,2026-02-05,2026-02,2,3,,,Reva & Boone,nJsdPaC7XnkP5XpdUJVZ,Marcos Sartori & Arthur Sartori,0,,,Marcos Sartori & Arthur Sartori,Marcos Sartori & Arthur Sartori,arthur sartori & marcos sartori,Marcos Sartori,Arthur Sartori,,,,,,,,,,,manual,0,1
liga-2x2-online-s1-e02,Liga 2x2 Online S1-E02,2026-02-05,2026-02,2,3,,,Reva & Boone,56VW2ypm1Q60I7pd1VCj,Reva & Boone,1,,,Reva & Boone,Reva & Boone,boone & reva,Reva,Boone,,,,,,,,,,,manual,0,1
liga-2x2-online-s1-e02,Liga 2x2 Online S1-E02,2026-02-05,2026-02,2,4,,,Carlos & Errejota,JuiLXww4SOB3t47nblyU,Carlos & Errejota,1,,,Carlos & Errejota,Carlos & Errejota,carlos & errejota,Carlos,Errejota,,,,,,,,,,,manual,0,1
liga-2x2-online-s1-e02,Liga 2x2 Online S1-E02,2026-02-05,2026-02,2,4,,,Carlos & Errejota,1FDH3YwLOJqqhoGYjXHh,Gustavo Dias & Udo,0,,,Gustavo Dias & Udo,Gustavo Dias & Udo,gustavo dias & udo,Gustavo Dias,Udo,,,,,,,,,,,manual,0,1
liga-2x2-online-s1-e02,Liga 2x2 Online S1-E02,2026-02-05,2026-02,2,5,,,Marcelo & Samuel,qw4XxzovtDnuqfsMelKQ,Chueiry & Vicente,0,,,Chueiry & Vicente,Chueiry & Vicente,chueiry & vicente,Chueiry,Vicente,,,,,,,,,,,manual,0,1
liga-2x2-online-s1-e02,Liga 2x2 Online S1-E02,2026-02-05,2026-02,2,5,,,Marcelo & Samuel,mtWg56AgZRET20q9isy8,Marcelo & Samuel,1,,,Marcelo & Samuel,Marcelo & Samuel,marcelo & samuel,Marcelo,Samuel,,,,,,,,,,,manual,0,1
liga-2x2-online-s1-e02,Liga 2x2 Online S1-E02,2026-02-05,2026-02,2,6,,,Erick & Fábio,yMD2pSANi2g4mpz2pVNw,Juliano & Mateus,0,,,Juliano & Mateus,Juliano & Mateus,juliano & mateus,Juliano,Mateus,,,,,,,,,,,manual,0,1
liga-2x2-online-s1-e02,Liga 2x2 Online S1-E02,2026-02-05,2026-02,2,6,,,Erick & Fábio,MgukdtqpFCWGovSzBs6r,Erick & Fábio,1,,,Erick & Fábio,Erick & Fábio,erick & fabio,Erick,Fábio,,,,,,,,,,,manual,0,1
liga-2x2-online-s1-e02,Liga 2x2 Online S1-E02,2026-02-05,2026-02,3,1,,,Samuel Maia & Thiago,56VW2ypm1Q60I7pd1VCj,Reva & Boone,0,,,Reva & Boone,Reva & Boone,boone & reva,Reva,Boone,,,,,,,,,,,manual,0,1
liga-2x2-online-s1-e02,Liga 2x2 Online S1-E02,2026-02-05,2026-02,3,1,,,Samuel Maia & Thiago,yarIweAMYjBQ7hkJZqKu,Samuel Maia & Thiago,1,,,Samuel Maia & Thiago,Samuel Maia & Thiago,samuel & thiago,Samuel,Thiago,,,,,,,,,,,manual,0,1
liga-2x2-online-s1-e02,Liga 2x2 Online S1-E02,2026-02-05,2026-02,3,2,,,Carlos & Errejota,dnmV75OvXzTux6llAbTM,Jorel & Martin,0,,,Jorel & Martin,Jorel & Martin,jorel & martin,Jorel,Martin,,,,,,,,,,,manual,0,1
liga-2x2-online-s1-e02,Liga 2x2 Online S1-E02,2026-02-05,2026-02,3,2,,,Carlos & Errejota,JuiLXww4SOB3t47nblyU,Carlos & Errejota,1,,,Carlos & Errejota,Carlos & Errejota,carlos & errejota,Carlos,Errejota,,,,,,,,,,,manual,0,1
liga-2x2-online-s1-e02,Liga 2x2 Online S1-E02,2026-02-05,2026-02,3,3,,,Erick & Fábio,mtWg56AgZRET20q9isy8,Marcelo & Samuel,0,,,Marcelo & Samuel,Marcelo & Samuel,marcelo & samuel,Marcelo,Samuel,,,,,,,,,,,manual,0,1
liga-2x2-online-s1-e02,Liga 2x2 Online S1-E02,2026-02-05,2026-02,3,3,,,Erick & Fábio,MgukdtqpFCWGovSzBs6r,Erick & Fábio,1,,,Erick & Fábio,Erick & Fábio,erick & fabio,Erick,Fábio,,,,,,,,,,,manual,0,1
liga-2x2-online-s1-e02,Liga 2x2 Online S1-E02,2026-02-05,2026-02,3,4,,Draw,Draw,nJsdPaC7XnkP5XpdUJVZ,Marcos Sartori & Arthur Sartori,0,,,Marcos Sartori & Arthur Sartori,Marcos Sartori & Arthur Sartori,arthur sartori & marcos sartori,Marcos Sartori,Arthur Sartori,,,,,,,,,,,manual,0,1
liga-2x2-online-s1-e02,Liga 2x2 Online S1-E02,2026-02-05,2026-02,3,4,,Draw,Draw,NM3O5De3jIdZ7EJI1kC1,Bauer & Langa,0,,,Bauer & Langa,Bauer & Langa,bauer & langa,Bauer,Langa,,,,,,,,,,,manual,0,1
liga-2x2-online-s1-e02,Liga 2x2 Online S1-E02,2026-02-05,2026-02,3,5,,,Juliano & Mateus,d6onUDRz14avzaFVYFE6,Vande & João Marmentini,0,,,Vande & Joao Marmentini,Vande & João Marmentini,joao marmentini & vande,Vande,João Marmentini,,,,,,,,,,,manual,0,1
liga-2x2-online-s1-e02,Liga 2x2 Online S1-E02,2026-02-05,2026-02,3,5,,,Juliano & Mateus,yMD2pSANi2g4mpz2pVNw,Juliano & Mateus,1,,,Juliano & Mateus,Juliano & Mateus,juliano & mateus,Juliano,Mateus,,,,,,,,,,,manual,0,1
liga-2x2-online-s1-e02,Liga 2x2 Online S1-E02,2026-02-05,2026-02,3,6,,,Gustavo Dias & Udo,qw4XxzovtDnuqfsMelKQ,Chueiry & Vicente,0,,,Chueiry & Vicente,Chueiry & Vicente,chueiry & vicente,Chueiry,Vicente,,,,,,,,,,,manual,0,1
liga-2x2-online-s1-e02,Liga 2x2 Online S1-E02,2026-02-05,2026-02,3,6,,,Gustavo Dias & Udo,1FDH3YwLOJqqhoGYjXHh,Gustavo Dias & Udo,1,,,Gustavo Dias & Udo,Gustavo Dias & Udo,gustavo dias & udo,Gustavo Dias,Udo,,,,,,,,,,,manual,0,1
liga-2x2-online-s1-e03,Liga 2x2 Online S1-E03,2026-02-19,2026-02,1,1,,,Jorel & Martin,FIWIeD1Fl6s9v6TwJ89J,Jorel & Martin,1,,,Jorel & Martin,Jorel & Martin,jorel & martin,Jorel,Martin,,,,,,,,,,,manual,0,1
liga-2x2-online-s1-e03,Liga 2x2 Online S1-E03,2026-02-19,2026-02,1,1,,,Jorel & Martin,80VymoaRewwNl83VpMMR,Marcos Sartori & Arthur Sartori,0,,,Marcos Sartori & Arthur Sartori,Marcos Sartori & Arthur Sartori,arthur sartori & marcos sartori,Marcos Sartori,Arthur Sartori,,,,,,,,,,,manual,0,1
liga-2x2-online-s1-e03,Liga 2x2 Online S1-E03,2026-02-19,2026-02,1,2,,,Carlos & Errejota,Y0QFPQR8yt8RFZGIBNrO,Carlos & Errejota,1,,,Carlos & Errejota,Carlos & Errejota,carlos & errejota,Carlos,Errejota,,,,,,,,,,,manual,0,1
liga-2x2-online-s1-e03,Liga 2x2 Online S1-E03,2026-02-19,2026-02,1,2,,,Carlos & Errejota,u2QTDQGZ71XWsb8sfpfa,Fernando Boone & Reva,0,,,Fernando Boone & Reva,Fernando Boone & Reva,boone & reva,Boone,Reva,,,,,,,,,,,manual,0,1
liga-2x2-online-s1-e03,Liga 2x2 Online S1-E03,2026-02-19,2026-02,1,3,,,Vande & João Marmentini,BKpc4Ksc7zf2dz0fYg53,Mateus & Juliano,0,,,Mateus & Juliano,Mateus & Juliano,juliano & mateus,Mateus,Juliano,,,,,,,,,,,manual,0,1
liga-2x2-online-s1-e03,Liga 2x2 Online S1-E03,2026-02-19,2026-02,1,3,,,Vande & João Marmentini,FbBDvJXnOZd0uj0Scg6D,Vande & João Marmentini,1,,,Vande & João Marmentini,Vande & João Marmentini,joao marmentini & vande,Vande,João Marmentini,,,,,,,,,,,manual,0,1
liga-2x2-online-s1-e03,Liga 2x2 Online S1-E03,2026-02-19,2026-02,1,4,,,Langa & Bauer,rpX9JwLJcdS7FSZIxLqm,Vicente & Thiago Borini,0,,,Vicente & Thiago Borini,Vicente & Thiago Borini,borini & vicente,Vicente,Borini,,,,,,,,,,,manual,0,1
liga-2x2-online-s1-e03,Liga 2x2 Online S1-E03,2026-02-19,2026-02,1,4,,,Langa & Bauer,uZB9erm2UyCSupfYRLmj,Langa & Bauer,1,,,Langa & Bauer,Langa & Bauer,bauer & langa,Langa,Bauer,,,,,,,,,,,manual,0,1
liga-2x2-online-s1-e03,Liga 2x2 Online S1-E03,2026-02-19,2026-02,2,1,,,Carlos & Errejota,FbBDvJXnOZd0uj0Scg6D,Vande & João Marmentini,0,,,Vande & João Marmentini,Vande & João Marmentini,joao marmentini & vande,Vande,João Marmentini,,,,,,,,,,,manual,0,1
liga-2x2-online-s1-e03,Liga 2x2 Online S1-E03,2026-02-19,2026-02,2,1,,,Carlos & Errejota,Y0QFPQR8yt8RFZGIBNrO,Carlos & Errejota,1,,,Carlos & Errejota,Carlos & Errejota,carlos & errejota,Carlos,Errejota,,,,,,,,,,,manual,0,1
liga-2x2-online-s1-e03,Liga 2x2 Online S1-E03,2026-02-19,2026-02,2,2,,Draw,Draw,FIWIeD1Fl6s9v6TwJ89J,Jorel & Martin,0,,,Jorel & Martin,Jorel & Martin,jorel & martin,Jorel,Martin,,,,,,,,,,,manual,0,1
liga-2x2-online-s1-e03,Liga 2x2 Online S1-E03,2026-02-19,2026-02,2,2,,Draw,Draw,uZB9erm2UyCSupfYRLmj,Langa & Bauer,0,,,Langa & Bauer,Langa & Bauer,bauer & langa,Langa,Bauer,,,,,,,,,,,manual,0,1
liga-2x2-online-s1-e03,Liga 2x2 Online S1-E03,2026-02-19,2026-02,2,3,,Draw,Draw,80VymoaRewwNl83VpMMR,Marcos Sartori & Arthur Sartori,0,,,Marcos Sartori & Arthur Sartori,Marcos Sartori & Arthur Sartori,arthur sartori & marcos sartori,Marcos Sartori,Arthur Sartori,,,,,,,,,,,manual,0,1
liga-2x2-online-s1-e03,Liga 2x2 Online S1-E03,2026-02-19,2026-02,2,3,,Draw,Draw,BKpc4Ksc7zf2dz0fYg53,Mateus & Juliano,0,,,Mateus & Juliano,Mateus & Juliano,juliano & mateus,Mateus,Juliano,,,,,,,,,,,manual,0,1
liga-2x2-online-s1-e03,Liga 2x2 Online S1-E03,2026-02-19,2026-02,2,4,,,Vicente & Thiago Borini,u2QTDQGZ71XWsb8sfpfa,Fernando Boone & Reva,0,,,Fernando Boone & Reva,Fernando Boone & Reva,boone & reva,Boone,Reva,,,,,,,,,,,manual,0,1
liga-2x2-online-s1-e03,Liga 2x2 Online S1-E03,2026-02-19,2026-02,2,4,,,Vicente & Thiago Borini,rpX9JwLJcdS7FSZIxLqm,Vicente & Thiago Borini,1,,,Vicente & Thiago Borini,Vicente & Thiago Borini,borini & vicente,Vicente,Borini,,,,,,,,,,,manual,0,1
liga-2x2-online-s1-e03,Liga 2x2 Online S1-E03,2026-02-19,2026-02,3,1,,,Langa & Bauer,Y0QFPQR8yt8RFZGIBNrO,Carlos & Errejota,0,,,Carlos & Errejota,Carlos & Errejota,carlos & errejota,Carlos,Errejota,,,,,,,,,,,manual,0,1
liga-2x2-online-s1-e03,Liga 2x2 Online S1-E03,2026-02-19,2026-02,3,1,,,Langa & Bauer,uZB9erm2UyCSupfYRLmj,Langa & Bauer,1,,,Langa & Bauer,Langa & Bauer,bauer & langa,Langa,Bauer,,,,,,,,,,,manual,0,1
liga-2x2-online-s1-e03,Liga 2x2 Online S1-E03,2026-02-19,2026-02,3,2,,,Jorel & Martin,FIWIeD1Fl6s9v6TwJ89J,Jorel & Martin,1,,,Jorel & Martin,Jorel & Martin,jorel & martin,Jorel,Martin,,,,,,,,,,,manual,0,1
liga-2x2-online-s1-e03,Liga 2x2 Online S1-E03,2026-02-19,2026-02,3,2,,,Jorel & Martin,rpX9JwLJcdS7FSZIxLqm,Vicente & Thiago Borini,0,,,Vicente & Thiago Borini,Vicente & Thiago Borini,borini & vicente,Vicente,Borini,,,,,,,,,,,manual,0,1
liga-2x2-online-s1-e03,Liga 2x2 Online S1-E03,2026-02-19,2026-02,3,3,,,Marcos Sartori & Arthur Sartori,FbBDvJXnOZd0uj0Scg6D,Vande & João Marmentini,0,,,Vande & João Marmentini,Vande & João Marmentini,joao marmentini & vande,Vande,João Marmentini,,,,,,,,,,,manual,0,1
liga-2x2-online-s1-e03,Liga 2x2 Online S1-E03,2026-02-19,2026-02,3,3,,,Marcos Sartori & Arthur Sartori,80VymoaRewwNl83VpMMR,Marcos Sartori & Arthur Sartori,1,,,Marcos Sartori & Arthur Sartori,Marcos Sartori & Arthur Sartori,arthur sartori & marcos sartori,Marcos Sartori,Arthur Sartori,,,,,,,,,,,manual,0,1
liga-2x2-online-s1-e03,Liga 2x2 Online S1-E03,2026-02-19,2026-02,3,4,,Draw,Draw,BKpc4Ksc7zf2dz0fYg53,Mateus & Juliano,0,,,Mateus & Juliano,Mateus & Juliano,juliano & mateus,Mateus,Juliano,,,,,,,,,,,manual,0,1
liga-2x2-online-s1-e03,Liga 2x2 Online S1-E03,2026-02-19,2026-02,3,4,,Draw,Draw,u2QTDQGZ71XWsb8sfpfa,Fernando Boone & Reva,0,,,Fernando Boone & Reva,Fernando Boone & Reva,boone & reva,Boone,Reva,,,,,,,,,,,manual,0,1
liga-2x2-online-s1-e04,Liga 2x2 Online S1-E04,2026-03-05,2026-03,1,1,,,Mateus & Juliano,xYYodATAXSDGXAZtvehM,Chueiry & Vicente,0,,,Chueiry & Vicente,Chueiry & Vicente,chueiry & vicente,Chueiry,Vicente,,,,,,,,,,,manual,0,1
liga-2x2-online-s1-e04,Liga 2x2 Online S1-E04,2026-03-05,2026-03,1,1,,,Mateus & Juliano,YjQpUGj3Jbs4ReKqy9Qb,Mateus & Juliano,1,,,Mateus & Juliano,Mateus & Juliano,juliano & mateus,Mateus,Juliano,,,,,,,,,,,manual,0,1
liga-2x2-online-s1-e04,Liga 2x2 Online S1-E04,2026-03-05,2026-03,1,2,,Draw,Draw,i9bNzs5ZxRbbzPW41D5C,Bauer & Langa,0,,,Bauer & Langa,Bauer & Langa,bauer & langa,Bauer,Langa,,,,,,,,,,,manual,0,1
liga-2x2-online-s1-e04,Liga 2x2 Online S1-E04,2026-03-05,2026-03,1,2,,Draw,Draw,hMoFNUlRETOHeH07r4gz,Boone & Reva,0,,,Boone & Reva,Boone & Reva,boone & reva,Boone,Reva,,,,,,,,,,,manual,0,1
liga-2x2-online-s1-e04,Liga 2x2 Online S1-E04,2026-03-05,2026-03,1,3,,Draw,Draw,nkVpGrRRriNgmf242Pbq,Jorel & Martin,0,,,Jorel & Martin,Jorel & Martin,jorel & martin,Jorel,Martin,,,,,,,,,,,manual,0,1
liga-2x2-online-s1-e04,Liga 2x2 Online S1-E04,2026-03-05,2026-03,1,3,,Draw,Draw,doHAPl9AbpN1FjVTmCQy,Glauber & João Marmentini,0,,,Glauber & João Marmentini,Glauber & João Marmentini,glauber & joao marmentini,Glauber,João Marmentini,,,,,,,,,,,manual,0,1
liga-2x2-online-s1-e04,Liga 2x2 Online S1-E04,2026-03-05,2026-03,1,4,,Draw,Draw,fet3Z2jfw1zCEpDJZr5x,Andressa & Carlindo,0,,,Andressa & Carlindo,Andressa & Carlindo,andressa & carlindo,Andressa,Carlindo,,,,,,,,,,,manual,0,1
liga-2x2-online-s1-e04,Liga 2x2 Online S1-E04,2026-03-05,2026-03,1,4,,Draw,Draw,aSGgNx3bVJRRL4ROaoIt,Marcos Sartori & Arthur Sartori,0,,,Marcos Sartori & Arthur Sartori,Marcos Sartori & Arthur Sartori,arthur sartori & marcos sartori,Marcos Sartori,Arthur Sartori,,,,,,,,,,,manual,0,1
liga-2x2-online-s1-e04,Liga 2x2 Online S1-E04,2026-03-05,2026-03,1,5,,,Rafael & Carlos,9zIQOOAW2EPcPk2VVryk,Rafael & Carlos,1,,,Rafael & Carlos,Rafael & Carlos,carlos & rafael,Rafael,Carlos,,,,,,,,,,,manual,0,1
liga-2x2-online-s1-e04,Liga 2x2 Online S1-E04,2026-03-05,2026-03,1,5,,,Rafael & Carlos,neN58DgiQ97KUiOHmYkl,Zangalli & Zangalli pai,0,,,Zangalli & Zangalli pai,Zangalli & Zangalli pai,zangalli & zangalli pai,Zangalli,Zangalli pai,,,,,,,,,,,manual,0,1
liga-2x2-online-s1-e04,Liga 2x2 Online S1-E04,2026-03-05,2026-03,2,1,,,Mateus & Juliano,9zIQOOAW2EPcPk2VVryk,Rafael & Carlos,0,,,Rafael & Carlos,Rafael & Carlos,carlos & rafael,Rafael,Carlos,,,,,,,,,,,manual,0,1
liga-2x2-online-s1-e04,Liga 2x2 Online S1-E04,2026-03-05,2026-03,2,1,,,Mateus & Juliano,YjQpUGj3Jbs4ReKqy9Qb,Mateus & Juliano,1,,,Mateus & Juliano,Mateus & Juliano,juliano & mateus,Mateus,Juliano,,,,,,,,,,,manual,0,1
liga-2x2-online-s1-e04,Liga 2x2 Online S1-E04,2026-03-05,2026-03,2,2,,,Bauer & Langa,i9bNzs5ZxRbbzPW41D5C,Bauer & Langa,1,,,Bauer & Langa,Bauer & Langa,bauer & langa,Bauer,Langa,,,,,,,,,,,manual,0,1
liga-2x2-online-s1-e04,Liga 2x2 Online S1-E04,2026-03-05,2026-03,2,2,,,Bauer & Langa,doHAPl9AbpN1FjVTmCQy,Glauber & João Marmentini,0,,,Glauber & João Marmentini,Glauber & João Marmentini,glauber & joao marmentini,Glauber,João Marmentini,,,,,,,,,,,manual,0,1
liga-2x2-online-s1-e04,Liga 2x2 Online S1-E04,2026-03-05,2026-03,2,3,,,Marcos Sartori & Arthur Sartori,aSGgNx3bVJRRL4ROaoIt,Marcos Sartori & Arthur Sartori,1,,,Marcos Sartori & Arthur Sartori,Marcos Sartori & Arthur Sartori,arthur sartori & marcos sartori,Marcos Sartori,Arthur Sartori,,,,,,,,,,,manual,0,1
liga-2x2-online-s1-e04,Liga 2x2 Online S1-E04,2026-03-05,2026-03,2,3,,,Marcos Sartori & Arthur Sartori,hMoFNUlRETOHeH07r4gz,Boone & Reva,0,,,Boone & Reva,Boone & Reva,boone & reva,Boone,Reva,,,,,,,,,,,manual,0,1
liga-2x2-online-s1-e04,Liga 2x2 Online S1-E04,2026-03-05,2026-03,2,4,,Draw,Draw,fet3Z2jfw1zCEpDJZr5x,Andressa & Carlindo,0,,,Andressa & Carlindo,Andressa & Carlindo,andressa & carlindo,Andressa,Carlindo,,,,,,,,,,,manual,0,1
liga-2x2-online-s1-e04,Liga 2x2 Online S1-E04,2026-03-05,2026-03,2,4,,Draw,Draw,nkVpGrRRriNgmf242Pbq,Jorel & Martin,0,,,Jorel & Martin,Jorel & Martin,jorel & martin,Jorel,Martin,,,,,,,,,,,manual,0,1
liga-2x2-online-s1-e04,Liga 2x2 Online S1-E04,2026-03-05,2026-03,2,5,,Draw,Draw,xYYodATAXSDGXAZtvehM,Chueiry & Vicente,0,,,Chueiry & Vicente,Chueiry & Vicente,chueiry & vicente,Chueiry,Vicente,,,,,,,,,,,manual,0,1
liga-2x2-online-s1-e04,Liga 2x2 Online S1-E04,2026-03-05,2026-03,2,5,,Draw,Draw,neN58DgiQ97KUiOHmYkl,Zangalli & Zangalli pai,0,,,Zangalli & Zangalli pai,Zangalli & Zangalli pai,zangalli & zangalli pai,Zangalli,Zangalli pai,,,,,,,,,,,manual,0,1
liga-2x2-online-s1-e04,Liga 2x2 Online S1-E04,2026-03-05,2026-03,3,1,,Draw,Draw,YjQpUGj3Jbs4ReKqy9Qb,Mateus & Juliano,0,,,Mateus & Juliano,Mateus & Juliano,juliano & mateus,Mateus,Juliano,,,,,,,,,,,manual,0,1
liga-2x2-online-s1-e04,Liga 2x2 Online S1-E04,2026-03-05,2026-03,3,1,,Draw,Draw,i9bNzs5ZxRbbzPW41D5C,Bauer & Langa,0,,,Bauer & Langa,Bauer & Langa,bauer & langa,Bauer,Langa,,,,,,,,,,,manual,0,1
liga-2x2-online-s1-e04,Liga 2x2 Online S1-E04,2026-03-05,2026-03,3,2,,,Marcos Sartori & Arthur Sartori,aSGgNx3bVJRRL4ROaoIt,Marcos Sartori & Arthur Sartori,1,,,Marcos Sartori & Arthur Sartori,Marcos Sartori & Arthur Sartori,arthur sartori & marcos sartori,Marcos Sartori,Arthur Sartori,,,,,,,,,,,manual,0,1
liga-2x2-online-s1-e04,Liga 2x2 Online S1-E04,2026-03-05,2026-03,3,2,,,Marcos Sartori & Arthur Sartori,9zIQOOAW2EPcPk2VVryk,Rafael & Carlos,0,,,Rafael & Carlos,Rafael & Carlos,carlos & rafael,Rafael,Carlos,,,,,,,,,,,manual,0,1
liga-2x2-online-s1-e04,Liga 2x2 Online S1-E04,2026-03-05,2026-03,3,3,,Draw,Draw,fet3Z2jfw1zCEpDJZr5x,Andressa & Carlindo,0,,,Andressa & Carlindo,Andressa & Carlindo,andressa & carlindo,Andressa,Carlindo,,,,,,,,,,,manual,0,1
liga-2x2-online-s1-e04,Liga 2x2 Online S1-E04,2026-03-05,2026-03,3,3,,Draw,Draw,doHAPl9AbpN1FjVTmCQy,Glauber & João Marmentini,0,,,Glauber & João Marmentini,Glauber & João Marmentini,glauber & joao marmentini,Glauber,João Marmentini,,,,,,,,,,,manual,0,1
liga-2x2-online-s1-e04,Liga 2x2 Online S1-E04,2026-03-05,2026-03,3,4,,Draw,Draw,nkVpGrRRriNgmf242Pbq,Jorel & Martin,0,,,Jorel & Martin,Jorel & Martin,jorel & martin,Jorel,Martin,,,,,,,,,,,manual,0,1
liga-2x2-online-s1-e04,Liga 2x2 Online S1-E04,2026-03-05,2026-03,3,4,,Draw,Draw,xYYodATAXSDGXAZtvehM,Chueiry & Vicente,0,,,Chueiry & Vicente,Chueiry & Vicente,chueiry & vicente,Chueiry,Vicente,,,,,,,,,,,manual,0,1
liga-2x2-online-s1-e04,Liga 2x2 Online S1-E04,2026-03-05,2026-03,3,5,,,Zangalli & Zangalli pai,neN58DgiQ97KUiOHmYkl,Zangalli & Zangalli pai,1,,,Zangalli & Zangalli pai,Zangalli & Zangalli pai,zangalli & zangalli pai,Zangalli,Zangalli pai,,,,,,,,,,,manual,0,1
liga-2x2-online-s1-e04,Liga 2x2 Online S1-E04,2026-03-05,2026-03,3,5,,,Zangalli & Zangalli pai,hMoFNUlRETOHeH07r4gz,Boone & Reva,0,,,Boone & Reva,Boone & Reva,boone & reva,Boone,Reva,,,,,,,,,,,manual,0,1
liga-2x2-online-s1-e05,Liga 2x2 Online S1-E05,2026-03-19,2026-03,1,1,,,Vande & João Marmentini,n4XCp7krNu0TCdQjkHFH,Zangas & Vina,0,,,Zangas e Vina,Zangas & Vina,vina & zangas,Zangas,Vina,,,,,,,,,,,manual,0,1
liga-2x2-online-s1-e05,Liga 2x2 Online S1-E05,2026-03-19,2026-03,1,1,,,Vande & João Marmentini,VmvY12UO2lglgzpytnKE,Vande & João Marmentini,1,,,Vande e João Marmentini,Vande & João Marmentini,joao marmentini & vande,Vande,João Marmentini,,,,,,,,,,,manual,0,1
liga-2x2-online-s1-e05,Liga 2x2 Online S1-E05,2026-03-19,2026-03,1,2,,,Bauer & Langa,f9C4YkHrZ6UXpRf43vcE,Bauer & Langa,1,,,Bauer & Langa,Bauer & Langa,bauer & langa,Bauer,Langa,,,,,,,,,,,manual,0,1
liga-2x2-online-s1-e05,Liga 2x2 Online S1-E05,2026-03-19,2026-03,1,2,,,Bauer & Langa,JX80VnViFcqEb1N8UgJj,Dellani & Martin,0,,,Dellani e Martin,Dellani & Martin,dellani & martin,Dellani,Martin,,,,,,,,,,,manual,0,1
liga-2x2-online-s1-e05,Liga 2x2 Online S1-E05,2026-03-19,2026-03,1,3,,,Mateus & Juliano,oV2owsujqrHI04uTiPbt,Cássio & Carlos,0,,,Cássio e Carlos,Cássio & Carlos,carlos & cassio,Cássio,Carlos,,,,,,,,,,,manual,0,1
liga-2x2-online-s1-e05,Liga 2x2 Online S1-E05,2026-03-19,2026-03,1,3,,,Mateus & Juliano,doyQeU1oxYSnANeB4Mxj,Mateus & Juliano,1,,,Mateus e Juliano,Mateus & Juliano,juliano & mateus,Mateus,Juliano,,,,,,,,,,,manual,0,1
liga-2x2-online-s1-e05,Liga 2x2 Online S1-E05,2026-03-19,2026-03,1,4,,,Reva & Boone,SQ6J3BKbcsNCRTpCWML1,Vicente & Andressa,0,,,Vicente e Andressa,Vicente & Andressa,andressa & vicente,Vicente,Andressa,,,,,,,,,,,manual,0,1
liga-2x2-online-s1-e05,Liga 2x2 Online S1-E05,2026-03-19,2026-03,1,4,,,Reva & Boone,qcC9j5qiSD32CTw0hEfJ,Reva & Boone,1,,,Reva e Boone,Reva & Boone,boone & reva,Reva,Boone,,,,,,,,,,,manual,0,1
liga-2x2-online-s1-e05,Liga 2x2 Online S1-E05,2026-03-19,2026-03,2,1,,Draw,Draw,VmvY12UO2lglgzpytnKE,Vande & João Marmentini,0,,,Vande e João Marmentini,Vande & João Marmentini,joao marmentini & vande,Vande,João Marmentini,,,,,,,,,,,manual,0,1
liga-2x2-online-s1-e05,Liga 2x2 Online S1-E05,2026-03-19,2026-03,2,1,,Draw,Draw,qcC9j5qiSD32CTw0hEfJ,Reva & Boone,0,,,Reva e Boone,Reva & Boone,boone & reva,Reva,Boone,,,,,,,,,,,manual,0,1
liga-2x2-online-s1-e05,Liga 2x2 Online S1-E05,2026-03-19,2026-03,2,2,,,Bauer & Langa,f9C4YkHrZ6UXpRf43vcE,Bauer & Langa,1,,,Bauer & Langa,Bauer & Langa,bauer & langa,Bauer,Langa,,,,,,,,,,,manual,0,1
liga-2x2-online-s1-e05,Liga 2x2 Online S1-E05,2026-03-19,2026-03,2,2,,,Bauer & Langa,doyQeU1oxYSnANeB4Mxj,Mateus & Juliano,0,,,Mateus e Juliano,Mateus & Juliano,juliano & mateus,Mateus,Juliano,,,,,,,,,,,manual,0,1
liga-2x2-online-s1-e05,Liga 2x2 Online S1-E05,2026-03-19,2026-03,2,3,,,Zangas & Vina,n4XCp7krNu0TCdQjkHFH,Zangas & Vina,1,,,Zangas e Vina,Zangas & Vina,vina & zangas,Zangas,Vina,,,,,,,,,,,manual,0,1
liga-2x2-online-s1-e05,Liga 2x2 Online S1-E05,2026-03-19,2026-03,2,3,,,Zangas & Vina,oV2owsujqrHI04uTiPbt,Cássio & Carlos,0,,,Cássio e Carlos,Cássio & Carlos,carlos & cassio,Cássio,Carlos,,,,,,,,,,,manual,0,1
liga-2x2-online-s1-e05,Liga 2x2 Online S1-E05,2026-03-19,2026-03,2,4,,,Dellani & Martin,JX80VnViFcqEb1N8UgJj,Dellani & Martin,1,,,Dellani e Martin,Dellani & Martin,dellani & martin,Dellani,Martin,,,,,,,,,,,manual,0,1
liga-2x2-online-s1-e05,Liga 2x2 Online S1-E05,2026-03-19,2026-03,2,4,,,Dellani & Martin,SQ6J3BKbcsNCRTpCWML1,Vicente & Andressa,0,,,Vicente e Andressa,Vicente & Andressa,andressa & vicente,Vicente,Andressa,,,,,,,,,,,manual,0,1
liga-2x2-online-s1-e05,Liga 2x2 Online S1-E05,2026-03-19,2026-03,3,1,,,Reva & Boone,f9C4YkHrZ6UXpRf43vcE,Bauer & Langa,0,,,Bauer & Langa,Bauer & Langa,bauer & langa,Bauer,Langa,,,,,,,,,,,manual,0,1
liga-2x2-online-s1-e05,Liga 2x2 Online S1-E05,2026-03-19,2026-03,3,1,,,Reva & Boone,qcC9j5qiSD32CTw0hEfJ,Reva & Boone,1,,,Reva e Boone,Reva & Boone,boone & reva,Reva,Boone,,,,,,,,,,,manual,0,1
liga-2x2-online-s1-e05,Liga 2x2 Online S1-E05,2026-03-19,2026-03,3,2,,,Vande & João Marmentini,VmvY12UO2lglgzpytnKE,Vande & João Marmentini,1,,,Vande e João Marmentini,Vande & João Marmentini,joao marmentini & vande,Vande,João Marmentini,,,,,,,,,,,manual,0,1
liga-2x2-online-s1-e05,Liga 2x2 Online S1-E05,2026-03-19,2026-03,3,2,,,Vande & João Marmentini,doyQeU1oxYSnANeB4Mxj,Mateus & Juliano,0,,,Mateus e Juliano,Mateus & Juliano,juliano & mateus,Mateus,Juliano,,,,,,,,,,,manual,0,1
liga-2x2-online-s1-e05,Liga 2x2 Online S1-E05,2026-03-19,2026-03,3,3,,,Zangas & Vina,JX80VnViFcqEb1N8UgJj,Dellani & Martin,0,,,Dellani e Martin,Dellani & Martin,dellani & martin,Dellani,Martin,,,,,,,,,,,manual,0,1
liga-2x2-online-s1-e05,Liga 2x2 Online S1-E05,2026-03-19,2026-03,3,3,,,Zangas & Vina,n4XCp7krNu0TCdQjkHFH,Zangas & Vina,1,,,Zangas e Vina,Zangas & Vina,vina & zangas,Zangas,Vina,,,,,,,,,,,manual,0,1
liga-2x2-online-s1-e05,Liga 2x2 Online S1-E05,2026-03-19,2026-03,3,4,,,Cássio & Carlos,SQ6J3BKbcsNCRTpCWML1,Vicente & Andressa,0,,,Vicente e Andressa,Vicente & Andressa,andressa & vicente,Vicente,Andressa,,,,,,,,,,,manual,0,1
liga-2x2-online-s1-e05,Liga 2x2 Online S1-E05,2026-03-19,2026-03,3,4,,,Cássio & Carlos,oV2owsujqrHI04uTiPbt,Cássio & Carlos,1,,,Cássio e Carlos,Cássio & Carlos,carlos & cassio,Cássio,Carlos,,,,,,,,,,,manual,0,1
liga-2x2-online-s2-e1,Liga 2x2 Online S2-E1,2026-04-02,2026-04,1,1,,,Arthur Sartori & Marcos Sartori,dvyQiXAcsz8GCW8V5Uco,Juliano & Mateus,0,,,Mateus & Juliano,Juliano & Mateus,juliano & mateus,Mateus,Juliano,Jeskai Striker,Virtude e Valor,https://moxfield.com/decks/GqSQ24NIJkq-144dkab-HQ,https://moxfield.com/decks/Oo_99oH5K0ifS25Wzu5qLw,Jeskai Striker,Virtude e Valor,Jeskai Striker,Virtue and Valor,Tarkir Dragonstorm,Wilds of Eldraine,manual,0,0
liga-2x2-online-s2-e1,Liga 2x2 Online S2-E1,2026-04-02,2026-04,1,1,,,Arthur Sartori & Marcos Sartori,3apYDDvemfpF8HDzcdyC,Arthur Sartori & Marcos Sartori,1,,,Marcos Sartori & Arthur Sartori,Arthur Sartori & Marcos Sartori,arthur sartori & marcos sartori,Marcos Sartori,Arthur Sartori,Festa dos Planeswalker,Scions & Spellcraft,https://moxfield.com/decks/BYtodI0bP02r4z6UCkNkOg,https://moxfield.com/decks/r_IFt9Gc3UqaULfoAEjVvg,Festa dos Planeswalker,Scions & Spellcraft,Planeswalker Party,Scions & Spellcraft,Commander Masters,Final Fantasy,manual,0,0
liga-2x2-online-s2-e1,Liga 2x2 Online S2-E1,2026-04-02,2026-04,1,2,,,Erick & Rogério Nascimento,TyPECA8vVCs6dvQfrlzl,Boone & Reva,0,,,Boone & Reva,Boone & Reva,boone & reva,Boone,Reva,Içar Velas,"Ave, Caesar",https://moxfield.com/decks/2wB6WsbRwU-ZdNlWHu6VKg,https://moxfield.com/decks/a6xg5ghnH0C-IB5PPqTZBQ,Içar Velas,"Ave, Caesar",Ahoy Mateys,"Hail, Caesar",The Lost Caverns of Ixalan,Fallout,manual,0,0
liga-2x2-online-s2-e1,Liga 2x2 Online S2-E1,2026-04-02,2026-04,1,2,,,Erick & Rogério Nascimento,LUHa84fUOZfzUeo4rVPI,Erick & Rogério Nascimento,1,,,Erick & ⁨Rogério Nascimento,Erick & Rogério Nascimento,erick & rogerio nascimento,Erick,Rogério Nascimento,Limit Break,World Shaper,https://moxfield.com/decks/pTUR6p0yNkOoxDNqo8TMEw,https://moxfield.com/decks/n04yWsMGvUCmMQ8ImxJ_0A,Limit Break,World Shaper,Limit Break,World Shaper,Final Fantasy,Edge of Eternities,manual,0,0
liga-2x2-online-s2-e1,Liga 2x2 Online S2-E1,2026-04-02,2026-04,1,3,,Draw,Draw,ZoM1O2YPQFYqADGAS7Pk,João Marmentini & Vande,0,,,Vande & Joao Marmentini,João Marmentini & Vande,joao marmentini & vande,Vande,João Marmentini,Içar Velas,Virtude e Valor,https://moxfield.com/decks/2wB6WsbRwU-ZdNlWHu6VKg,https://moxfield.com/decks/Oo_99oH5K0ifS25Wzu5qLw,Içar Velas,Virtude e Valor,Ahoy Mateys,Virtue and Valor,The Lost Caverns of Ixalan,Wilds of Eldraine,manual,0,0
liga-2x2-online-s2-e1,Liga 2x2 Online S2-E1,2026-04-02,2026-04,1,3,,Draw,Draw,oVeKrH0NvjEGxCAA3UKI,Jorel & Martin,0,,,Martin & Jorel,Jorel & Martin,jorel & martin,Martin,Jorel,Counter Blitz,Turtle Power!,https://moxfield.com/decks/sDazpxFOb0S9IAdQSA_7lg,https://moxfield.com/decks/igKb7qATmkmYaX3M7hB4Sg,Counter Blitz,Turtle Power!,Counter Blitz,Turtle Power!,Final Fantasy,Teenage Mutant Ninja Turtles,manual,0,0
liga-2x2-online-s2-e1,Liga 2x2 Online S2-E1,2026-04-02,2026-04,2,1,,,Chueiry & Vicente,LUHa84fUOZfzUeo4rVPI,Erick & Rogério Nascimento,0,,,Erick & ⁨Rogério Nascimento,Erick & Rogério Nascimento,erick & rogerio nascimento,Erick,Rogério Nascimento,Limit Break,World Shaper,https://moxfield.com/decks/pTUR6p0yNkOoxDNqo8TMEw,https://moxfield.com/decks/n04yWsMGvUCmMQ8ImxJ_0A,Limit Break,World Shaper,Limit Break,World Shaper,Final Fantasy,Edge of Eternities,manual,0,0
liga-2x2-online-s2-e1,Liga 2x2 Online S2-E1,2026-04-02,2026-04,2,1,,,Chueiry & Vicente,bL2vbeVCrVyyV1MmYgjL,Chueiry & Vicente,1,,,Chueiry & Vicente,Chueiry & Vicente,chueiry & vicente,Chueiry,Vicente,Festa dos Planeswalker,Turtle Power!,https://moxfield.com/decks/BYtodI0bP02r4z6UCkNkOg,https://moxfield.com/decks/igKb7qATmkmYaX3M7hB4Sg,Festa dos Planeswalker,Turtle Power!,Planeswalker Party,Turtle Power!,Commander Masters,Teenage Mutant Ninja Turtles,manual,0,0
liga-2x2-online-s2-e1,Liga 2x2 Online S2-E1,2026-04-02,2026-04,2,2,,Draw,Draw,3apYDDvemfpF8HDzcdyC,Arthur Sartori & Marcos Sartori,0,,,Marcos Sartori & Arthur Sartori,Arthur Sartori & Marcos Sartori,arthur sartori & marcos sartori,Marcos Sartori,Arthur Sartori,Festa dos Planeswalker,Scions & Spellcraft,https://moxfield.com/decks/BYtodI0bP02r4z6UCkNkOg,https://moxfield.com/decks/r_IFt9Gc3UqaULfoAEjVvg,Festa dos Planeswalker,Scions & Spellcraft,Planeswalker Party,Scions & Spellcraft,Commander Masters,Final Fantasy,manual,0,0
liga-2x2-online-s2-e1,Liga 2x2 Online S2-E1,2026-04-02,2026-04,2,2,,Draw,Draw,oVeKrH0NvjEGxCAA3UKI,Jorel & Martin,0,,,Martin & Jorel,Jorel & Martin,jorel & martin,Martin,Jorel,Counter Blitz,Turtle Power!,https://moxfield.com/decks/sDazpxFOb0S9IAdQSA_7lg,https://moxfield.com/decks/igKb7qATmkmYaX3M7hB4Sg,Counter Blitz,Turtle Power!,Counter Blitz,Turtle Power!,Final Fantasy,Teenage Mutant Ninja Turtles,manual,0,0
liga-2x2-online-s2-e1,Liga 2x2 Online S2-E1,2026-04-02,2026-04,2,3,,,Boone & Reva,ZoM1O2YPQFYqADGAS7Pk,João Marmentini & Vande,0,,,Vande & Joao Marmentini,João Marmentini & Vande,joao marmentini & vande,Vande,João Marmentini,Içar Velas,Virtude e Valor,https://moxfield.com/decks/2wB6WsbRwU-ZdNlWHu6VKg,https://moxfield.com/decks/Oo_99oH5K0ifS25Wzu5qLw,Içar Velas,Virtude e Valor,Ahoy Mateys,Virtue and Valor,The Lost Caverns of Ixalan,Wilds of Eldraine,manual,0,0
liga-2x2-online-s2-e1,Liga 2x2 Online S2-E1,2026-04-02,2026-04,2,3,,,Boone & Reva,TyPECA8vVCs6dvQfrlzl,Boone & Reva,1,,,Boone & Reva,Boone & Reva,boone & reva,Boone,Reva,Içar Velas,"Ave, Caesar",https://moxfield.com/decks/2wB6WsbRwU-ZdNlWHu6VKg,https://moxfield.com/decks/a6xg5ghnH0C-IB5PPqTZBQ,Içar Velas,"Ave, Caesar",Ahoy Mateys,"Hail, Caesar",The Lost Caverns of Ixalan,Fallout,manual,0,0
liga-2x2-online-s2-e1,Liga 2x2 Online S2-E1,2026-04-02,2026-04,3,1,,,Arthur Sartori & Marcos Sartori,bL2vbeVCrVyyV1MmYgjL,Chueiry & Vicente,0,,,Chueiry & Vicente,Chueiry & Vicente,chueiry & vicente,Chueiry,Vicente,Festa dos Planeswalker,Turtle Power!,https://moxfield.com/decks/BYtodI0bP02r4z6UCkNkOg,https://moxfield.com/decks/igKb7qATmkmYaX3M7hB4Sg,Festa dos Planeswalker,Turtle Power!,Planeswalker Party,Turtle Power!,Commander Masters,Teenage Mutant Ninja Turtles,manual,0,0
liga-2x2-online-s2-e1,Liga 2x2 Online S2-E1,2026-04-02,2026-04,3,1,,,Arthur Sartori & Marcos Sartori,3apYDDvemfpF8HDzcdyC,Arthur Sartori & Marcos Sartori,1,,,Marcos Sartori & Arthur Sartori,Arthur Sartori & Marcos Sartori,arthur sartori & marcos sartori,Marcos Sartori,Arthur Sartori,Festa dos Planeswalker,Scions & Spellcraft,https://moxfield.com/decks/BYtodI0bP02r4z6UCkNkOg,https://moxfield.com/decks/r_IFt9Gc3UqaULfoAEjVvg,Festa dos Planeswalker,Scions & Spellcraft,Planeswalker Party,Scions & Spellcraft,Commander Masters,Final Fantasy,manual,0,0
liga-2x2-online-s2-e1,Liga 2x2 Online S2-E1,2026-04-02,2026-04,3,2,,,Juliano & Mateus,dvyQiXAcsz8GCW8V5Uco,Juliano & Mateus,1,,,Mateus & Juliano,Juliano & Mateus,juliano & mateus,Mateus,Juliano,Jeskai Striker,Virtude e Valor,https://moxfield.com/decks/GqSQ24NIJkq-144dkab-HQ,https://moxfield.com/decks/Oo_99oH5K0ifS25Wzu5qLw,Jeskai Striker,Virtude e Valor,Jeskai Striker,Virtue and Valor,Tarkir Dragonstorm,Wilds of Eldraine,manual,0,0
liga-2x2-online-s2-e1,Liga 2x2 Online S2-E1,2026-04-02,2026-04,3,2,,,Juliano & Mateus,TyPECA8vVCs6dvQfrlzl,Boone & Reva,0,,,Boone & Reva,Boone & Reva,boone & reva,Boone,Reva,Içar Velas,"Ave, Caesar",https://moxfield.com/decks/2wB6WsbRwU-ZdNlWHu6VKg,https://moxfield.com/decks/a6xg5ghnH0C-IB5PPqTZBQ,Içar Velas,"Ave, Caesar",Ahoy Mateys,"Hail, Caesar",The Lost Caverns of Ixalan,Fallout,manual,0,0
liga-2x2-online-s2-e1,Liga 2x2 Online S2-E1,2026-04-02,2026-04,3,3,,Draw,Draw,LUHa84fUOZfzUeo4rVPI,Erick & Rogério Nascimento,0,,,Erick & ⁨Rogério Nascimento,Erick & Rogério Nascimento,erick & rogerio nascimento,Erick,Rogério Nascimento,Limit Break,World Shaper,https://moxfield.com/decks/pTUR6p0yNkOoxDNqo8TMEw,https://moxfield.com/decks/n04yWsMGvUCmMQ8ImxJ_0A,Limit Break,World Shaper,Limit Break,World Shaper,Final Fantasy,Edge of Eternities,manual,0,0
liga-2x2-online-s2-e1,Liga 2x2 Online S2-E1,2026-04-02,2026-04,3,3,,Draw,Draw,oVeKrH0NvjEGxCAA3UKI,Jorel & Martin,0,,,Martin & Jorel,Jorel & Martin,jorel & martin,Martin,Jorel,Counter Blitz,Turtle Power!,https://moxfield.com/decks/sDazpxFOb0S9IAdQSA_7lg,https://moxfield.com/decks/igKb7qATmkmYaX3M7hB4Sg,Counter Blitz,Turtle Power!,Counter Blitz,Turtle Power!,Final Fantasy,Teenage Mutant Ninja Turtles,manual,0,0
liga-2x2-online-s2-e2,Liga 2x2 Online S2-E2,2026-04-16,2026-04,1,1,,,Borini & Vicente,07kh34H4VNbdVRCR5YhA,Borini & Vicente,1,,,Vicente & Thiago Borini,Borini & Vicente,borini & vicente,Vicente,Borini,Jeskai Striker,Abzan Armor,https://moxfield.com/decks/GqSQ24NIJkq-144dkab-HQ,https://moxfield.com/decks/hdTiRiY5IEyCJFL2BR8cyg,Jeskai Striker,Abzan Armor,Jeskai Striker,Abzan Armor,Tarkir Dragonstorm,Tarkir Dragonstorm,manual,0,0
liga-2x2-online-s2-e2,Liga 2x2 Online S2-E2,2026-04-16,2026-04,1,1,,,Borini & Vicente,H7FK6fNs1O1UYHNBS6tD,Jorel & Martin,0,,,Martin & Jorel,Jorel & Martin,jorel & martin,Martin,Jorel,Jeskai Striker,Domínio das Fadinas,https://moxfield.com/decks/GqSQ24NIJkq-144dkab-HQ,https://moxfield.com/decks/ErDyBjAnKE6l5TqX6wMxdg,Jeskai Striker,Domínio das Fadinas,Jeskai Striker,Fae Dominion,Tarkir Dragonstorm,Wilds of Eldraine,manual,0,0
liga-2x2-online-s2-e2,Liga 2x2 Online S2-E2,2026-04-16,2026-04,1,2,,,Bells & Greowtty,uVQgHlyTUJzaqa3pNYow,Bells & Greowtty,1,,,Bells & Greowtty,Bells & Greowtty,bells & greowtty,Bells,Greowtty,Virtude e Valor,Masters of Evil,https://moxfield.com/decks/Oo_99oH5K0ifS25Wzu5qLw,https://moxfield.com/decks/9i25pXMDhES76C-1-gBZKA,Virtude e Valor,Masters of Evil,Virtue and Valor,Masters of Evil,Wilds of Eldraine,Doctor Who,manual,0,0
liga-2x2-online-s2-e2,Liga 2x2 Online S2-E2,2026-04-16,2026-04,1,2,,,Bells & Greowtty,VTTYN2ZYZyKap8tRNvsK,Elder Mancini & Glaicon,0,,,Elder Mancini & Glaicon,Elder Mancini & Glaicon,elder mancini & glaicon,Elder Mancini,Glaicon,Counter Blitz,Enxame Tiranídeo,https://moxfield.com/decks/sDazpxFOb0S9IAdQSA_7lg,https://moxfield.com/decks/QJe_FP2DjUOOXtPk4I446Q,Counter Blitz,Enxame Tiranídeo,Counter Blitz,Tyranid Swarm,Final Fantasy,Warhammer 40.000,manual,0,0
liga-2x2-online-s2-e2,Liga 2x2 Online S2-E2,2026-04-16,2026-04,1,3,,Draw,Draw,EHHlAKScWZwxtGssvJKa,Arthur Sartori & Marcos Sartori,0,,,Marcos Sartori & Arthur Sartori,Arthur Sartori & Marcos Sartori,arthur sartori & marcos sartori,Marcos Sartori,Arthur Sartori,Festa dos Planeswalker,Scions & Spellcraft,https://moxfield.com/decks/BYtodI0bP02r4z6UCkNkOg,https://moxfield.com/decks/r_IFt9Gc3UqaULfoAEjVvg,Festa dos Planeswalker,Scions & Spellcraft,Planeswalker Party,Scions & Spellcraft,Commander Masters,Final Fantasy,manual,0,0
liga-2x2-online-s2-e2,Liga 2x2 Online S2-E2,2026-04-16,2026-04,1,3,,Draw,Draw,dfvS2rVaI1VaCpusXnKm,Juliano & Mateus,0,,,Mateus & Juliano,Juliano & Mateus,juliano & mateus,Mateus,Juliano,Jeskai Striker,Içar Velas,https://moxfield.com/decks/GqSQ24NIJkq-144dkab-HQ,https://moxfield.com/decks/2wB6WsbRwU-ZdNlWHu6VKg,Jeskai Striker,Içar Velas,Jeskai Striker,Ahoy Mateys,Tarkir Dragonstorm,The Lost Caverns of Ixalan,manual,0,0
liga-2x2-online-s2-e2,Liga 2x2 Online S2-E2,2026-04-16,2026-04,1,4,,Draw,Draw,hTFaYhrdnAIdUq0dkTaV,Rafael Mendes & Rogério Nascimento,0,,,Rogério Nascimento & Rafael Mendes,Rafael Mendes & Rogério Nascimento,rafael mendes & rogerio nascimento,Rogério Nascimento,Rafael Mendes,World Shaper,Turtle Power!,https://moxfield.com/decks/n04yWsMGvUCmMQ8ImxJ_0A,https://moxfield.com/decks/igKb7qATmkmYaX3M7hB4Sg,World Shaper,Turtle Power!,World Shaper,Turtle Power!,Edge of Eternities,Teenage Mutant Ninja Turtles,manual,0,0
liga-2x2-online-s2-e2,Liga 2x2 Online S2-E2,2026-04-16,2026-04,1,4,,Draw,Draw,fDKqnqxvd58h9xxnQj1i,Carlos & Cássio,0,,,Cássio & Carlos,Carlos & Cássio,carlos & cassio,Cássio,Carlos,Animated Army,Saída do Exílio,https://moxfield.com/decks/IZBQnOST_kWlQtqytb75rg,https://moxfield.com/decks/KxwR1gan906BkACQCgMZHg,Animated Army,Saída do Exílio,Animated Army,Exit from Exile,Bloomburrow,Commander Legends: Battle for Baldur's Gate,manual,0,0
liga-2x2-online-s2-e2,Liga 2x2 Online S2-E2,2026-04-16,2026-04,1,5,,,Gustavo Dias & Reva,uoOIh0uZzl4mzJadSQ2E,Gustavo Dias & Reva,1,,,Reva & Gustavo Dias,Gustavo Dias & Reva,gustavo dias & reva,Reva,Gustavo Dias,"Ave, Caesar",Temur Roar,https://moxfield.com/decks/a6xg5ghnH0C-IB5PPqTZBQ,https://moxfield.com/decks/sao-2xrGqUCIfv46edPgmw,"Ave, Caesar",Temur Roar,"Hail, Caesar",Temur Roar,Fallout,Tarkir Dragonstorm,manual,0,0
liga-2x2-online-s2-e2,Liga 2x2 Online S2-E2,2026-04-16,2026-04,1,5,,,Gustavo Dias & Reva,vqVSkFLMa14B0Y0okDfV,João Marmentini & Vande,0,,,Vande & João Marmentini,João Marmentini & Vande,joao marmentini & vande,Vande,João Marmentini,Endless Punishment,Squirreled Away,https://moxfield.com/decks/eg5J71BzAU-yctY6lRn12Q,https://moxfield.com/decks/4xEJiagwvEGelJy9ojLtZA,Endless Punishment,Squirreled Away,Endless Punishment,Squirreled Away,Duskmourn: House of Horror,Bloomburrow,manual,0,0
liga-2x2-online-s2-e2,Liga 2x2 Online S2-E2,2026-04-16,2026-04,2,1,,Draw,Draw,07kh34H4VNbdVRCR5YhA,Borini & Vicente,0,,,Vicente & Thiago Borini,Borini & Vicente,borini & vicente,Vicente,Borini,Jeskai Striker,Abzan Armor,https://moxfield.com/decks/GqSQ24NIJkq-144dkab-HQ,https://moxfield.com/decks/hdTiRiY5IEyCJFL2BR8cyg,Jeskai Striker,Abzan Armor,Jeskai Striker,Abzan Armor,Tarkir Dragonstorm,Tarkir Dragonstorm,manual,0,0
liga-2x2-online-s2-e2,Liga 2x2 Online S2-E2,2026-04-16,2026-04,2,1,,Draw,Draw,uVQgHlyTUJzaqa3pNYow,Bells & Greowtty,0,,,Bells & Greowtty,Bells & Greowtty,bells & greowtty,Bells,Greowtty,Virtude e Valor,Masters of Evil,https://moxfield.com/decks/Oo_99oH5K0ifS25Wzu5qLw,https://moxfield.com/decks/9i25pXMDhES76C-1-gBZKA,Virtude e Valor,Masters of Evil,Virtue and Valor,Masters of Evil,Wilds of Eldraine,Doctor Who,manual,0,0
liga-2x2-online-s2-e2,Liga 2x2 Online S2-E2,2026-04-16,2026-04,2,2,,,Bauer & Langa,uoOIh0uZzl4mzJadSQ2E,Gustavo Dias & Reva,0,,,Reva & Gustavo Dias,Gustavo Dias & Reva,gustavo dias & reva,Reva,Gustavo Dias,"Ave, Caesar",Temur Roar,https://moxfield.com/decks/a6xg5ghnH0C-IB5PPqTZBQ,https://moxfield.com/decks/sao-2xrGqUCIfv46edPgmw,"Ave, Caesar",Temur Roar,"Hail, Caesar",Temur Roar,Fallout,Tarkir Dragonstorm,manual,0,0
liga-2x2-online-s2-e2,Liga 2x2 Online S2-E2,2026-04-16,2026-04,2,2,,,Bauer & Langa,EkZtAKdOhB9PpT1PNxsq,Bauer & Langa,1,,,Bauer & Langa,Bauer & Langa,bauer & langa,Bauer,Langa,Scions & Spellcraft,Içar Velas,https://moxfield.com/decks/r_IFt9Gc3UqaULfoAEjVvg,https://moxfield.com/decks/2wB6WsbRwU-ZdNlWHu6VKg,Scions & Spellcraft,Içar Velas,Scions & Spellcraft,Ahoy Mateys,Final Fantasy,The Lost Caverns of Ixalan,manual,0,0
liga-2x2-online-s2-e2,Liga 2x2 Online S2-E2,2026-04-16,2026-04,2,3,,,Arthur Sartori & Marcos Sartori,EHHlAKScWZwxtGssvJKa,Arthur Sartori & Marcos Sartori,1,,,Marcos Sartori & Arthur Sartori,Arthur Sartori & Marcos Sartori,arthur sartori & marcos sartori,Marcos Sartori,Arthur Sartori,Festa dos Planeswalker,Scions & Spellcraft,https://moxfield.com/decks/BYtodI0bP02r4z6UCkNkOg,https://moxfield.com/decks/r_IFt9Gc3UqaULfoAEjVvg,Festa dos Planeswalker,Scions & Spellcraft,Planeswalker Party,Scions & Spellcraft,Commander Masters,Final Fantasy,manual,0,0
liga-2x2-online-s2-e2,Liga 2x2 Online S2-E2,2026-04-16,2026-04,2,3,,,Arthur Sartori & Marcos Sartori,hTFaYhrdnAIdUq0dkTaV,Rafael Mendes & Rogério Nascimento,0,,,Rogério Nascimento & Rafael Mendes,Rafael Mendes & Rogério Nascimento,rafael mendes & rogerio nascimento,Rogério Nascimento,Rafael Mendes,World Shaper,Turtle Power!,https://moxfield.com/decks/n04yWsMGvUCmMQ8ImxJ_0A,https://moxfield.com/decks/igKb7qATmkmYaX3M7hB4Sg,World Shaper,Turtle Power!,World Shaper,Turtle Power!,Edge of Eternities,Teenage Mutant Ninja Turtles,manual,0,0
liga-2x2-online-s2-e2,Liga 2x2 Online S2-E2,2026-04-16,2026-04,2,4,,,Carlos & Cássio,dfvS2rVaI1VaCpusXnKm,Juliano & Mateus,0,,,Mateus & Juliano,Juliano & Mateus,juliano & mateus,Mateus,Juliano,Jeskai Striker,Içar Velas,https://moxfield.com/decks/GqSQ24NIJkq-144dkab-HQ,https://moxfield.com/decks/2wB6WsbRwU-ZdNlWHu6VKg,Jeskai Striker,Içar Velas,Jeskai Striker,Ahoy Mateys,Tarkir Dragonstorm,The Lost Caverns of Ixalan,manual,0,0
liga-2x2-online-s2-e2,Liga 2x2 Online S2-E2,2026-04-16,2026-04,2,4,,,Carlos & Cássio,fDKqnqxvd58h9xxnQj1i,Carlos & Cássio,1,,,Cássio & Carlos,Carlos & Cássio,carlos & cassio,Cássio,Carlos,Animated Army,Saída do Exílio,https://moxfield.com/decks/IZBQnOST_kWlQtqytb75rg,https://moxfield.com/decks/KxwR1gan906BkACQCgMZHg,Animated Army,Saída do Exílio,Animated Army,Exit from Exile,Bloomburrow,Commander Legends: Battle for Baldur's Gate,manual,0,0
liga-2x2-online-s2-e2,Liga 2x2 Online S2-E2,2026-04-16,2026-04,2,5,,,Jorel & Martin,H7FK6fNs1O1UYHNBS6tD,Jorel & Martin,1,,,Martin & Jorel,Jorel & Martin,jorel & martin,Martin,Jorel,Jeskai Striker,Domínio das Fadinas,https://moxfield.com/decks/GqSQ24NIJkq-144dkab-HQ,https://moxfield.com/decks/ErDyBjAnKE6l5TqX6wMxdg,Jeskai Striker,Domínio das Fadinas,Jeskai Striker,Fae Dominion,Tarkir Dragonstorm,Wilds of Eldraine,manual,0,0
liga-2x2-online-s2-e2,Liga 2x2 Online S2-E2,2026-04-16,2026-04,2,5,,,Jorel & Martin,vqVSkFLMa14B0Y0okDfV,João Marmentini & Vande,0,,,Vande & João Marmentini,João Marmentini & Vande,joao marmentini & vande,Vande,João Marmentini,Endless Punishment,Squirreled Away,https://moxfield.com/decks/eg5J71BzAU-yctY6lRn12Q,https://moxfield.com/decks/4xEJiagwvEGelJy9ojLtZA,Endless Punishment,Squirreled Away,Endless Punishment,Squirreled Away,Duskmourn: House of Horror,Bloomburrow,manual,0,0
liga-2x2-online-s2-e2,Liga 2x2 Online S2-E2,2026-04-16,2026-04,3,1,,,Bells & Greowtty,EkZtAKdOhB9PpT1PNxsq,Bauer & Langa,0,,,Bauer & Langa,Bauer & Langa,bauer & langa,Bauer,Langa,Scions & Spellcraft,Içar Velas,https://moxfield.com/decks/r_IFt9Gc3UqaULfoAEjVvg,https://moxfield.com/decks/2wB6WsbRwU-ZdNlWHu6VKg,Scions & Spellcraft,Içar Velas,Scions & Spellcraft,Ahoy Mateys,Final Fantasy,The Lost Caverns of Ixalan,manual,0,0
liga-2x2-online-s2-e2,Liga 2x2 Online S2-E2,2026-04-16,2026-04,3,1,,,Bells & Greowtty,uVQgHlyTUJzaqa3pNYow,Bells & Greowtty,1,,,Bells & Greowtty,Bells & Greowtty,bells & greowtty,Bells,Greowtty,Virtude e Valor,Masters of Evil,https://moxfield.com/decks/Oo_99oH5K0ifS25Wzu5qLw,https://moxfield.com/decks/9i25pXMDhES76C-1-gBZKA,Virtude e Valor,Masters of Evil,Virtue and Valor,Masters of Evil,Wilds of Eldraine,Doctor Who,manual,0,0
liga-2x2-online-s2-e2,Liga 2x2 Online S2-E2,2026-04-16,2026-04,3,2,,,Carlos & Cássio,EHHlAKScWZwxtGssvJKa,Arthur Sartori & Marcos Sartori,0,,,Marcos Sartori & Arthur Sartori,Arthur Sartori & Marcos Sartori,arthur sartori & marcos sartori,Marcos Sartori,Arthur Sartori,Festa dos Planeswalker,Scions & Spellcraft,https://moxfield.com/decks/BYtodI0bP02r4z6UCkNkOg,https://moxfield.com/decks/r_IFt9Gc3UqaULfoAEjVvg,Festa dos Planeswalker,Scions & Spellcraft,Planeswalker Party,Scions & Spellcraft,Commander Masters,Final Fantasy,manual,0,0
liga-2x2-online-s2-e2,Liga 2x2 Online S2-E2,2026-04-16,2026-04,3,2,,,Carlos & Cássio,fDKqnqxvd58h9xxnQj1i,Carlos & Cássio,1,,,Cássio & Carlos,Carlos & Cássio,carlos & cassio,Cássio,Carlos,Animated Army,Saída do Exílio,https://moxfield.com/decks/IZBQnOST_kWlQtqytb75rg,https://moxfield.com/decks/KxwR1gan906BkACQCgMZHg,Animated Army,Saída do Exílio,Animated Army,Exit from Exile,Bloomburrow,Commander Legends: Battle for Baldur's Gate,manual,0,0
liga-2x2-online-s2-e2,Liga 2x2 Online S2-E2,2026-04-16,2026-04,3,3,,,Elder Mancini & Glaicon,07kh34H4VNbdVRCR5YhA,Borini & Vicente,0,,,Vicente & Thiago Borini,Borini & Vicente,borini & vicente,Vicente,Borini,Jeskai Striker,Abzan Armor,https://moxfield.com/decks/GqSQ24NIJkq-144dkab-HQ,https://moxfield.com/decks/hdTiRiY5IEyCJFL2BR8cyg,Jeskai Striker,Abzan Armor,Jeskai Striker,Abzan Armor,Tarkir Dragonstorm,Tarkir Dragonstorm,manual,0,0
liga-2x2-online-s2-e2,Liga 2x2 Online S2-E2,2026-04-16,2026-04,3,3,,,Elder Mancini & Glaicon,VTTYN2ZYZyKap8tRNvsK,Elder Mancini & Glaicon,1,,,Elder Mancini & Glaicon,Elder Mancini & Glaicon,elder mancini & glaicon,Elder Mancini,Glaicon,Counter Blitz,Enxame Tiranídeo,https://moxfield.com/decks/sDazpxFOb0S9IAdQSA_7lg,https://moxfield.com/decks/QJe_FP2DjUOOXtPk4I446Q,Counter Blitz,Enxame Tiranídeo,Counter Blitz,Tyranid Swarm,Final Fantasy,Warhammer 40.000,manual,0,0
liga-2x2-online-s2-e2,Liga 2x2 Online S2-E2,2026-04-16,2026-04,3,4,,,Jorel & Martin,H7FK6fNs1O1UYHNBS6tD,Jorel & Martin,1,,,Martin & Jorel,Jorel & Martin,jorel & martin,Martin,Jorel,Jeskai Striker,Domínio das Fadinas,https://moxfield.com/decks/GqSQ24NIJkq-144dkab-HQ,https://moxfield.com/decks/ErDyBjAnKE6l5TqX6wMxdg,Jeskai Striker,Domínio das Fadinas,Jeskai Striker,Fae Dominion,Tarkir Dragonstorm,Wilds of Eldraine,manual,0,0
liga-2x2-online-s2-e2,Liga 2x2 Online S2-E2,2026-04-16,2026-04,3,4,,,Jorel & Martin,uoOIh0uZzl4mzJadSQ2E,Gustavo Dias & Reva,0,,,Reva & Gustavo Dias,Gustavo Dias & Reva,gustavo dias & reva,Reva,Gustavo Dias,"Ave, Caesar",Temur Roar,https://moxfield.com/decks/a6xg5ghnH0C-IB5PPqTZBQ,https://moxfield.com/decks/sao-2xrGqUCIfv46edPgmw,"Ave, Caesar",Temur Roar,"Hail, Caesar",Temur Roar,Fallout,Tarkir Dragonstorm,manual,0,0
liga-2x2-online-s2-e2,Liga 2x2 Online S2-E2,2026-04-16,2026-04,3,5,,,Rafael Mendes & Rogério Nascimento,hTFaYhrdnAIdUq0dkTaV,Rafael Mendes & Rogério Nascimento,1,,,Rogério Nascimento & Rafael Mendes,Rafael Mendes & Rogério Nascimento,rafael mendes & rogerio nascimento,Rogério Nascimento,Rafael Mendes,World Shaper,Turtle Power!,https://moxfield.com/decks/n04yWsMGvUCmMQ8ImxJ_0A,https://moxfield.com/decks/igKb7qATmkmYaX3M7hB4Sg,World Shaper,Turtle Power!,World Shaper,Turtle Power!,Edge of Eternities,Teenage Mutant Ninja Turtles,manual,0,0
liga-2x2-online-s2-e2,Liga 2x2 Online S2-E2,2026-04-16,2026-04,3,5,,,Rafael Mendes & Rogério Nascimento,dfvS2rVaI1VaCpusXnKm,Juliano & Mateus,0,,,Mateus & Juliano,Juliano & Mateus,juliano & mateus,Mateus,Juliano,Jeskai Striker,Içar Velas,https://moxfield.com/decks/GqSQ24NIJkq-144dkab-HQ,https://moxfield.com/decks/2wB6WsbRwU-ZdNlWHu6VKg,Jeskai Striker,Içar Velas,Jeskai Striker,Ahoy Mateys,Tarkir Dragonstorm,The Lost Caverns of Ixalan,manual,0,0
liga-2x2-online-s2-e3,Liga 2x2 Online S2-E3,2026-04-30,2026-04,1,1,,Draw,Draw,Kod4aRfvWZ22tvoAl2Je,Juliano & Mateus,0,,,Mateus & Juliano,Juliano & Mateus,juliano & mateus,Mateus,Juliano,Içar Velas,Jeskai Striker,https://moxfield.com/decks/2wB6WsbRwU-ZdNlWHu6VKg,https://moxfield.com/decks/GqSQ24NIJkq-144dkab-HQ,Içar Velas,Jeskai Striker,Ahoy Mateys,Jeskai Striker,The Lost Caverns of Ixalan,Tarkir Dragonstorm,manual,0,0
liga-2x2-online-s2-e3,Liga 2x2 Online S2-E3,2026-04-30,2026-04,1,1,,Draw,Draw,nd8KBDAcrrdYMjzhcK1a,Carlos & Cássio,0,,,Cássio & Carlos,Carlos & Cássio,carlos & cassio,Cássio,Carlos,Animated Army,Saída do Exílio,https://moxfield.com/decks/IZBQnOST_kWlQtqytb75rg,https://moxfield.com/decks/KxwR1gan906BkACQCgMZHg,Animated Army,Saída do Exílio,Animated Army,Exit from Exile,Bloomburrow,Commander Legends: Battle for Baldur's Gate,manual,0,0
liga-2x2-online-s2-e3,Liga 2x2 Online S2-E3,2026-04-30,2026-04,1,2,,Draw,Draw,I8V55E6jlMX0duAddSSN,Arthur Sartori & Marcos Sartori,0,,,Marcos Sartori & Arthur Sartori,Arthur Sartori & Marcos Sartori,arthur sartori & marcos sartori,Marcos Sartori,Arthur Sartori,Festa dos Planeswalker,Scions & Spellcraft,https://moxfield.com/decks/BYtodI0bP02r4z6UCkNkOg,https://moxfield.com/decks/r_IFt9Gc3UqaULfoAEjVvg,Festa dos Planeswalker,Scions & Spellcraft,Planeswalker Party,Scions & Spellcraft,Commander Masters,Final Fantasy,manual,0,0
liga-2x2-online-s2-e3,Liga 2x2 Online S2-E3,2026-04-30,2026-04,1,2,,Draw,Draw,o6NgKSs02T7AmXHkcqm7,Bells & Greowtty,0,,,Bells & Greowtty,Bells & Greowtty,bells & greowtty,Bells,Greowtty,Temur Roar,Ciência!,https://moxfield.com/decks/sao-2xrGqUCIfv46edPgmw,https://moxfield.com/decks/MGW4G6BLH0aqomnBukdqVg,Temur Roar,Ciência!,Temur Roar,Science!,Tarkir Dragonstorm,Fallout,manual,0,0
liga-2x2-online-s2-e3,Liga 2x2 Online S2-E3,2026-04-30,2026-04,1,3,,,Borini & Vicente,HQJmew1lN4qczAFCXc48,Bauer & Gustavo Dias,0,,,Gustavo Dias & Bauer,Bauer & Gustavo Dias,bauer & gustavo dias,Gustavo Dias,Bauer,Squirreled Away,Scions & Spellcraft,https://moxfield.com/decks/4xEJiagwvEGelJy9ojLtZA,https://moxfield.com/decks/r_IFt9Gc3UqaULfoAEjVvg,Squirreled Away,Scions & Spellcraft,Squirreled Away,Scions & Spellcraft,Bloomburrow,Final Fantasy,manual,0,0
liga-2x2-online-s2-e3,Liga 2x2 Online S2-E3,2026-04-30,2026-04,1,3,,,Borini & Vicente,CrT92zmahJfCKDy5zSE3,Borini & Vicente,1,,,Borini & Vicente,Borini & Vicente,borini & vicente,Borini,Vicente,Abzan Armor,Prismari Artistry,https://moxfield.com/decks/hdTiRiY5IEyCJFL2BR8cyg,https://moxfield.com/decks/Fh99bHrQZ0KLu34C2JXu5w,Abzan Armor,Prismari Artistry,Abzan Armor,Prismari Artistry,Tarkir Dragonstorm,Secrets of Strixhaven,manual,0,0
liga-2x2-online-s2-e3,Liga 2x2 Online S2-E3,2026-04-30,2026-04,1,4,,,João Marmentini & Vande,xb9z2XQvgiW3nKuamD0S,João Marmentini & Vande,1,,,Vande & João Marmentini,João Marmentini & Vande,joao marmentini & vande,Vande,João Marmentini,Scions & Spellcraft,Endless Punishment,https://moxfield.com/decks/r_IFt9Gc3UqaULfoAEjVvg,https://moxfield.com/decks/eg5J71BzAU-yctY6lRn12Q,Scions & Spellcraft,Endless Punishment,Scions & Spellcraft,Endless Punishment,Final Fantasy,Duskmourn: House of Horror,manual,0,0
liga-2x2-online-s2-e3,Liga 2x2 Online S2-E3,2026-04-30,2026-04,1,4,,,João Marmentini & Vande,sggdwX3F55jTw9H31Uqg,Boone & Reva,0,,,Boone & Reva,Boone & Reva,boone & reva,Boone,Reva,Festa dos Planeswalker,"Ave, Caesar",https://moxfield.com/decks/BYtodI0bP02r4z6UCkNkOg,https://moxfield.com/decks/a6xg5ghnH0C-IB5PPqTZBQ,Festa dos Planeswalker,"Ave, Caesar",Planeswalker Party,"Hail, Caesar",Commander Masters,Fallout,manual,0,0
liga-2x2-online-s2-e3,Liga 2x2 Online S2-E3,2026-04-30,2026-04,2,1,,,João Marmentini & Vande,xb9z2XQvgiW3nKuamD0S,João Marmentini & Vande,1,,,Vande & João Marmentini,João Marmentini & Vande,joao marmentini & vande,Vande,João Marmentini,Scions & Spellcraft,Endless Punishment,https://moxfield.com/decks/r_IFt9Gc3UqaULfoAEjVvg,https://moxfield.com/decks/eg5J71BzAU-yctY6lRn12Q,Scions & Spellcraft,Endless Punishment,Scions & Spellcraft,Endless Punishment,Final Fantasy,Duskmourn: House of Horror,manual,0,0
liga-2x2-online-s2-e3,Liga 2x2 Online S2-E3,2026-04-30,2026-04,2,1,,,João Marmentini & Vande,CrT92zmahJfCKDy5zSE3,Borini & Vicente,0,,,Borini & Vicente,Borini & Vicente,borini & vicente,Borini,Vicente,Abzan Armor,Prismari Artistry,https://moxfield.com/decks/hdTiRiY5IEyCJFL2BR8cyg,https://moxfield.com/decks/Fh99bHrQZ0KLu34C2JXu5w,Abzan Armor,Prismari Artistry,Abzan Armor,Prismari Artistry,Tarkir Dragonstorm,Secrets of Strixhaven,manual,0,0
liga-2x2-online-s2-e3,Liga 2x2 Online S2-E3,2026-04-30,2026-04,2,2,,,Arthur Sartori & Marcos Sartori,I8V55E6jlMX0duAddSSN,Arthur Sartori & Marcos Sartori,1,,,Marcos Sartori & Arthur Sartori,Arthur Sartori & Marcos Sartori,arthur sartori & marcos sartori,Marcos Sartori,Arthur Sartori,Festa dos Planeswalker,Scions & Spellcraft,https://moxfield.com/decks/BYtodI0bP02r4z6UCkNkOg,https://moxfield.com/decks/r_IFt9Gc3UqaULfoAEjVvg,Festa dos Planeswalker,Scions & Spellcraft,Planeswalker Party,Scions & Spellcraft,Commander Masters,Final Fantasy,manual,0,0
liga-2x2-online-s2-e3,Liga 2x2 Online S2-E3,2026-04-30,2026-04,2,2,,,Arthur Sartori & Marcos Sartori,nd8KBDAcrrdYMjzhcK1a,Carlos & Cássio,0,,,Cássio & Carlos,Carlos & Cássio,carlos & cassio,Cássio,Carlos,Animated Army,Saída do Exílio,https://moxfield.com/decks/IZBQnOST_kWlQtqytb75rg,https://moxfield.com/decks/KxwR1gan906BkACQCgMZHg,Animated Army,Saída do Exílio,Animated Army,Exit from Exile,Bloomburrow,Commander Legends: Battle for Baldur's Gate,manual,0,0
liga-2x2-online-s2-e3,Liga 2x2 Online S2-E3,2026-04-30,2026-04,2,3,,,Bells & Greowtty,o6NgKSs02T7AmXHkcqm7,Bells & Greowtty,1,,,Bells & Greowtty,Bells & Greowtty,bells & greowtty,Bells,Greowtty,Temur Roar,Ciência!,https://moxfield.com/decks/sao-2xrGqUCIfv46edPgmw,https://moxfield.com/decks/MGW4G6BLH0aqomnBukdqVg,Temur Roar,Ciência!,Temur Roar,Science!,Tarkir Dragonstorm,Fallout,manual,0,0
liga-2x2-online-s2-e3,Liga 2x2 Online S2-E3,2026-04-30,2026-04,2,3,,,Bells & Greowtty,Kod4aRfvWZ22tvoAl2Je,Juliano & Mateus,0,,,Mateus & Juliano,Juliano & Mateus,juliano & mateus,Mateus,Juliano,Içar Velas,Jeskai Striker,https://moxfield.com/decks/2wB6WsbRwU-ZdNlWHu6VKg,https://moxfield.com/decks/GqSQ24NIJkq-144dkab-HQ,Içar Velas,Jeskai Striker,Ahoy Mateys,Jeskai Striker,The Lost Caverns of Ixalan,Tarkir Dragonstorm,manual,0,0
liga-2x2-online-s2-e3,Liga 2x2 Online S2-E3,2026-04-30,2026-04,2,4,,Draw,Draw,HQJmew1lN4qczAFCXc48,Bauer & Gustavo Dias,0,,,Gustavo Dias & Bauer,Bauer & Gustavo Dias,bauer & gustavo dias,Gustavo Dias,Bauer,Squirreled Away,Scions & Spellcraft,https://moxfield.com/decks/4xEJiagwvEGelJy9ojLtZA,https://moxfield.com/decks/r_IFt9Gc3UqaULfoAEjVvg,Squirreled Away,Scions & Spellcraft,Squirreled Away,Scions & Spellcraft,Bloomburrow,Final Fantasy,manual,0,0
liga-2x2-online-s2-e3,Liga 2x2 Online S2-E3,2026-04-30,2026-04,2,4,,Draw,Draw,sggdwX3F55jTw9H31Uqg,Boone & Reva,0,,,Boone & Reva,Boone & Reva,boone & reva,Boone,Reva,Festa dos Planeswalker,"Ave, Caesar",https://moxfield.com/decks/BYtodI0bP02r4z6UCkNkOg,https://moxfield.com/decks/a6xg5ghnH0C-IB5PPqTZBQ,Festa dos Planeswalker,"Ave, Caesar",Planeswalker Party,"Hail, Caesar",Commander Masters,Fallout,manual,0,0
liga-2x2-online-s2-e3,Liga 2x2 Online S2-E3,2026-04-30,2026-04,3,1,,Draw,Draw,xb9z2XQvgiW3nKuamD0S,João Marmentini & Vande,0,,,Vande & João Marmentini,João Marmentini & Vande,joao marmentini & vande,Vande,João Marmentini,Scions & Spellcraft,Endless Punishment,https://moxfield.com/decks/r_IFt9Gc3UqaULfoAEjVvg,https://moxfield.com/decks/eg5J71BzAU-yctY6lRn12Q,Scions & Spellcraft,Endless Punishment,Scions & Spellcraft,Endless Punishment,Final Fantasy,Duskmourn: House of Horror,manual,0,0
liga-2x2-online-s2-e3,Liga 2x2 Online S2-E3,2026-04-30,2026-04,3,1,,Draw,Draw,o6NgKSs02T7AmXHkcqm7,Bells & Greowtty,0,,,Bells & Greowtty,Bells & Greowtty,bells & greowtty,Bells,Greowtty,Temur Roar,Ciência!,https://moxfield.com/decks/sao-2xrGqUCIfv46edPgmw,https://moxfield.com/decks/MGW4G6BLH0aqomnBukdqVg,Temur Roar,Ciência!,Temur Roar,Science!,Tarkir Dragonstorm,Fallout,manual,0,0
liga-2x2-online-s2-e3,Liga 2x2 Online S2-E3,2026-04-30,2026-04,3,2,,,Arthur Sartori & Marcos Sartori,I8V55E6jlMX0duAddSSN,Arthur Sartori & Marcos Sartori,1,,,Marcos Sartori & Arthur Sartori,Arthur Sartori & Marcos Sartori,arthur sartori & marcos sartori,Marcos Sartori,Arthur Sartori,Festa dos Planeswalker,Scions & Spellcraft,https://moxfield.com/decks/BYtodI0bP02r4z6UCkNkOg,https://moxfield.com/decks/r_IFt9Gc3UqaULfoAEjVvg,Festa dos Planeswalker,Scions & Spellcraft,Planeswalker Party,Scions & Spellcraft,Commander Masters,Final Fantasy,manual,0,0
liga-2x2-online-s2-e3,Liga 2x2 Online S2-E3,2026-04-30,2026-04,3,2,,,Arthur Sartori & Marcos Sartori,CrT92zmahJfCKDy5zSE3,Borini & Vicente,0,,,Borini & Vicente,Borini & Vicente,borini & vicente,Borini,Vicente,Abzan Armor,Prismari Artistry,https://moxfield.com/decks/hdTiRiY5IEyCJFL2BR8cyg,https://moxfield.com/decks/Fh99bHrQZ0KLu34C2JXu5w,Abzan Armor,Prismari Artistry,Abzan Armor,Prismari Artistry,Tarkir Dragonstorm,Secrets of Strixhaven,manual,0,0
liga-2x2-online-s2-e3,Liga 2x2 Online S2-E3,2026-04-30,2026-04,3,3,,,Boone & Reva,sggdwX3F55jTw9H31Uqg,Boone & Reva,1,,,Boone & Reva,Boone & Reva,boone & reva,Boone,Reva,Festa dos Planeswalker,"Ave, Caesar",https://moxfield.com/decks/BYtodI0bP02r4z6UCkNkOg,https://moxfield.com/decks/a6xg5ghnH0C-IB5PPqTZBQ,Festa dos Planeswalker,"Ave, Caesar",Planeswalker Party,"Hail, Caesar",Commander Masters,Fallout,manual,0,0
liga-2x2-online-s2-e3,Liga 2x2 Online S2-E3,2026-04-30,2026-04,3,3,,,Boone & Reva,nd8KBDAcrrdYMjzhcK1a,Carlos & Cássio,0,,,Cássio & Carlos,Carlos & Cássio,carlos & cassio,Cássio,Carlos,Animated Army,Saída do Exílio,https://moxfield.com/decks/IZBQnOST_kWlQtqytb75rg,https://moxfield.com/decks/KxwR1gan906BkACQCgMZHg,Animated Army,Saída do Exílio,Animated Army,Exit from Exile,Bloomburrow,Commander Legends: Battle for Baldur's Gate,manual,0,0
liga-2x2-online-s2-e3,Liga 2x2 Online S2-E3,2026-04-30,2026-04,3,4,,Draw,Draw,Kod4aRfvWZ22tvoAl2Je,Juliano & Mateus,0,,,Mateus & Juliano,Juliano & Mateus,juliano & mateus,Mateus,Juliano,Içar Velas,Jeskai Striker,https://moxfield.com/decks/2wB6WsbRwU-ZdNlWHu6VKg,https://moxfield.com/decks/GqSQ24NIJkq-144dkab-HQ,Içar Velas,Jeskai Striker,Ahoy Mateys,Jeskai Striker,The Lost Caverns of Ixalan,Tarkir Dragonstorm,manual,0,0
liga-2x2-online-s2-e3,Liga 2x2 Online S2-E3,2026-04-30,2026-04,3,4,,Draw,Draw,HQJmew1lN4qczAFCXc48,Bauer & Gustavo Dias,0,,,Gustavo Dias & Bauer,Bauer & Gustavo Dias,bauer & gustavo dias,Gustavo Dias,Bauer,Squirreled Away,Scions & Spellcraft,https://moxfield.com/decks/4xEJiagwvEGelJy9ojLtZA,https://moxfield.com/decks/r_IFt9Gc3UqaULfoAEjVvg,Squirreled Away,Scions & Spellcraft,Squirreled Away,Scions & Spellcraft,Bloomburrow,Final Fantasy,manual,0,0
liga-2x2-online-s2-e4,Liga 2x2 Online S2-E4,2026-05-14,2026-05,1,1,,,Carlos & Cássio,4YOAlIOdJs413ZUxzWUE,Carlos & Cássio,1,,,Cássio & Carlos,Carlos & Cássio,carlos & cassio,Cássio,Carlos,Animated Army,Squirreled Away,https://moxfield.com/decks/IZBQnOST_kWlQtqytb75rg,https://moxfield.com/decks/4xEJiagwvEGelJy9ojLtZA,Animated Army,Squirreled Away,Animated Army,Squirreled Away,Bloomburrow,Bloomburrow,manual,0,0
liga-2x2-online-s2-e4,Liga 2x2 Online S2-E4,2026-05-14,2026-05,1,1,,,Carlos & Cássio,id2atwiYn3CKnyYe1dEu,Boone & Reva,0,,,Boone & Reva,Boone & Reva,boone & reva,Boone,Reva,Içar Velas,"Ave, Caesar",https://moxfield.com/decks/2wB6WsbRwU-ZdNlWHu6VKg,https://moxfield.com/decks/a6xg5ghnH0C-IB5PPqTZBQ,Içar Velas,"Ave, Caesar",Ahoy Mateys,"Hail, Caesar",The Lost Caverns of Ixalan,Fallout,manual,0,0
liga-2x2-online-s2-e4,Liga 2x2 Online S2-E4,2026-05-14,2026-05,1,2,,,Arthur Sartori & Marcos Sartori,R75rZAqaX2zsbRh9NzVw,João Marmentini & Vande,0,,,Vande & João Marmentini,João Marmentini & Vande,joao marmentini & vande,Vande,João Marmentini,Virtude e Valor,Silverquill Influence,https://moxfield.com/decks/Oo_99oH5K0ifS25Wzu5qLw,https://moxfield.com/decks/g9rcUGSiR02aO2Ozof0rNA,Virtude e Valor,Silverquill Influence,Virtue and Valor,Silverquill Influence,Wilds of Eldraine,Secrets of Strixhaven,manual,0,0
liga-2x2-online-s2-e4,Liga 2x2 Online S2-E4,2026-05-14,2026-05,1,2,,,Arthur Sartori & Marcos Sartori,5H22KtFrycpvziBSY2PJ,Arthur Sartori & Marcos Sartori,1,,,Marcos Sartori & Arthur Sartori,Arthur Sartori & Marcos Sartori,arthur sartori & marcos sartori,Marcos Sartori,Arthur Sartori,Festa dos Planeswalker,Scions & Spellcraft,https://moxfield.com/decks/BYtodI0bP02r4z6UCkNkOg,https://moxfield.com/decks/r_IFt9Gc3UqaULfoAEjVvg,Festa dos Planeswalker,Scions & Spellcraft,Planeswalker Party,Scions & Spellcraft,Commander Masters,Final Fantasy,manual,0,0
liga-2x2-online-s2-e4,Liga 2x2 Online S2-E4,2026-05-14,2026-05,1,3,,,Bauer & Langa,sN3sDxxpkkeocqa9Xkio,Borini & Vicente,0,,,Borini & Vicente,Borini & Vicente,borini & vicente,Borini,Vicente,Lorehold Spirit,Silverquill Influence,https://moxfield.com/decks/u6bBAgiZn0aXxjms4_-J9A,https://moxfield.com/decks/g9rcUGSiR02aO2Ozof0rNA,Lorehold Spirit,Silverquill Influence,Lorehold Spirit,Silverquill Influence,Secrets of Strixhaven,Secrets of Strixhaven,manual,0,0
liga-2x2-online-s2-e4,Liga 2x2 Online S2-E4,2026-05-14,2026-05,1,3,,,Bauer & Langa,QZ89wxBLstENHnhqxDMC,Bauer & Langa,1,,,Bauer & Langa,Bauer & Langa,bauer & langa,Bauer,Langa,Festa dos Planeswalker,Içar Velas,https://moxfield.com/decks/BYtodI0bP02r4z6UCkNkOg,https://moxfield.com/decks/2wB6WsbRwU-ZdNlWHu6VKg,Festa dos Planeswalker,Içar Velas,Planeswalker Party,Ahoy Mateys,Commander Masters,The Lost Caverns of Ixalan,manual,0,0
liga-2x2-online-s2-e4,Liga 2x2 Online S2-E4,2026-05-14,2026-05,1,4,,,Jorel & Martin,sCSBgilzOb8wrd53CkBx,Jorel & Martin,1,,,Martin & Jorel,Jorel & Martin,jorel & martin,Martin,Jorel,Lorehold Spirit,Quandrix Unlimited,https://moxfield.com/decks/u6bBAgiZn0aXxjms4_-J9A,https://moxfield.com/decks/ht3IDMDxnU2VOMi7MAhtFg,Lorehold Spirit,Quandrix Unlimited,Lorehold Spirit,Quandrix Unlimited,Secrets of Strixhaven,Secrets of Strixhaven,manual,0,0
liga-2x2-online-s2-e4,Liga 2x2 Online S2-E4,2026-05-14,2026-05,1,4,,,Jorel & Martin,QtDrsWsB43AdMv90nqN8,Bells & Greowtty,0,,,Bells & Greowty,Bells & Greowtty,bells & greowtty,Bells,Greowtty,Quandrix Unlimited,Maelstrom Arcano,https://moxfield.com/decks/ht3IDMDxnU2VOMi7MAhtFg,https://moxfield.com/decks/9dBPnvVgpE6CUYp-3EHlAw,Quandrix Unlimited,Maelstrom Arcano,Quandrix Unlimited,Arcane Maelstrom,Secrets of Strixhaven,Commander 2020 - Ikoria,manual,0,0
liga-2x2-online-s2-e4,Liga 2x2 Online S2-E4,2026-05-14,2026-05,2,1,,,Carlos & Cássio,4YOAlIOdJs413ZUxzWUE,Carlos & Cássio,1,,,Cássio & Carlos,Carlos & Cássio,carlos & cassio,Cássio,Carlos,Animated Army,Squirreled Away,https://moxfield.com/decks/IZBQnOST_kWlQtqytb75rg,https://moxfield.com/decks/4xEJiagwvEGelJy9ojLtZA,Animated Army,Squirreled Away,Animated Army,Squirreled Away,Bloomburrow,Bloomburrow,manual,0,0
liga-2x2-online-s2-e4,Liga 2x2 Online S2-E4,2026-05-14,2026-05,2,1,,,Carlos & Cássio,QZ89wxBLstENHnhqxDMC,Bauer & Langa,0,,,Bauer & Langa,Bauer & Langa,bauer & langa,Bauer,Langa,Festa dos Planeswalker,Içar Velas,https://moxfield.com/decks/BYtodI0bP02r4z6UCkNkOg,https://moxfield.com/decks/2wB6WsbRwU-ZdNlWHu6VKg,Festa dos Planeswalker,Içar Velas,Planeswalker Party,Ahoy Mateys,Commander Masters,The Lost Caverns of Ixalan,manual,0,0
liga-2x2-online-s2-e4,Liga 2x2 Online S2-E4,2026-05-14,2026-05,2,2,,,Arthur Sartori & Marcos Sartori,5H22KtFrycpvziBSY2PJ,Arthur Sartori & Marcos Sartori,1,,,Marcos Sartori & Arthur Sartori,Arthur Sartori & Marcos Sartori,arthur sartori & marcos sartori,Marcos Sartori,Arthur Sartori,Festa dos Planeswalker,Scions & Spellcraft,https://moxfield.com/decks/BYtodI0bP02r4z6UCkNkOg,https://moxfield.com/decks/r_IFt9Gc3UqaULfoAEjVvg,Festa dos Planeswalker,Scions & Spellcraft,Planeswalker Party,Scions & Spellcraft,Commander Masters,Final Fantasy,manual,0,0
liga-2x2-online-s2-e4,Liga 2x2 Online S2-E4,2026-05-14,2026-05,2,2,,,Arthur Sartori & Marcos Sartori,sCSBgilzOb8wrd53CkBx,Jorel & Martin,0,,,Martin & Jorel,Jorel & Martin,jorel & martin,Martin,Jorel,Lorehold Spirit,Quandrix Unlimited,https://moxfield.com/decks/u6bBAgiZn0aXxjms4_-J9A,https://moxfield.com/decks/ht3IDMDxnU2VOMi7MAhtFg,Lorehold Spirit,Quandrix Unlimited,Lorehold Spirit,Quandrix Unlimited,Secrets of Strixhaven,Secrets of Strixhaven,manual,0,0
liga-2x2-online-s2-e4,Liga 2x2 Online S2-E4,2026-05-14,2026-05,2,3,,,Boone & Reva,R75rZAqaX2zsbRh9NzVw,João Marmentini & Vande,0,,,Vande & João Marmentini,João Marmentini & Vande,joao marmentini & vande,Vande,João Marmentini,Virtude e Valor,Silverquill Influence,https://moxfield.com/decks/Oo_99oH5K0ifS25Wzu5qLw,https://moxfield.com/decks/g9rcUGSiR02aO2Ozof0rNA,Virtude e Valor,Silverquill Influence,Virtue and Valor,Silverquill Influence,Wilds of Eldraine,Secrets of Strixhaven,manual,0,0
liga-2x2-online-s2-e4,Liga 2x2 Online S2-E4,2026-05-14,2026-05,2,3,,,Boone & Reva,id2atwiYn3CKnyYe1dEu,Boone & Reva,1,,,Boone & Reva,Boone & Reva,boone & reva,Boone,Reva,Içar Velas,"Ave, Caesar",https://moxfield.com/decks/2wB6WsbRwU-ZdNlWHu6VKg,https://moxfield.com/decks/a6xg5ghnH0C-IB5PPqTZBQ,Içar Velas,"Ave, Caesar",Ahoy Mateys,"Hail, Caesar",The Lost Caverns of Ixalan,Fallout,manual,0,0
liga-2x2-online-s2-e4,Liga 2x2 Online S2-E4,2026-05-14,2026-05,2,4,,,Bells & Greowtty,QtDrsWsB43AdMv90nqN8,Bells & Greowtty,1,,,Bells & Greowty,Bells & Greowtty,bells & greowtty,Bells,Greowtty,Quandrix Unlimited,Maelstrom Arcano,https://moxfield.com/decks/ht3IDMDxnU2VOMi7MAhtFg,https://moxfield.com/decks/9dBPnvVgpE6CUYp-3EHlAw,Quandrix Unlimited,Maelstrom Arcano,Quandrix Unlimited,Arcane Maelstrom,Secrets of Strixhaven,Commander 2020 - Ikoria,manual,0,0
liga-2x2-online-s2-e4,Liga 2x2 Online S2-E4,2026-05-14,2026-05,2,4,,,Bells & Greowtty,sN3sDxxpkkeocqa9Xkio,Borini & Vicente,0,,,Borini & Vicente,Borini & Vicente,borini & vicente,Borini,Vicente,Lorehold Spirit,Silverquill Influence,https://moxfield.com/decks/u6bBAgiZn0aXxjms4_-J9A,https://moxfield.com/decks/g9rcUGSiR02aO2Ozof0rNA,Lorehold Spirit,Silverquill Influence,Lorehold Spirit,Silverquill Influence,Secrets of Strixhaven,Secrets of Strixhaven,manual,0,0
liga-2x2-online-s2-e4,Liga 2x2 Online S2-E4,2026-05-14,2026-05,3,1,,,Carlos & Cássio,4YOAlIOdJs413ZUxzWUE,Carlos & Cássio,1,,,Cássio & Carlos,Carlos & Cássio,carlos & cassio,Cássio,Carlos,Animated Army,Squirreled Away,https://moxfield.com/decks/IZBQnOST_kWlQtqytb75rg,https://moxfield.com/decks/4xEJiagwvEGelJy9ojLtZA,Animated Army,Squirreled Away,Animated Army,Squirreled Away,Bloomburrow,Bloomburrow,manual,0,0
liga-2x2-online-s2-e4,Liga 2x2 Online S2-E4,2026-05-14,2026-05,3,1,,,Carlos & Cássio,5H22KtFrycpvziBSY2PJ,Arthur Sartori & Marcos Sartori,0,,,Marcos Sartori & Arthur Sartori,Arthur Sartori & Marcos Sartori,arthur sartori & marcos sartori,Marcos Sartori,Arthur Sartori,Festa dos Planeswalker,Scions & Spellcraft,https://moxfield.com/decks/BYtodI0bP02r4z6UCkNkOg,https://moxfield.com/decks/r_IFt9Gc3UqaULfoAEjVvg,Festa dos Planeswalker,Scions & Spellcraft,Planeswalker Party,Scions & Spellcraft,Commander Masters,Final Fantasy,manual,0,0
liga-2x2-online-s2-e4,Liga 2x2 Online S2-E4,2026-05-14,2026-05,3,2,,,Bells & Greowtty,QtDrsWsB43AdMv90nqN8,Bells & Greowtty,1,,,Bells & Greowty,Bells & Greowtty,bells & greowtty,Bells,Greowtty,Quandrix Unlimited,Maelstrom Arcano,https://moxfield.com/decks/ht3IDMDxnU2VOMi7MAhtFg,https://moxfield.com/decks/9dBPnvVgpE6CUYp-3EHlAw,Quandrix Unlimited,Maelstrom Arcano,Quandrix Unlimited,Arcane Maelstrom,Secrets of Strixhaven,Commander 2020 - Ikoria,manual,0,0
liga-2x2-online-s2-e4,Liga 2x2 Online S2-E4,2026-05-14,2026-05,3,2,,,Bells & Greowtty,id2atwiYn3CKnyYe1dEu,Boone & Reva,0,,,Boone & Reva,Boone & Reva,boone & reva,Boone,Reva,Içar Velas,"Ave, Caesar",https://moxfield.com/decks/2wB6WsbRwU-ZdNlWHu6VKg,https://moxfield.com/decks/a6xg5ghnH0C-IB5PPqTZBQ,Içar Velas,"Ave, Caesar",Ahoy Mateys,"Hail, Caesar",The Lost Caverns of Ixalan,Fallout,manual,0,0
liga-2x2-online-s2-e4,Liga 2x2 Online S2-E4,2026-05-14,2026-05,3,3,,,Jorel & Martin,sCSBgilzOb8wrd53CkBx,Jorel & Martin,1,,,Martin & Jorel,Jorel & Martin,jorel & martin,Martin,Jorel,Lorehold Spirit,Quandrix Unlimited,https://moxfield.com/decks/u6bBAgiZn0aXxjms4_-J9A,https://moxfield.com/decks/ht3IDMDxnU2VOMi7MAhtFg,Lorehold Spirit,Quandrix Unlimited,Lorehold Spirit,Quandrix Unlimited,Secrets of Strixhaven,Secrets of Strixhaven,manual,0,0
liga-2x2-online-s2-e4,Liga 2x2 Online S2-E4,2026-05-14,2026-05,3,3,,,Jorel & Martin,QZ89wxBLstENHnhqxDMC,Bauer & Langa,0,,,Bauer & Langa,Bauer & Langa,bauer & langa,Bauer,Langa,Festa dos Planeswalker,Içar Velas,https://moxfield.com/decks/BYtodI0bP02r4z6UCkNkOg,https://moxfield.com/decks/2wB6WsbRwU-ZdNlWHu6VKg,Festa dos Planeswalker,Içar Velas,Planeswalker Party,Ahoy Mateys,Commander Masters,The Lost Caverns of Ixalan,manual,0,0
liga-2x2-online-s2-e4,Liga 2x2 Online S2-E4,2026-05-14,2026-05,3,4,,,João Marmentini & Vande,sN3sDxxpkkeocqa9Xkio,Borini & Vicente,0,,,Borini & Vicente,Borini & Vicente,borini & vicente,Borini,Vicente,Lorehold Spirit,Silverquill Influence,https://moxfield.com/decks/u6bBAgiZn0aXxjms4_-J9A,https://moxfield.com/decks/g9rcUGSiR02aO2Ozof0rNA,Lorehold Spirit,Silverquill Influence,Lorehold Spirit,Silverquill Influence,Secrets of Strixhaven,Secrets of Strixhaven,manual,0,0
liga-2x2-online-s2-e4,Liga 2x2 Online S2-E4,2026-05-14,2026-05,3,4,,,João Marmentini & Vande,R75rZAqaX2zsbRh9NzVw,João Marmentini & Vande,1,,,Vande & João Marmentini,João Marmentini & Vande,joao marmentini & vande,Vande,João Marmentini,Virtude e Valor,Silverquill Influence,https://moxfield.com/decks/Oo_99oH5K0ifS25Wzu5qLw,https://moxfield.com/decks/g9rcUGSiR02aO2Ozof0rNA,Virtude e Valor,Silverquill Influence,Virtue and Valor,Silverquill Influence,Wilds of Eldraine,Secrets of Strixhaven,manual,0,0
liga-2x2-online-s2-e5,Liga 2x2 Online S2-E5,2026-05-28,2026-05,1,1,,,Reva & Samuel,uU0teU1BbSoiiwYl3DGJ,Reva & Samuel,1,,,Samuel Maia & Reva// Prismari Artistry & Hail Caesar,Reva & Samuel,reva & samuel,Samuel,Reva,Prismari Artistry,"Ave, Caesar",https://moxfield.com/decks/Fh99bHrQZ0KLu34C2JXu5w,https://moxfield.com/decks/a6xg5ghnH0C-IB5PPqTZBQ,Prismari Artistry,"Ave, Caesar",Prismari Artistry,"Hail, Caesar",Secrets of Strixhaven,Fallout,parsed,0,0
liga-2x2-online-s2-e5,Liga 2x2 Online S2-E5,2026-05-28,2026-05,1,1,,,Reva & Samuel,JziGWoSfHhaqxStE7HDL,Jorel & Martin,0,,,Jorel & Martin / Turtle Power & Lorehold Spirit,Jorel & Martin,jorel & martin,Jorel,Martin,Turtle Power!,Lorehold Spirit,https://moxfield.com/decks/igKb7qATmkmYaX3M7hB4Sg,https://moxfield.com/decks/u6bBAgiZn0aXxjms4_-J9A,Turtle Power!,Lorehold Spirit,Turtle Power!,Lorehold Spirit,Teenage Mutant Ninja Turtles,Secrets of Strixhaven,manual,0,0
liga-2x2-online-s2-e5,Liga 2x2 Online S2-E5,2026-05-28,2026-05,1,2,,,Arthur Sartori & Marcos Sartori,0AJe1evsueT2dORXkLlv,Carlos & Cássio,0,,,Cássio & Carlos// Animated Army e Squirreled Away,Carlos & Cássio,carlos & cassio,Cássio,Carlos,Animated Army,Squirreled Away,https://moxfield.com/decks/IZBQnOST_kWlQtqytb75rg,https://moxfield.com/decks/4xEJiagwvEGelJy9ojLtZA,Animated Army,Squirreled Away,Animated Army,Squirreled Away,Bloomburrow,Bloomburrow,manual,0,0
liga-2x2-online-s2-e5,Liga 2x2 Online S2-E5,2026-05-28,2026-05,1,2,,,Arthur Sartori & Marcos Sartori,1atcQv9NkUeLX7C9UOCh,Arthur Sartori & Marcos Sartori,1,,,Marcos Sartori & Arthur Sartori // Planeswalkers party & Scion's and spellcraft,Arthur Sartori & Marcos Sartori,arthur sartori & marcos sartori,Marcos Sartori,Arthur Sartori,Festa dos Planeswalker,Scions & Spellcraft,https://moxfield.com/decks/BYtodI0bP02r4z6UCkNkOg,https://moxfield.com/decks/r_IFt9Gc3UqaULfoAEjVvg,Festa dos Planeswalker,Scions & Spellcraft,Planeswalker Party,Scions & Spellcraft,Commander Masters,Final Fantasy,manual,0,0
liga-2x2-online-s2-e5,Liga 2x2 Online S2-E5,2026-05-28,2026-05,1,3,,,Crothen & Erick,I1xd9vCpZvHcswGRpGxc,Marcelo F. & Renan,0,,,Marcelo F. & Renan // Lorehold Spirit & Ahoy Mateys,Marcelo F. & Renan,marcelo f & renan,Marcelo F.,Renan,Lorehold Spirit,Içar Velas,https://moxfield.com/decks/u6bBAgiZn0aXxjms4_-J9A,https://moxfield.com/decks/2wB6WsbRwU-ZdNlWHu6VKg,Lorehold Spirit,Içar Velas,Lorehold Spirit,Ahoy Mateys,Secrets of Strixhaven,The Lost Caverns of Ixalan,manual,0,0
liga-2x2-online-s2-e5,Liga 2x2 Online S2-E5,2026-05-28,2026-05,1,3,,,Crothen & Erick,uTIXx4IHKzf4QEpA9fXy,Crothen & Erick,1,,,Erick & Crothen // Endless Punishment & Blight Curse,Crothen & Erick,crothen & erick,Erick,Crothen,Endless Punishment,Blight Curse,https://moxfield.com/decks/eg5J71BzAU-yctY6lRn12Q,https://moxfield.com/decks/dDoe4mrTwEWH0sP2H7WH4A,Endless Punishment,Blight Curse,Endless Punishment,Blight Curse,Duskmourn: House of Horror,Lorwyn Eclipsed,manual,0,0
liga-2x2-online-s2-e5,Liga 2x2 Online S2-E5,2026-05-28,2026-05,1,4,,,Guilherme & Vicente,fdzD7AE16ILvLTLxVZf1,Guilherme & Vicente,1,,,Vicente & Guilherme // Forces of the Imperium & Dance of the Elements,Guilherme & Vicente,guilherme & vicente,Vicente,Guilherme,Forças do Império,Dance of the Elements,https://moxfield.com/decks/vBgNOCq5CUWU3B4c5m8gXA,https://moxfield.com/decks/Z9GXwZyiKkOfR3O5m1rEkw,Forças do Império,Dance of the Elements,Forces of the Imperium,Dance of the Elements,Warhammer 40.000,Lorwyn Eclipsed,manual,0,0
liga-2x2-online-s2-e5,Liga 2x2 Online S2-E5,2026-05-28,2026-05,1,4,,,Guilherme & Vicente,au9Ig4YwXBMV8ZeV4tVN,Bells & Greowtty,0,,,Greowtty & Bells // master of evil & virtue and valor,Bells & Greowtty,bells & greowtty,Greowtty,Bells,Virtude e Valor,Masters of Evil,https://moxfield.com/decks/Oo_99oH5K0ifS25Wzu5qLw,https://moxfield.com/decks/9i25pXMDhES76C-1-gBZKA,Virtude e Valor,Masters of Evil,Virtue and Valor,Masters of Evil,Wilds of Eldraine,Doctor Who,manual,0,0
liga-2x2-online-s2-e5,Liga 2x2 Online S2-E5,2026-05-28,2026-05,1,5,,,Daniel & Rodrigo,qukqq03EOs21DXqcLsNk,Bauer & Gustavo Dias,0,,,Bauer & Gustavo Dias // Corrupting Influence & Quandrix Unlimited //,Bauer & Gustavo Dias,bauer & gustavo dias,Bauer,Gustavo Dias,Influência Corruptora,Quandrix Unlimited,https://moxfield.com/decks/wRdT-auSDE6XcMJPM0aHDA,https://moxfield.com/decks/ht3IDMDxnU2VOMi7MAhtFg,Influência Corruptora,Quandrix Unlimited,Corrupting Influence,Quandrix Unlimited,Phyrexia: All Will Be One,Secrets of Strixhaven,manual,0,0
liga-2x2-online-s2-e5,Liga 2x2 Online S2-E5,2026-05-28,2026-05,1,5,,,Daniel & Rodrigo,P22EYCgCIE91BE9JByIG,Daniel & Rodrigo,1,,,Rodrigo & Daniel // Riders of Rohan & Creative Energy,Daniel & Rodrigo,daniel & rodrigo,Rodrigo,Daniel,Cavaleiros de Rohan,Creative Energy,https://moxfield.com/decks/hi-cA6GBykKPYJ9xW0g_KQ,https://moxfield.com/decks/V896XG46-kuKTCBXImt5Cg,Cavaleiros de Rohan,Creative Energy,Riders of Rohan,Creative Energy,The Lord Of The Rings: Tales Of Middle-Earth,Modern Horizons 3,manual,0,0
liga-2x2-online-s2-e5,Liga 2x2 Online S2-E5,2026-05-28,2026-05,1,6,,Draw,Draw,wPcnMZiYa5RYwOn0mCKV,Felipe & Pinho,0,,,Pinho & Felipe//Tricky Terrain & Counter Blitz,Felipe & Pinho,felipe & pinho,Pinho,Felipe,Tricky Terrain,Counter Blitz,https://moxfield.com/decks/oZAUJUI4OESC2r8Yz9hhRw,https://moxfield.com/decks/sDazpxFOb0S9IAdQSA_7lg,Tricky Terrain,Counter Blitz,Tricky Terrain,Counter Blitz,Modern Horizons 3,Final Fantasy,manual,0,0
liga-2x2-online-s2-e5,Liga 2x2 Online S2-E5,2026-05-28,2026-05,1,6,,Draw,Draw,wjaO6tNYxV9IRWUD9kHW,João Marmentini & Vande,0,,,Vande & João Marmentini // Endless Punishment & Scions and Spellcraft,João Marmentini & Vande,joao marmentini & vande,Vande,João Marmentini,Scions & Spellcraft,Endless Punishment,https://moxfield.com/decks/r_IFt9Gc3UqaULfoAEjVvg,https://moxfield.com/decks/eg5J71BzAU-yctY6lRn12Q,Scions & Spellcraft,Endless Punishment,Scions & Spellcraft,Endless Punishment,Final Fantasy,Duskmourn: House of Horror,manual,0,0
liga-2x2-online-s2-e5,Liga 2x2 Online S2-E5,2026-05-28,2026-05,2,1,,,Crothen & Erick,uU0teU1BbSoiiwYl3DGJ,Reva & Samuel,0,,,Samuel Maia & Reva// Prismari Artistry & Hail Caesar,Reva & Samuel,reva & samuel,Samuel,Reva,Prismari Artistry,"Ave, Caesar",https://moxfield.com/decks/Fh99bHrQZ0KLu34C2JXu5w,https://moxfield.com/decks/a6xg5ghnH0C-IB5PPqTZBQ,Prismari Artistry,"Ave, Caesar",Prismari Artistry,"Hail, Caesar",Secrets of Strixhaven,Fallout,parsed,0,0
liga-2x2-online-s2-e5,Liga 2x2 Online S2-E5,2026-05-28,2026-05,2,1,,,Crothen & Erick,uTIXx4IHKzf4QEpA9fXy,Crothen & Erick,1,,,Erick & Crothen // Endless Punishment & Blight Curse,Crothen & Erick,crothen & erick,Erick,Crothen,Endless Punishment,Blight Curse,https://moxfield.com/decks/eg5J71BzAU-yctY6lRn12Q,https://moxfield.com/decks/dDoe4mrTwEWH0sP2H7WH4A,Endless Punishment,Blight Curse,Endless Punishment,Blight Curse,Duskmourn: House of Horror,Lorwyn Eclipsed,manual,0,0
liga-2x2-online-s2-e5,Liga 2x2 Online S2-E5,2026-05-28,2026-05,2,2,,,Guilherme & Vicente,fdzD7AE16ILvLTLxVZf1,Guilherme & Vicente,1,,,Vicente & Guilherme // Forces of the Imperium & Dance of the Elements,Guilherme & Vicente,guilherme & vicente,Vicente,Guilherme,Forças do Império,Dance of the Elements,https://moxfield.com/decks/vBgNOCq5CUWU3B4c5m8gXA,https://moxfield.com/decks/Z9GXwZyiKkOfR3O5m1rEkw,Forças do Império,Dance of the Elements,Forces of the Imperium,Dance of the Elements,Warhammer 40.000,Lorwyn Eclipsed,manual,0,0
liga-2x2-online-s2-e5,Liga 2x2 Online S2-E5,2026-05-28,2026-05,2,2,,,Guilherme & Vicente,P22EYCgCIE91BE9JByIG,Daniel & Rodrigo,0,,,Rodrigo & Daniel // Riders of Rohan & Creative Energy,Daniel & Rodrigo,daniel & rodrigo,Rodrigo,Daniel,Cavaleiros de Rohan,Creative Energy,https://moxfield.com/decks/hi-cA6GBykKPYJ9xW0g_KQ,https://moxfield.com/decks/V896XG46-kuKTCBXImt5Cg,Cavaleiros de Rohan,Creative Energy,Riders of Rohan,Creative Energy,The Lord Of The Rings: Tales Of Middle-Earth,Modern Horizons 3,manual,0,0
liga-2x2-online-s2-e5,Liga 2x2 Online S2-E5,2026-05-28,2026-05,2,3,,,Arthur Sartori & Marcos Sartori,1atcQv9NkUeLX7C9UOCh,Arthur Sartori & Marcos Sartori,1,,,Marcos Sartori & Arthur Sartori // Planeswalkers party & Scion's and spellcraft,Arthur Sartori & Marcos Sartori,arthur sartori & marcos sartori,Marcos Sartori,Arthur Sartori,Festa dos Planeswalker,Scions & Spellcraft,https://moxfield.com/decks/BYtodI0bP02r4z6UCkNkOg,https://moxfield.com/decks/r_IFt9Gc3UqaULfoAEjVvg,Festa dos Planeswalker,Scions & Spellcraft,Planeswalker Party,Scions & Spellcraft,Commander Masters,Final Fantasy,manual,0,0
liga-2x2-online-s2-e5,Liga 2x2 Online S2-E5,2026-05-28,2026-05,2,3,,,Arthur Sartori & Marcos Sartori,wPcnMZiYa5RYwOn0mCKV,Felipe & Pinho,0,,,Pinho & Felipe//Tricky Terrain & Counter Blitz,Felipe & Pinho,felipe & pinho,Pinho,Felipe,Tricky Terrain,Counter Blitz,https://moxfield.com/decks/oZAUJUI4OESC2r8Yz9hhRw,https://moxfield.com/decks/sDazpxFOb0S9IAdQSA_7lg,Tricky Terrain,Counter Blitz,Tricky Terrain,Counter Blitz,Modern Horizons 3,Final Fantasy,manual,0,0
liga-2x2-online-s2-e5,Liga 2x2 Online S2-E5,2026-05-28,2026-05,2,4,,,João Marmentini & Vande,wjaO6tNYxV9IRWUD9kHW,João Marmentini & Vande,1,,,Vande & João Marmentini // Endless Punishment & Scions and Spellcraft,João Marmentini & Vande,joao marmentini & vande,Vande,João Marmentini,Scions & Spellcraft,Endless Punishment,https://moxfield.com/decks/r_IFt9Gc3UqaULfoAEjVvg,https://moxfield.com/decks/eg5J71BzAU-yctY6lRn12Q,Scions & Spellcraft,Endless Punishment,Scions & Spellcraft,Endless Punishment,Final Fantasy,Duskmourn: House of Horror,manual,0,0
liga-2x2-online-s2-e5,Liga 2x2 Online S2-E5,2026-05-28,2026-05,2,4,,,João Marmentini & Vande,qukqq03EOs21DXqcLsNk,Bauer & Gustavo Dias,0,,,Bauer & Gustavo Dias // Corrupting Influence & Quandrix Unlimited //,Bauer & Gustavo Dias,bauer & gustavo dias,Bauer,Gustavo Dias,Influência Corruptora,Quandrix Unlimited,https://moxfield.com/decks/wRdT-auSDE6XcMJPM0aHDA,https://moxfield.com/decks/ht3IDMDxnU2VOMi7MAhtFg,Influência Corruptora,Quandrix Unlimited,Corrupting Influence,Quandrix Unlimited,Phyrexia: All Will Be One,Secrets of Strixhaven,manual,0,0
liga-2x2-online-s2-e5,Liga 2x2 Online S2-E5,2026-05-28,2026-05,2,5,,Draw,Draw,0AJe1evsueT2dORXkLlv,Carlos & Cássio,0,,,Cássio & Carlos// Animated Army e Squirreled Away,Carlos & Cássio,carlos & cassio,Cássio,Carlos,Animated Army,Squirreled Away,https://moxfield.com/decks/IZBQnOST_kWlQtqytb75rg,https://moxfield.com/decks/4xEJiagwvEGelJy9ojLtZA,Animated Army,Squirreled Away,Animated Army,Squirreled Away,Bloomburrow,Bloomburrow,manual,0,0
liga-2x2-online-s2-e5,Liga 2x2 Online S2-E5,2026-05-28,2026-05,2,5,,Draw,Draw,JziGWoSfHhaqxStE7HDL,Jorel & Martin,0,,,Jorel & Martin / Turtle Power & Lorehold Spirit,Jorel & Martin,jorel & martin,Jorel,Martin,Turtle Power!,Lorehold Spirit,https://moxfield.com/decks/igKb7qATmkmYaX3M7hB4Sg,https://moxfield.com/decks/u6bBAgiZn0aXxjms4_-J9A,Turtle Power!,Lorehold Spirit,Turtle Power!,Lorehold Spirit,Teenage Mutant Ninja Turtles,Secrets of Strixhaven,manual,0,0
liga-2x2-online-s2-e5,Liga 2x2 Online S2-E5,2026-05-28,2026-05,2,6,,,Bells & Greowtty,au9Ig4YwXBMV8ZeV4tVN,Bells & Greowtty,1,,,Greowtty & Bells // master of evil & virtue and valor,Bells & Greowtty,bells & greowtty,Greowtty,Bells,Virtude e Valor,Masters of Evil,https://moxfield.com/decks/Oo_99oH5K0ifS25Wzu5qLw,https://moxfield.com/decks/9i25pXMDhES76C-1-gBZKA,Virtude e Valor,Masters of Evil,Virtue and Valor,Masters of Evil,Wilds of Eldraine,Doctor Who,manual,0,0
liga-2x2-online-s2-e5,Liga 2x2 Online S2-E5,2026-05-28,2026-05,2,6,,,Bells & Greowtty,I1xd9vCpZvHcswGRpGxc,Marcelo F. & Renan,0,,,Marcelo F. & Renan // Lorehold Spirit & Ahoy Mateys,Marcelo F. & Renan,marcelo f & renan,Marcelo F.,Renan,Lorehold Spirit,Içar Velas,https://moxfield.com/decks/u6bBAgiZn0aXxjms4_-J9A,https://moxfield.com/decks/2wB6WsbRwU-ZdNlWHu6VKg,Lorehold Spirit,Içar Velas,Lorehold Spirit,Ahoy Mateys,Secrets of Strixhaven,The Lost Caverns of Ixalan,manual,0,0
liga-2x2-online-s2-e5,Liga 2x2 Online S2-E5,2026-05-28,2026-05,3,1,,,Arthur Sartori & Marcos Sartori,fdzD7AE16ILvLTLxVZf1,Guilherme & Vicente,0,,,Vicente & Guilherme // Forces of the Imperium & Dance of the Elements,Guilherme & Vicente,guilherme & vicente,Vicente,Guilherme,Forças do Império,Dance of the Elements,https://moxfield.com/decks/vBgNOCq5CUWU3B4c5m8gXA,https://moxfield.com/decks/Z9GXwZyiKkOfR3O5m1rEkw,Forças do Império,Dance of the Elements,Forces of the Imperium,Dance of the Elements,Warhammer 40.000,Lorwyn Eclipsed,manual,0,0
liga-2x2-online-s2-e5,Liga 2x2 Online S2-E5,2026-05-28,2026-05,3,1,,,Arthur Sartori & Marcos Sartori,1atcQv9NkUeLX7C9UOCh,Arthur Sartori & Marcos Sartori,1,,,Marcos Sartori & Arthur Sartori // Planeswalkers party & Scion's and spellcraft,Arthur Sartori & Marcos Sartori,arthur sartori & marcos sartori,Marcos Sartori,Arthur Sartori,Festa dos Planeswalker,Scions & Spellcraft,https://moxfield.com/decks/BYtodI0bP02r4z6UCkNkOg,https://moxfield.com/decks/r_IFt9Gc3UqaULfoAEjVvg,Festa dos Planeswalker,Scions & Spellcraft,Planeswalker Party,Scions & Spellcraft,Commander Masters,Final Fantasy,manual,0,0
liga-2x2-online-s2-e5,Liga 2x2 Online S2-E5,2026-05-28,2026-05,3,2,,,João Marmentini & Vande,uTIXx4IHKzf4QEpA9fXy,Crothen & Erick,0,,,Erick & Crothen // Endless Punishment & Blight Curse,Crothen & Erick,crothen & erick,Erick,Crothen,Endless Punishment,Blight Curse,https://moxfield.com/decks/eg5J71BzAU-yctY6lRn12Q,https://moxfield.com/decks/dDoe4mrTwEWH0sP2H7WH4A,Endless Punishment,Blight Curse,Endless Punishment,Blight Curse,Duskmourn: House of Horror,Lorwyn Eclipsed,manual,0,0
liga-2x2-online-s2-e5,Liga 2x2 Online S2-E5,2026-05-28,2026-05,3,2,,,João Marmentini & Vande,wjaO6tNYxV9IRWUD9kHW,João Marmentini & Vande,1,,,Vande & João Marmentini // Endless Punishment & Scions and Spellcraft,João Marmentini & Vande,joao marmentini & vande,Vande,João Marmentini,Scions & Spellcraft,Endless Punishment,https://moxfield.com/decks/r_IFt9Gc3UqaULfoAEjVvg,https://moxfield.com/decks/eg5J71BzAU-yctY6lRn12Q,Scions & Spellcraft,Endless Punishment,Scions & Spellcraft,Endless Punishment,Final Fantasy,Duskmourn: House of Horror,manual,0,0
liga-2x2-online-s2-e5,Liga 2x2 Online S2-E5,2026-05-28,2026-05,3,3,,,Bells & Greowtty,P22EYCgCIE91BE9JByIG,Daniel & Rodrigo,0,,,Rodrigo & Daniel // Riders of Rohan & Creative Energy,Daniel & Rodrigo,daniel & rodrigo,Rodrigo,Daniel,Cavaleiros de Rohan,Creative Energy,https://moxfield.com/decks/hi-cA6GBykKPYJ9xW0g_KQ,https://moxfield.com/decks/V896XG46-kuKTCBXImt5Cg,Cavaleiros de Rohan,Creative Energy,Riders of Rohan,Creative Energy,The Lord Of The Rings: Tales Of Middle-Earth,Modern Horizons 3,manual,0,0
liga-2x2-online-s2-e5,Liga 2x2 Online S2-E5,2026-05-28,2026-05,3,3,,,Bells & Greowtty,au9Ig4YwXBMV8ZeV4tVN,Bells & Greowtty,1,,,Greowtty & Bells // master of evil & virtue and valor,Bells & Greowtty,bells & greowtty,Greowtty,Bells,Virtude e Valor,Masters of Evil,https://moxfield.com/decks/Oo_99oH5K0ifS25Wzu5qLw,https://moxfield.com/decks/9i25pXMDhES76C-1-gBZKA,Virtude e Valor,Masters of Evil,Virtue and Valor,Masters of Evil,Wilds of Eldraine,Doctor Who,manual,0,0
liga-2x2-online-s2-e5,Liga 2x2 Online S2-E5,2026-05-28,2026-05,3,4,,,Carlos & Cássio,uU0teU1BbSoiiwYl3DGJ,Reva & Samuel,0,,,Samuel Maia & Reva// Prismari Artistry & Hail Caesar,Reva & Samuel,reva & samuel,Samuel,Reva,Prismari Artistry,"Ave, Caesar",https://moxfield.com/decks/Fh99bHrQZ0KLu34C2JXu5w,https://moxfield.com/decks/a6xg5ghnH0C-IB5PPqTZBQ,Prismari Artistry,"Ave, Caesar",Prismari Artistry,"Hail, Caesar",Secrets of Strixhaven,Fallout,parsed,0,0
liga-2x2-online-s2-e5,Liga 2x2 Online S2-E5,2026-05-28,2026-05,3,4,,,Carlos & Cássio,0AJe1evsueT2dORXkLlv,Carlos & Cássio,1,,,Cássio & Carlos// Animated Army e Squirreled Away,Carlos & Cássio,carlos & cassio,Cássio,Carlos,Animated Army,Squirreled Away,https://moxfield.com/decks/IZBQnOST_kWlQtqytb75rg,https://moxfield.com/decks/4xEJiagwvEGelJy9ojLtZA,Animated Army,Squirreled Away,Animated Army,Squirreled Away,Bloomburrow,Bloomburrow,manual,0,0
liga-2x2-online-s2-e5,Liga 2x2 Online S2-E5,2026-05-28,2026-05,3,5,,,Jorel & Martin,JziGWoSfHhaqxStE7HDL,Jorel & Martin,1,,,Jorel & Martin / Turtle Power & Lorehold Spirit,Jorel & Martin,jorel & martin,Jorel,Martin,Turtle Power!,Lorehold Spirit,https://moxfield.com/decks/igKb7qATmkmYaX3M7hB4Sg,https://moxfield.com/decks/u6bBAgiZn0aXxjms4_-J9A,Turtle Power!,Lorehold Spirit,Turtle Power!,Lorehold Spirit,Teenage Mutant Ninja Turtles,Secrets of Strixhaven,manual,0,0
liga-2x2-online-s2-e5,Liga 2x2 Online S2-E5,2026-05-28,2026-05,3,5,,,Jorel & Martin,wPcnMZiYa5RYwOn0mCKV,Felipe & Pinho,0,,,Pinho & Felipe//Tricky Terrain & Counter Blitz,Felipe & Pinho,felipe & pinho,Pinho,Felipe,Tricky Terrain,Counter Blitz,https://moxfield.com/decks/oZAUJUI4OESC2r8Yz9hhRw,https://moxfield.com/decks/sDazpxFOb0S9IAdQSA_7lg,Tricky Terrain,Counter Blitz,Tricky Terrain,Counter Blitz,Modern Horizons 3,Final Fantasy,manual,0,0
liga-2x2-online-s2-e5,Liga 2x2 Online S2-E5,2026-05-28,2026-05,3,6,,,Bauer & Gustavo Dias,qukqq03EOs21DXqcLsNk,Bauer & Gustavo Dias,1,,,Bauer & Gustavo Dias // Corrupting Influence & Quandrix Unlimited //,Bauer & Gustavo Dias,bauer & gustavo dias,Bauer,Gustavo Dias,Influência Corruptora,Quandrix Unlimited,https://moxfield.com/decks/wRdT-auSDE6XcMJPM0aHDA,https://moxfield.com/decks/ht3IDMDxnU2VOMi7MAhtFg,Influência Corruptora,Quandrix Unlimited,Corrupting Influence,Quandrix Unlimited,Phyrexia: All Will Be One,Secrets of Strixhaven,manual,0,0
liga-2x2-online-s2-e5,Liga 2x2 Online S2-E5,2026-05-28,2026-05,3,6,,,Bauer & Gustavo Dias,I1xd9vCpZvHcswGRpGxc,Marcelo F. & Renan,0,,,Marcelo F. & Renan // Lorehold Spirit & Ahoy Mateys,Marcelo F. & Renan,marcelo f & renan,Marcelo F.,Renan,Lorehold Spirit,Içar Velas,https://moxfield.com/decks/u6bBAgiZn0aXxjms4_-J9A,https://moxfield.com/decks/2wB6WsbRwU-ZdNlWHu6VKg,Lorehold Spirit,Içar Velas,Lorehold Spirit,Ahoy Mateys,Secrets of Strixhaven,The Lost Caverns of Ixalan,manual,0,0
liga-2x2-online-s2-e6,Liga 2x2 Online S2-E6,2026-06-11,2026-06,1,1,,,Bells & Greowtty,WSEeUzWdPRD3aVu4QwHH,Bells & Greowtty,1,,,Bells & Greowtty // Quandrix Unlimited & Seize Control,Bells & Greowtty,bells & greowtty,Bells,Greowtty,Quandrix Unlimited,Seize Control,https://moxfield.com/decks/ht3IDMDxnU2VOMi7MAhtFg,https://moxfield.com/decks/9xWe3BhbaEWqt4WNHdU7Ow,Quandrix Unlimited,Seize Control,Quandrix Unlimited,Seize Control,Secrets of Strixhaven,Commander 2015,manual,0,0
liga-2x2-online-s2-e6,Liga 2x2 Online S2-E6,2026-06-11,2026-06,1,1,,,Bells & Greowtty,zo2UwBtBIgel19yCP5UA,Jorel & Martin,0,,,Martin & Jorel // Lorehold Spirits & Turtle Power,Jorel & Martin,jorel & martin,Martin,Jorel,Lorehold Spirit,Turtle Power!,https://moxfield.com/decks/u6bBAgiZn0aXxjms4_-J9A,https://moxfield.com/decks/igKb7qATmkmYaX3M7hB4Sg,Lorehold Spirit,Turtle Power!,Lorehold Spirit,Turtle Power!,Secrets of Strixhaven,Teenage Mutant Ninja Turtles,manual,0,0
liga-2x2-online-s2-e6,Liga 2x2 Online S2-E6,2026-06-11,2026-06,1,2,,,Andressa & Reva,wDrflRxU2k9EaZlomGfy,Andressa & Reva,1,,,Andressa & Reva // Temur Roar & Jeskai Striker,Andressa & Reva,andressa & reva,Andressa,Reva,Temur Roar,Jeskai Striker,https://moxfield.com/decks/sao-2xrGqUCIfv46edPgmw,https://moxfield.com/decks/GqSQ24NIJkq-144dkab-HQ,Temur Roar,Jeskai Striker,Temur Roar,Jeskai Striker,Tarkir Dragonstorm,Tarkir Dragonstorm,manual,0,0
liga-2x2-online-s2-e6,Liga 2x2 Online S2-E6,2026-06-11,2026-06,1,2,,,Andressa & Reva,J7QHrCE19bB8ZVoYzoFH,JoÃo Marmentini & Pedro Boaro,0,,,João Marmentini & Pedro Boaro // Lorehold Spirits & Silverquil Influence,JoÃo Marmentini & Pedro Boaro,joao marmentini & pedro boaro,JoÃo Marmentini,Pedro Boaro,Lorehold Spirit,Silverquill Influence,https://moxfield.com/decks/u6bBAgiZn0aXxjms4_-J9A,https://moxfield.com/decks/g9rcUGSiR02aO2Ozof0rNA,Lorehold Spirit,Silverquill Influence,Lorehold Spirit,Silverquill Influence,Secrets of Strixhaven,Secrets of Strixhaven,manual,0,0
liga-2x2-online-s2-e6,Liga 2x2 Online S2-E6,2026-06-11,2026-06,1,3,,Draw,Draw,2Bf3r0w3ORzEqAIoZLHC,Felipe & Pinho,0,,,Felipe & Pinho // Tricky Terrain & Counter Blitz,Felipe & Pinho,felipe & pinho,Felipe,Pinho,Tricky Terrain,Counter Blitz,https://moxfield.com/decks/oZAUJUI4OESC2r8Yz9hhRw,https://moxfield.com/decks/sDazpxFOb0S9IAdQSA_7lg,Tricky Terrain,Counter Blitz,Tricky Terrain,Counter Blitz,Modern Horizons 3,Final Fantasy,manual,0,0
liga-2x2-online-s2-e6,Liga 2x2 Online S2-E6,2026-06-11,2026-06,1,3,,Draw,Draw,Pnke51krTliz8gyqal1P,Guilherme & Vicente,0,,,Guilherme & Vicente // Dance of the Elements & Limit Break,Guilherme & Vicente,guilherme & vicente,Guilherme,Vicente,Dance of the Elements,Limit Break,https://moxfield.com/decks/Z9GXwZyiKkOfR3O5m1rEkw,https://moxfield.com/decks/pTUR6p0yNkOoxDNqo8TMEw,Dance of the Elements,Limit Break,Dance of the Elements,Limit Break,Lorwyn Eclipsed,Final Fantasy,manual,0,0
liga-2x2-online-s2-e6,Liga 2x2 Online S2-E6,2026-06-11,2026-06,1,4,,,Arthur Sartori & Marcos Sartori,JdkDI5iXPZDaoZVsw5EG,Arthur Sartori & Marcos Sartori,1,,,Marcos Sartori & Arthur Sartori // Planeswalker Party & Scions and Spellcraft,Arthur Sartori & Marcos Sartori,arthur sartori & marcos sartori,Marcos Sartori,Arthur Sartori,Festa dos Planeswalker,Scions & Spellcraft,https://moxfield.com/decks/BYtodI0bP02r4z6UCkNkOg,https://moxfield.com/decks/r_IFt9Gc3UqaULfoAEjVvg,Festa dos Planeswalker,Scions & Spellcraft,Planeswalker Party,Scions & Spellcraft,Commander Masters,Final Fantasy,manual,0,0
liga-2x2-online-s2-e6,Liga 2x2 Online S2-E6,2026-06-11,2026-06,1,4,,,Arthur Sartori & Marcos Sartori,TFus1V9CCIkg5Hm4ecnt,Carlos & Vande,0,,,Carlos & Vande // Turtle Power & Counter Blitz,Carlos & Vande,carlos & vande,Carlos,Vande,Turtle Power!,Counter Blitz,https://moxfield.com/decks/igKb7qATmkmYaX3M7hB4Sg,https://moxfield.com/decks/sDazpxFOb0S9IAdQSA_7lg,Turtle Power!,Counter Blitz,Turtle Power!,Counter Blitz,Teenage Mutant Ninja Turtles,Final Fantasy,manual,0,0
liga-2x2-online-s2-e6,Liga 2x2 Online S2-E6,2026-06-11,2026-06,2,1,,,Bells & Greowtty,WSEeUzWdPRD3aVu4QwHH,Bells & Greowtty,1,,,Bells & Greowtty // Quandrix Unlimited & Seize Control,Bells & Greowtty,bells & greowtty,Bells,Greowtty,Quandrix Unlimited,Seize Control,https://moxfield.com/decks/ht3IDMDxnU2VOMi7MAhtFg,https://moxfield.com/decks/9xWe3BhbaEWqt4WNHdU7Ow,Quandrix Unlimited,Seize Control,Quandrix Unlimited,Seize Control,Secrets of Strixhaven,Commander 2015,manual,0,0
liga-2x2-online-s2-e6,Liga 2x2 Online S2-E6,2026-06-11,2026-06,2,1,,,Bells & Greowtty,wDrflRxU2k9EaZlomGfy,Andressa & Reva,0,,,Andressa & Reva // Temur Roar & Jeskai Striker,Andressa & Reva,andressa & reva,Andressa,Reva,Temur Roar,Jeskai Striker,https://moxfield.com/decks/sao-2xrGqUCIfv46edPgmw,https://moxfield.com/decks/GqSQ24NIJkq-144dkab-HQ,Temur Roar,Jeskai Striker,Temur Roar,Jeskai Striker,Tarkir Dragonstorm,Tarkir Dragonstorm,manual,0,0
liga-2x2-online-s2-e6,Liga 2x2 Online S2-E6,2026-06-11,2026-06,2,2,,,Arthur Sartori & Marcos Sartori,JdkDI5iXPZDaoZVsw5EG,Arthur Sartori & Marcos Sartori,1,,,Marcos Sartori & Arthur Sartori // Planeswalker Party & Scions and Spellcraft,Arthur Sartori & Marcos Sartori,arthur sartori & marcos sartori,Marcos Sartori,Arthur Sartori,Festa dos Planeswalker,Scions & Spellcraft,https://moxfield.com/decks/BYtodI0bP02r4z6UCkNkOg,https://moxfield.com/decks/r_IFt9Gc3UqaULfoAEjVvg,Festa dos Planeswalker,Scions & Spellcraft,Planeswalker Party,Scions & Spellcraft,Commander Masters,Final Fantasy,manual,0,0
liga-2x2-online-s2-e6,Liga 2x2 Online S2-E6,2026-06-11,2026-06,2,2,,,Arthur Sartori & Marcos Sartori,Pnke51krTliz8gyqal1P,Guilherme & Vicente,0,,,Guilherme & Vicente // Dance of the Elements & Limit Break,Guilherme & Vicente,guilherme & vicente,Guilherme,Vicente,Dance of the Elements,Limit Break,https://moxfield.com/decks/Z9GXwZyiKkOfR3O5m1rEkw,https://moxfield.com/decks/pTUR6p0yNkOoxDNqo8TMEw,Dance of the Elements,Limit Break,Dance of the Elements,Limit Break,Lorwyn Eclipsed,Final Fantasy,manual,0,0
liga-2x2-online-s2-e6,Liga 2x2 Online S2-E6,2026-06-11,2026-06,2,3,,Draw,Draw,2Bf3r0w3ORzEqAIoZLHC,Felipe & Pinho,0,,,Felipe & Pinho // Tricky Terrain & Counter Blitz,Felipe & Pinho,felipe & pinho,Felipe,Pinho,Tricky Terrain,Counter Blitz,https://moxfield.com/decks/oZAUJUI4OESC2r8Yz9hhRw,https://moxfield.com/decks/sDazpxFOb0S9IAdQSA_7lg,Tricky Terrain,Counter Blitz,Tricky Terrain,Counter Blitz,Modern Horizons 3,Final Fantasy,manual,0,0
liga-2x2-online-s2-e6,Liga 2x2 Online S2-E6,2026-06-11,2026-06,2,3,,Draw,Draw,J7QHrCE19bB8ZVoYzoFH,JoÃo Marmentini & Pedro Boaro,0,,,João Marmentini & Pedro Boaro // Lorehold Spirits & Silverquil Influence,JoÃo Marmentini & Pedro Boaro,joao marmentini & pedro boaro,JoÃo Marmentini,Pedro Boaro,Lorehold Spirit,Silverquill Influence,https://moxfield.com/decks/u6bBAgiZn0aXxjms4_-J9A,https://moxfield.com/decks/g9rcUGSiR02aO2Ozof0rNA,Lorehold Spirit,Silverquill Influence,Lorehold Spirit,Silverquill Influence,Secrets of Strixhaven,Secrets of Strixhaven,manual,0,0
liga-2x2-online-s2-e6,Liga 2x2 Online S2-E6,2026-06-11,2026-06,2,4,,,Jorel & Martin,zo2UwBtBIgel19yCP5UA,Jorel & Martin,1,,,Martin & Jorel // Lorehold Spirits & Turtle Power,Jorel & Martin,jorel & martin,Martin,Jorel,Lorehold Spirit,Turtle Power!,https://moxfield.com/decks/u6bBAgiZn0aXxjms4_-J9A,https://moxfield.com/decks/igKb7qATmkmYaX3M7hB4Sg,Lorehold Spirit,Turtle Power!,Lorehold Spirit,Turtle Power!,Secrets of Strixhaven,Teenage Mutant Ninja Turtles,manual,0,0
liga-2x2-online-s2-e6,Liga 2x2 Online S2-E6,2026-06-11,2026-06,2,4,,,Jorel & Martin,TFus1V9CCIkg5Hm4ecnt,Carlos & Vande,0,,,Carlos & Vande // Turtle Power & Counter Blitz,Carlos & Vande,carlos & vande,Carlos,Vande,Turtle Power!,Counter Blitz,https://moxfield.com/decks/igKb7qATmkmYaX3M7hB4Sg,https://moxfield.com/decks/sDazpxFOb0S9IAdQSA_7lg,Turtle Power!,Counter Blitz,Turtle Power!,Counter Blitz,Teenage Mutant Ninja Turtles,Final Fantasy,manual,0,0
liga-2x2-online-s2-e6,Liga 2x2 Online S2-E6,2026-06-11,2026-06,3,1,,,Bells & Greowtty,JdkDI5iXPZDaoZVsw5EG,Arthur Sartori & Marcos Sartori,0,,,Marcos Sartori & Arthur Sartori // Planeswalker Party & Scions and Spellcraft,Arthur Sartori & Marcos Sartori,arthur sartori & marcos sartori,Marcos Sartori,Arthur Sartori,Festa dos Planeswalker,Scions & Spellcraft,https://moxfield.com/decks/BYtodI0bP02r4z6UCkNkOg,https://moxfield.com/decks/r_IFt9Gc3UqaULfoAEjVvg,Festa dos Planeswalker,Scions & Spellcraft,Planeswalker Party,Scions & Spellcraft,Commander Masters,Final Fantasy,manual,0,0
liga-2x2-online-s2-e6,Liga 2x2 Online S2-E6,2026-06-11,2026-06,3,1,,,Bells & Greowtty,WSEeUzWdPRD3aVu4QwHH,Bells & Greowtty,1,,,Bells & Greowtty // Quandrix Unlimited & Seize Control,Bells & Greowtty,bells & greowtty,Bells,Greowtty,Quandrix Unlimited,Seize Control,https://moxfield.com/decks/ht3IDMDxnU2VOMi7MAhtFg,https://moxfield.com/decks/9xWe3BhbaEWqt4WNHdU7Ow,Quandrix Unlimited,Seize Control,Quandrix Unlimited,Seize Control,Secrets of Strixhaven,Commander 2015,manual,0,0
liga-2x2-online-s2-e6,Liga 2x2 Online S2-E6,2026-06-11,2026-06,3,2,,,Jorel & Martin,wDrflRxU2k9EaZlomGfy,Andressa & Reva,0,,,Andressa & Reva // Temur Roar & Jeskai Striker,Andressa & Reva,andressa & reva,Andressa,Reva,Temur Roar,Jeskai Striker,https://moxfield.com/decks/sao-2xrGqUCIfv46edPgmw,https://moxfield.com/decks/GqSQ24NIJkq-144dkab-HQ,Temur Roar,Jeskai Striker,Temur Roar,Jeskai Striker,Tarkir Dragonstorm,Tarkir Dragonstorm,manual,0,0
liga-2x2-online-s2-e6,Liga 2x2 Online S2-E6,2026-06-11,2026-06,3,2,,,Jorel & Martin,zo2UwBtBIgel19yCP5UA,Jorel & Martin,1,,,Martin & Jorel // Lorehold Spirits & Turtle Power,Jorel & Martin,jorel & martin,Martin,Jorel,Lorehold Spirit,Turtle Power!,https://moxfield.com/decks/u6bBAgiZn0aXxjms4_-J9A,https://moxfield.com/decks/igKb7qATmkmYaX3M7hB4Sg,Lorehold Spirit,Turtle Power!,Lorehold Spirit,Turtle Power!,Secrets of Strixhaven,Teenage Mutant Ninja Turtles,manual,0,0
liga-2x2-online-s2-e6,Liga 2x2 Online S2-E6,2026-06-11,2026-06,3,3,,Draw,Draw,2Bf3r0w3ORzEqAIoZLHC,Felipe & Pinho,0,,,Felipe & Pinho // Tricky Terrain & Counter Blitz,Felipe & Pinho,felipe & pinho,Felipe,Pinho,Tricky Terrain,Counter Blitz,https://moxfield.com/decks/oZAUJUI4OESC2r8Yz9hhRw,https://moxfield.com/decks/sDazpxFOb0S9IAdQSA_7lg,Tricky Terrain,Counter Blitz,Tricky Terrain,Counter Blitz,Modern Horizons 3,Final Fantasy,manual,0,0
liga-2x2-online-s2-e6,Liga 2x2 Online S2-E6,2026-06-11,2026-06,3,3,,Draw,Draw,TFus1V9CCIkg5Hm4ecnt,Carlos & Vande,0,,,Carlos & Vande // Turtle Power & Counter Blitz,Carlos & Vande,carlos & vande,Carlos,Vande,Turtle Power!,Counter Blitz,https://moxfield.com/decks/igKb7qATmkmYaX3M7hB4Sg,https://moxfield.com/decks/sDazpxFOb0S9IAdQSA_7lg,Turtle Power!,Counter Blitz,Turtle Power!,Counter Blitz,Teenage Mutant Ninja Turtles,Final Fantasy,manual,0,0
liga-2x2-online-s2-e6,Liga 2x2 Online S2-E6,2026-06-11,2026-06,3,4,,,JoÃo Marmentini & Pedro Boaro,Pnke51krTliz8gyqal1P,Guilherme & Vicente,0,,,Guilherme & Vicente // Dance of the Elements & Limit Break,Guilherme & Vicente,guilherme & vicente,Guilherme,Vicente,Dance of the Elements,Limit Break,https://moxfield.com/decks/Z9GXwZyiKkOfR3O5m1rEkw,https://moxfield.com/decks/pTUR6p0yNkOoxDNqo8TMEw,Dance of the Elements,Limit Break,Dance of the Elements,Limit Break,Lorwyn Eclipsed,Final Fantasy,manual,0,0
liga-2x2-online-s2-e6,Liga 2x2 Online S2-E6,2026-06-11,2026-06,3,4,,,JoÃo Marmentini & Pedro Boaro,J7QHrCE19bB8ZVoYzoFH,JoÃo Marmentini & Pedro Boaro,1,,,João Marmentini & Pedro Boaro // Lorehold Spirits & Silverquil Influence,JoÃo Marmentini & Pedro Boaro,joao marmentini & pedro boaro,JoÃo Marmentini,Pedro Boaro,Lorehold Spirit,Silverquill Influence,https://moxfield.com/decks/u6bBAgiZn0aXxjms4_-J9A,https://moxfield.com/decks/g9rcUGSiR02aO2Ozof0rNA,Lorehold Spirit,Silverquill Influence,Lorehold Spirit,Silverquill Influence,Secrets of Strixhaven,Secrets of Strixhaven,manual,0,0
liga-2x2-online-s2-e7,Liga 2x2 Online S2-E7,2026-06-25,2026-06,1,1,,Draw,Draw,guSbtFkYJLcQHSYiYT9K,Thiago & Vande,0,,,Vande & Thiago // Endless Punishment & Dance of the Elements,Thiago & Vande,thiago & vande,Vande,Thiago,Endless Punishment,Dance of the Elements,https://moxfield.com/decks/eg5J71BzAU-yctY6lRn12Q,https://moxfield.com/decks/Z9GXwZyiKkOfR3O5m1rEkw,Endless Punishment,Dance of the Elements,Endless Punishment,Dance of the Elements,Duskmourn: House of Horror,Lorwyn Eclipsed,manual,0,0
liga-2x2-online-s2-e7,Liga 2x2 Online S2-E7,2026-06-25,2026-06,1,1,,Draw,Draw,3DwNNoaks3pbpUaGhVE5,Boone & Reva,0,,,Reva & Boone // Hail Caesar & witherbloom pestilence,Boone & Reva,boone & reva,Reva,Boone,"Ave, Caesar",Witherbloom Pestilence,https://moxfield.com/decks/a6xg5ghnH0C-IB5PPqTZBQ,https://moxfield.com/decks/AfG94iTx-UeG0L1wvTfSug,"Ave, Caesar",Witherbloom Pestilence,"Hail, Caesar",Witherbloom Pestilence,Fallout,Secrets of Strixhaven,manual,0,0
liga-2x2-online-s2-e7,Liga 2x2 Online S2-E7,2026-06-25,2026-06,1,2,,,Dellani & Martin,YDUUTjYvfnU1MHFVZLOy,Dellani & Martin,1,,,Martin & Dellani // Lorehold Spirit & Planeswalker Party,Dellani & Martin,dellani & martin,Martin,Dellani,Lorehold Spirit,Festa dos Planeswalker,https://moxfield.com/decks/u6bBAgiZn0aXxjms4_-J9A,https://moxfield.com/decks/BYtodI0bP02r4z6UCkNkOg,Lorehold Spirit,Festa dos Planeswalker,Lorehold Spirit,Planeswalker Party,Secrets of Strixhaven,Commander Masters,manual,0,0
liga-2x2-online-s2-e7,Liga 2x2 Online S2-E7,2026-06-25,2026-06,1,2,,,Dellani & Martin,1WPIOtVF2PXQHQyJVp3s,Guilherme & Vicente,0,,,Guilherme & Vicente // Prismari Artistry & Silverquill Influence,Guilherme & Vicente,guilherme & vicente,Guilherme,Vicente,Prismari Artistry,Silverquill Influence,https://moxfield.com/decks/Fh99bHrQZ0KLu34C2JXu5w,https://moxfield.com/decks/g9rcUGSiR02aO2Ozof0rNA,Prismari Artistry,Silverquill Influence,Prismari Artistry,Silverquill Influence,Secrets of Strixhaven,Secrets of Strixhaven,manual,0,0
liga-2x2-online-s2-e7,Liga 2x2 Online S2-E7,2026-06-25,2026-06,1,3,,,Bells & Greowtty,TrTICxdROFfJltL2CIsX,Felipe & Pinho,0,,,Felipe & Pinho // Tricky Terrain & Counter Blitz,Felipe & Pinho,felipe & pinho,Felipe,Pinho,Tricky Terrain,Counter Blitz,https://moxfield.com/decks/oZAUJUI4OESC2r8Yz9hhRw,https://moxfield.com/decks/sDazpxFOb0S9IAdQSA_7lg,Tricky Terrain,Counter Blitz,Tricky Terrain,Counter Blitz,Modern Horizons 3,Final Fantasy,manual,0,0
liga-2x2-online-s2-e7,Liga 2x2 Online S2-E7,2026-06-25,2026-06,1,3,,,Bells & Greowtty,ePauMqiW2B1xBT6ysxXH,Bells & Greowtty,1,,,Greowtty & Bells // Swell the host & Prismari artistry,Bells & Greowtty,bells & greowtty,Greowtty,Bells,Swell the Host,Prismari Artistry,https://moxfield.com/decks/sTwznDkLR06SrAiWHA9AIA,https://moxfield.com/decks/Fh99bHrQZ0KLu34C2JXu5w,Swell the Host,Prismari Artistry,Swell the Host,Prismari Artistry,Commander 2015,Secrets of Strixhaven,manual,0,0
liga-2x2-online-s2-e7,Liga 2x2 Online S2-E7,2026-06-25,2026-06,1,4,,Draw,Draw,px9PQWNxxJBSlnF7ywFa,Carlos & Carlos,0,,,Carlos & Carlos // Scions and Spellcraft & Doom Prevails,Carlos & Carlos,carlos & carlos,Carlos,Carlos,Scions & Spellcraft,Doom Prevails,https://moxfield.com/decks/r_IFt9Gc3UqaULfoAEjVvg,https://moxfield.com/decks/Jg16IgdT80G3KgLz0vI23g,Scions & Spellcraft,Doom Prevails,Scions & Spellcraft,Doom Prevails,Final Fantasy,Marvel Super Heroes,manual,0,0
liga-2x2-online-s2-e7,Liga 2x2 Online S2-E7,2026-06-25,2026-06,1,4,,Draw,Draw,19woGZCjuSBns18JX3Zw,Arthur Sartori & Marcos Sartori,0,,,Marcos Sartori & Arthur Sartori // Planeswalker party & Scions and spellcraft,Arthur Sartori & Marcos Sartori,arthur sartori & marcos sartori,Marcos Sartori,Arthur Sartori,Festa dos Planeswalker,Scions & Spellcraft,https://moxfield.com/decks/BYtodI0bP02r4z6UCkNkOg,https://moxfield.com/decks/r_IFt9Gc3UqaULfoAEjVvg,Festa dos Planeswalker,Scions & Spellcraft,Planeswalker Party,Scions & Spellcraft,Commander Masters,Final Fantasy,manual,0,0
liga-2x2-online-s2-e7,Liga 2x2 Online S2-E7,2026-06-25,2026-06,2,1,,,Dellani & Martin,ePauMqiW2B1xBT6ysxXH,Bells & Greowtty,0,,,Greowtty & Bells // Swell the host & Prismari artistry,Bells & Greowtty,bells & greowtty,Greowtty,Bells,Swell the Host,Prismari Artistry,https://moxfield.com/decks/sTwznDkLR06SrAiWHA9AIA,https://moxfield.com/decks/Fh99bHrQZ0KLu34C2JXu5w,Swell the Host,Prismari Artistry,Swell the Host,Prismari Artistry,Commander 2015,Secrets of Strixhaven,manual,0,0
liga-2x2-online-s2-e7,Liga 2x2 Online S2-E7,2026-06-25,2026-06,2,1,,,Dellani & Martin,YDUUTjYvfnU1MHFVZLOy,Dellani & Martin,1,,,Martin & Dellani // Lorehold Spirit & Planeswalker Party,Dellani & Martin,dellani & martin,Martin,Dellani,Lorehold Spirit,Festa dos Planeswalker,https://moxfield.com/decks/u6bBAgiZn0aXxjms4_-J9A,https://moxfield.com/decks/BYtodI0bP02r4z6UCkNkOg,Lorehold Spirit,Festa dos Planeswalker,Lorehold Spirit,Planeswalker Party,Secrets of Strixhaven,Commander Masters,manual,0,0
liga-2x2-online-s2-e7,Liga 2x2 Online S2-E7,2026-06-25,2026-06,2,2,,,Thiago & Vande,guSbtFkYJLcQHSYiYT9K,Thiago & Vande,1,,,Vande & Thiago // Endless Punishment & Dance of the Elements,Thiago & Vande,thiago & vande,Vande,Thiago,Endless Punishment,Dance of the Elements,https://moxfield.com/decks/eg5J71BzAU-yctY6lRn12Q,https://moxfield.com/decks/Z9GXwZyiKkOfR3O5m1rEkw,Endless Punishment,Dance of the Elements,Endless Punishment,Dance of the Elements,Duskmourn: House of Horror,Lorwyn Eclipsed,manual,0,0
liga-2x2-online-s2-e7,Liga 2x2 Online S2-E7,2026-06-25,2026-06,2,2,,,Thiago & Vande,19woGZCjuSBns18JX3Zw,Arthur Sartori & Marcos Sartori,0,,,Marcos Sartori & Arthur Sartori // Planeswalker party & Scions and spellcraft,Arthur Sartori & Marcos Sartori,arthur sartori & marcos sartori,Marcos Sartori,Arthur Sartori,Festa dos Planeswalker,Scions & Spellcraft,https://moxfield.com/decks/BYtodI0bP02r4z6UCkNkOg,https://moxfield.com/decks/r_IFt9Gc3UqaULfoAEjVvg,Festa dos Planeswalker,Scions & Spellcraft,Planeswalker Party,Scions & Spellcraft,Commander Masters,Final Fantasy,manual,0,0
liga-2x2-online-s2-e7,Liga 2x2 Online S2-E7,2026-06-25,2026-06,2,3,,,Carlos & Carlos,3DwNNoaks3pbpUaGhVE5,Boone & Reva,0,,,Reva & Boone // Hail Caesar & witherbloom pestilence,Boone & Reva,boone & reva,Reva,Boone,"Ave, Caesar",Witherbloom Pestilence,https://moxfield.com/decks/a6xg5ghnH0C-IB5PPqTZBQ,https://moxfield.com/decks/AfG94iTx-UeG0L1wvTfSug,"Ave, Caesar",Witherbloom Pestilence,"Hail, Caesar",Witherbloom Pestilence,Fallout,Secrets of Strixhaven,manual,0,0
liga-2x2-online-s2-e7,Liga 2x2 Online S2-E7,2026-06-25,2026-06,2,3,,,Carlos & Carlos,px9PQWNxxJBSlnF7ywFa,Carlos & Carlos,1,,,Carlos & Carlos // Scions and Spellcraft & Doom Prevails,Carlos & Carlos,carlos & carlos,Carlos,Carlos,Scions & Spellcraft,Doom Prevails,https://moxfield.com/decks/r_IFt9Gc3UqaULfoAEjVvg,https://moxfield.com/decks/Jg16IgdT80G3KgLz0vI23g,Scions & Spellcraft,Doom Prevails,Scions & Spellcraft,Doom Prevails,Final Fantasy,Marvel Super Heroes,manual,0,0
liga-2x2-online-s2-e7,Liga 2x2 Online S2-E7,2026-06-25,2026-06,2,4,,Draw,Draw,TrTICxdROFfJltL2CIsX,Felipe & Pinho,0,,,Felipe & Pinho // Tricky Terrain & Counter Blitz,Felipe & Pinho,felipe & pinho,Felipe,Pinho,Tricky Terrain,Counter Blitz,https://moxfield.com/decks/oZAUJUI4OESC2r8Yz9hhRw,https://moxfield.com/decks/sDazpxFOb0S9IAdQSA_7lg,Tricky Terrain,Counter Blitz,Tricky Terrain,Counter Blitz,Modern Horizons 3,Final Fantasy,manual,0,0
liga-2x2-online-s2-e7,Liga 2x2 Online S2-E7,2026-06-25,2026-06,2,4,,Draw,Draw,1WPIOtVF2PXQHQyJVp3s,Guilherme & Vicente,0,,,Guilherme & Vicente // Prismari Artistry & Silverquill Influence,Guilherme & Vicente,guilherme & vicente,Guilherme,Vicente,Prismari Artistry,Silverquill Influence,https://moxfield.com/decks/Fh99bHrQZ0KLu34C2JXu5w,https://moxfield.com/decks/g9rcUGSiR02aO2Ozof0rNA,Prismari Artistry,Silverquill Influence,Prismari Artistry,Silverquill Influence,Secrets of Strixhaven,Secrets of Strixhaven,manual,0,0
liga-2x2-online-s2-e7,Liga 2x2 Online S2-E7,2026-06-25,2026-06,3,1,,,Dellani & Martin,YDUUTjYvfnU1MHFVZLOy,Dellani & Martin,1,,,Martin & Dellani // Lorehold Spirit & Planeswalker Party,Dellani & Martin,dellani & martin,Martin,Dellani,Lorehold Spirit,Festa dos Planeswalker,https://moxfield.com/decks/u6bBAgiZn0aXxjms4_-J9A,https://moxfield.com/decks/BYtodI0bP02r4z6UCkNkOg,Lorehold Spirit,Festa dos Planeswalker,Lorehold Spirit,Planeswalker Party,Secrets of Strixhaven,Commander Masters,manual,0,0
liga-2x2-online-s2-e7,Liga 2x2 Online S2-E7,2026-06-25,2026-06,3,1,,,Dellani & Martin,px9PQWNxxJBSlnF7ywFa,Carlos & Carlos,0,,,Carlos & Carlos // Scions and Spellcraft & Doom Prevails,Carlos & Carlos,carlos & carlos,Carlos,Carlos,Scions & Spellcraft,Doom Prevails,https://moxfield.com/decks/r_IFt9Gc3UqaULfoAEjVvg,https://moxfield.com/decks/Jg16IgdT80G3KgLz0vI23g,Scions & Spellcraft,Doom Prevails,Scions & Spellcraft,Doom Prevails,Final Fantasy,Marvel Super Heroes,manual,0,0
liga-2x2-online-s2-e7,Liga 2x2 Online S2-E7,2026-06-25,2026-06,3,2,,,Thiago & Vande,guSbtFkYJLcQHSYiYT9K,Thiago & Vande,1,,,Vande & Thiago // Endless Punishment & Dance of the Elements,Thiago & Vande,thiago & vande,Vande,Thiago,Endless Punishment,Dance of the Elements,https://moxfield.com/decks/eg5J71BzAU-yctY6lRn12Q,https://moxfield.com/decks/Z9GXwZyiKkOfR3O5m1rEkw,Endless Punishment,Dance of the Elements,Endless Punishment,Dance of the Elements,Duskmourn: House of Horror,Lorwyn Eclipsed,manual,0,0
liga-2x2-online-s2-e7,Liga 2x2 Online S2-E7,2026-06-25,2026-06,3,2,,,Thiago & Vande,ePauMqiW2B1xBT6ysxXH,Bells & Greowtty,0,,,Greowtty & Bells // Swell the host & Prismari artistry,Bells & Greowtty,bells & greowtty,Greowtty,Bells,Swell the Host,Prismari Artistry,https://moxfield.com/decks/sTwznDkLR06SrAiWHA9AIA,https://moxfield.com/decks/Fh99bHrQZ0KLu34C2JXu5w,Swell the Host,Prismari Artistry,Swell the Host,Prismari Artistry,Commander 2015,Secrets of Strixhaven,manual,0,0
liga-2x2-online-s2-e7,Liga 2x2 Online S2-E7,2026-06-25,2026-06,3,3,,,Guilherme & Vicente,1WPIOtVF2PXQHQyJVp3s,Guilherme & Vicente,1,,,Guilherme & Vicente // Prismari Artistry & Silverquill Influence,Guilherme & Vicente,guilherme & vicente,Guilherme,Vicente,Prismari Artistry,Silverquill Influence,https://moxfield.com/decks/Fh99bHrQZ0KLu34C2JXu5w,https://moxfield.com/decks/g9rcUGSiR02aO2Ozof0rNA,Prismari Artistry,Silverquill Influence,Prismari Artistry,Silverquill Influence,Secrets of Strixhaven,Secrets of Strixhaven,manual,0,0
liga-2x2-online-s2-e7,Liga 2x2 Online S2-E7,2026-06-25,2026-06,3,3,,,Guilherme & Vicente,3DwNNoaks3pbpUaGhVE5,Boone & Reva,0,,,Reva & Boone // Hail Caesar & witherbloom pestilence,Boone & Reva,boone & reva,Reva,Boone,"Ave, Caesar",Witherbloom Pestilence,https://moxfield.com/decks/a6xg5ghnH0C-IB5PPqTZBQ,https://moxfield.com/decks/AfG94iTx-UeG0L1wvTfSug,"Ave, Caesar",Witherbloom Pestilence,"Hail, Caesar",Witherbloom Pestilence,Fallout,Secrets of Strixhaven,manual,0,0
liga-2x2-online-s2-e7,Liga 2x2 Online S2-E7,2026-06-25,2026-06,3,4,,Draw,Draw,TrTICxdROFfJltL2CIsX,Felipe & Pinho,0,,,Felipe & Pinho // Tricky Terrain & Counter Blitz,Felipe & Pinho,felipe & pinho,Felipe,Pinho,Tricky Terrain,Counter Blitz,https://moxfield.com/decks/oZAUJUI4OESC2r8Yz9hhRw,https://moxfield.com/decks/sDazpxFOb0S9IAdQSA_7lg,Tricky Terrain,Counter Blitz,Tricky Terrain,Counter Blitz,Modern Horizons 3,Final Fantasy,manual,0,0
liga-2x2-online-s2-e7,Liga 2x2 Online S2-E7,2026-06-25,2026-06,3,4,,Draw,Draw,19woGZCjuSBns18JX3Zw,Arthur Sartori & Marcos Sartori,0,,,Marcos Sartori & Arthur Sartori // Planeswalker party & Scions and spellcraft,Arthur Sartori & Marcos Sartori,arthur sartori & marcos sartori,Marcos Sartori,Arthur Sartori,Festa dos Planeswalker,Scions & Spellcraft,https://moxfield.com/decks/BYtodI0bP02r4z6UCkNkOg,https://moxfield.com/decks/r_IFt9Gc3UqaULfoAEjVvg,Festa dos Planeswalker,Scions & Spellcraft,Planeswalker Party,Scions & Spellcraft,Commander Masters,Final Fantasy,manual,0,0
liga-2x2-online-s3-e01,Liga 2x2 Online S3-E01,2026-07-09,2026-07,1,1,,AUhP5Up5iXACr6uoUCnt,Vande & Reva,bnQlQMrmWWxVX3CD0ZDY,Guilherme Oliveira & Vicente Daye,0,,,Guilherme Oliveira & Vicente Daye // Prismary Artistry & Doom Prevails,Guilherme Oliveira & Vicente Daye,guilherme oliveira & vicente daye,Guilherme Oliveira,Vicente Daye,Prismari Artistry,Doom Prevails,https://moxfield.com/decks/Fh99bHrQZ0KLu34C2JXu5w,https://moxfield.com/decks/Jg16IgdT80G3KgLz0vI23g,Prismari Artistry,Doom Prevails,Prismari Artistry,Doom Prevails,Secrets of Strixhaven,Marvel Super Heroes,manual,0,0
liga-2x2-online-s3-e01,Liga 2x2 Online S3-E01,2026-07-09,2026-07,1,1,,AUhP5Up5iXACr6uoUCnt,Vande & Reva,AUhP5Up5iXACr6uoUCnt,Vande & Reva,1,,,Vande & Reva // Endless Punishment & Witherbloom Pestilence,Vande & Reva,reva & vande,Vande,Reva,Endless Punishment,Witherbloom Pestilence,https://moxfield.com/decks/eg5J71BzAU-yctY6lRn12Q,https://moxfield.com/decks/AfG94iTx-UeG0L1wvTfSug,Endless Punishment,Witherbloom Pestilence,Endless Punishment,Witherbloom Pestilence,Duskmourn: House of Horror,Secrets of Strixhaven,manual,0,0
liga-2x2-online-s3-e01,Liga 2x2 Online S3-E01,2026-07-09,2026-07,1,2,,3OB6CZ7mic8YoqHFcAiX,Jorel & Martin,LpvOqL7c7cdIjZ6OwMig,Daniel Gentil & Marcel Zulian,0,,,Daniel Gentil & Marcel Zulian // Wakanda Forever & Endless Punishment,Daniel Gentil & Marcel Zulian,daniel gentil & marcel zulian,Daniel Gentil,Marcel Zulian,Wakanda Forever,Endless Punishment,https://moxfield.com/decks/sWfwgd1bQUetBcj5gFVaYQ,https://moxfield.com/decks/eg5J71BzAU-yctY6lRn12Q,Wakanda Forever,Endless Punishment,Wakanda Forever,Endless Punishment,Marvel Super Heroes,Duskmourn: House of Horror,manual,0,0
liga-2x2-online-s3-e01,Liga 2x2 Online S3-E01,2026-07-09,2026-07,1,2,,3OB6CZ7mic8YoqHFcAiX,Jorel & Martin,3OB6CZ7mic8YoqHFcAiX,Jorel & Martin,1,,,Jorel & Martin // Lorehold Spirit & Doom Prevails,Jorel & Martin,jorel & martin,Jorel,Martin,Lorehold Spirit,Doom Prevails,https://moxfield.com/decks/u6bBAgiZn0aXxjms4_-J9A,https://moxfield.com/decks/Jg16IgdT80G3KgLz0vI23g,Lorehold Spirit,Doom Prevails,Lorehold Spirit,Doom Prevails,Secrets of Strixhaven,Marvel Super Heroes,manual,0,0
liga-2x2-online-s3-e01,Liga 2x2 Online S3-E01,2026-07-09,2026-07,1,3,,X3seaKCvVnMNcozIBItG,Cássio Brancaleone & Carlos Spinola,X3seaKCvVnMNcozIBItG,Cássio Brancaleone & Carlos Spinola,1,,,Cássio Brancaleone & Carlos Spinola // Prismari Artistry & Draconic Dissent,Cássio Brancaleone & Carlos Spinola,carlos spinola & cassio brancaleone,Cássio Brancaleone,Carlos Spinola,Prismari Artistry,Dissidência Dracônica,https://moxfield.com/decks/Fh99bHrQZ0KLu34C2JXu5w,https://moxfield.com/decks/7hf3S7uxwE--7fSePH6i_Q,Prismari Artistry,Dissidência Dracônica,Prismari Artistry,Draconic Dissent,Secrets of Strixhaven,Commander Legends: Battle for Baldur's Gate,manual,0,0
liga-2x2-online-s3-e01,Liga 2x2 Online S3-E01,2026-07-09,2026-07,1,3,,X3seaKCvVnMNcozIBItG,Cássio Brancaleone & Carlos Spinola,L3hS2iYkwOhBqiCqMORC,Bells & Greowtty,0,,,Bells & Greowtty // Endless Punishment & Maestros Massacre's,Bells & Greowtty,bells & greowtty,Bells,Greowtty,Endless Punishment,Massacre dos Maestros,https://moxfield.com/decks/eg5J71BzAU-yctY6lRn12Q,https://moxfield.com/decks/LxPGBybSyEWQHFd87np1Xw,Endless Punishment,Massacre dos Maestros,Endless Punishment,Maestros Massacre,Duskmourn: House of Horror,Streets of New Capenna,manual,0,0
liga-2x2-online-s3-e01,Liga 2x2 Online S3-E01,2026-07-09,2026-07,1,4,,Draw,Draw,TNZjZ6dfZuTBpFDH4g7n,Thiago Mattos & Samuel Maia,0,,,Thiago Mattos & Samuel Maia // Avengers Assemble & Silverquill Influence,Thiago Mattos & Samuel Maia,samuel & thiago mattos,Thiago Mattos,Samuel,Avengers Assemble,Silverquill Influence,https://moxfield.com/decks/dXgR2kmN2Uyovl7B9qHcPg,https://moxfield.com/decks/g9rcUGSiR02aO2Ozof0rNA,Avengers Assemble,Silverquill Influence,Avengers Assemble,Silverquill Influence,Marvel Super Heroes,Secrets of Strixhaven,manual,0,0
liga-2x2-online-s3-e01,Liga 2x2 Online S3-E01,2026-07-09,2026-07,1,4,,Draw,Draw,Y9iFaDwirngZPL7Hbf1s,Marcos Sartori & Arthur Sartori,0,,,Marcos Sartori & Arthur Sartori // Counter blitz & Silverquill influence,Marcos Sartori & Arthur Sartori,arthur sartori & marcos sartori,Marcos Sartori,Arthur Sartori,Counter Blitz,Silverquill Influence,https://moxfield.com/decks/sDazpxFOb0S9IAdQSA_7lg,https://moxfield.com/decks/g9rcUGSiR02aO2Ozof0rNA,Counter Blitz,Silverquill Influence,Counter Blitz,Silverquill Influence,Final Fantasy,Secrets of Strixhaven,manual,0,0
liga-2x2-online-s3-e01,Liga 2x2 Online S3-E01,2026-07-09,2026-07,2,1,,AUhP5Up5iXACr6uoUCnt,Vande & Reva,3OB6CZ7mic8YoqHFcAiX,Jorel & Martin,0,,,Jorel & Martin // Lorehold Spirit & Doom Prevails,Jorel & Martin,jorel & martin,Jorel,Martin,Lorehold Spirit,Doom Prevails,https://moxfield.com/decks/u6bBAgiZn0aXxjms4_-J9A,https://moxfield.com/decks/Jg16IgdT80G3KgLz0vI23g,Lorehold Spirit,Doom Prevails,Lorehold Spirit,Doom Prevails,Secrets of Strixhaven,Marvel Super Heroes,manual,0,0
liga-2x2-online-s3-e01,Liga 2x2 Online S3-E01,2026-07-09,2026-07,2,1,,AUhP5Up5iXACr6uoUCnt,Vande & Reva,AUhP5Up5iXACr6uoUCnt,Vande & Reva,1,,,Vande & Reva // Endless Punishment & Witherbloom Pestilence,Vande & Reva,reva & vande,Vande,Reva,Endless Punishment,Witherbloom Pestilence,https://moxfield.com/decks/eg5J71BzAU-yctY6lRn12Q,https://moxfield.com/decks/AfG94iTx-UeG0L1wvTfSug,Endless Punishment,Witherbloom Pestilence,Endless Punishment,Witherbloom Pestilence,Duskmourn: House of Horror,Secrets of Strixhaven,manual,0,0
liga-2x2-online-s3-e01,Liga 2x2 Online S3-E01,2026-07-09,2026-07,2,2,,X3seaKCvVnMNcozIBItG,Cássio Brancaleone & Carlos Spinola,X3seaKCvVnMNcozIBItG,Cássio Brancaleone & Carlos Spinola,1,,,Cássio Brancaleone & Carlos Spinola // Prismari Artistry & Draconic Dissent,Cássio Brancaleone & Carlos Spinola,carlos spinola & cassio brancaleone,Cássio Brancaleone,Carlos Spinola,Prismari Artistry,Dissidência Dracônica,https://moxfield.com/decks/Fh99bHrQZ0KLu34C2JXu5w,https://moxfield.com/decks/7hf3S7uxwE--7fSePH6i_Q,Prismari Artistry,Dissidência Dracônica,Prismari Artistry,Draconic Dissent,Secrets of Strixhaven,Commander Legends: Battle for Baldur's Gate,manual,0,0
liga-2x2-online-s3-e01,Liga 2x2 Online S3-E01,2026-07-09,2026-07,2,2,,X3seaKCvVnMNcozIBItG,Cássio Brancaleone & Carlos Spinola,TNZjZ6dfZuTBpFDH4g7n,Thiago Mattos & Samuel Maia,0,,,Thiago Mattos & Samuel Maia // Avengers Assemble & Silverquill Influence,Thiago Mattos & Samuel Maia,samuel & thiago mattos,Thiago Mattos,Samuel,Avengers Assemble,Silverquill Influence,https://moxfield.com/decks/dXgR2kmN2Uyovl7B9qHcPg,https://moxfield.com/decks/g9rcUGSiR02aO2Ozof0rNA,Avengers Assemble,Silverquill Influence,Avengers Assemble,Silverquill Influence,Marvel Super Heroes,Secrets of Strixhaven,manual,0,0
liga-2x2-online-s3-e01,Liga 2x2 Online S3-E01,2026-07-09,2026-07,2,3,,Y9iFaDwirngZPL7Hbf1s,Marcos Sartori & Arthur Sartori,Y9iFaDwirngZPL7Hbf1s,Marcos Sartori & Arthur Sartori,1,,,Marcos Sartori & Arthur Sartori // Counter blitz & Silverquill influence,Marcos Sartori & Arthur Sartori,arthur sartori & marcos sartori,Marcos Sartori,Arthur Sartori,Counter Blitz,Silverquill Influence,https://moxfield.com/decks/sDazpxFOb0S9IAdQSA_7lg,https://moxfield.com/decks/g9rcUGSiR02aO2Ozof0rNA,Counter Blitz,Silverquill Influence,Counter Blitz,Silverquill Influence,Final Fantasy,Secrets of Strixhaven,manual,0,0
liga-2x2-online-s3-e01,Liga 2x2 Online S3-E01,2026-07-09,2026-07,2,3,,Y9iFaDwirngZPL7Hbf1s,Marcos Sartori & Arthur Sartori,LpvOqL7c7cdIjZ6OwMig,Daniel Gentil & Marcel Zulian,0,,,Daniel Gentil & Marcel Zulian // Wakanda Forever & Endless Punishment,Daniel Gentil & Marcel Zulian,daniel gentil & marcel zulian,Daniel Gentil,Marcel Zulian,Wakanda Forever,Endless Punishment,https://moxfield.com/decks/sWfwgd1bQUetBcj5gFVaYQ,https://moxfield.com/decks/eg5J71BzAU-yctY6lRn12Q,Wakanda Forever,Endless Punishment,Wakanda Forever,Endless Punishment,Marvel Super Heroes,Duskmourn: House of Horror,manual,0,0
liga-2x2-online-s3-e01,Liga 2x2 Online S3-E01,2026-07-09,2026-07,2,4,,bnQlQMrmWWxVX3CD0ZDY,Guilherme Oliveira & Vicente Daye,L3hS2iYkwOhBqiCqMORC,Bells & Greowtty,0,,,Bells & Greowtty // Endless Punishment & Maestros Massacre's,Bells & Greowtty,bells & greowtty,Bells,Greowtty,Endless Punishment,Massacre dos Maestros,https://moxfield.com/decks/eg5J71BzAU-yctY6lRn12Q,https://moxfield.com/decks/LxPGBybSyEWQHFd87np1Xw,Endless Punishment,Massacre dos Maestros,Endless Punishment,Maestros Massacre,Duskmourn: House of Horror,Streets of New Capenna,manual,0,0
liga-2x2-online-s3-e01,Liga 2x2 Online S3-E01,2026-07-09,2026-07,2,4,,bnQlQMrmWWxVX3CD0ZDY,Guilherme Oliveira & Vicente Daye,bnQlQMrmWWxVX3CD0ZDY,Guilherme Oliveira & Vicente Daye,1,,,Guilherme Oliveira & Vicente Daye // Prismary Artistry & Doom Prevails,Guilherme Oliveira & Vicente Daye,guilherme oliveira & vicente daye,Guilherme Oliveira,Vicente Daye,Prismari Artistry,Doom Prevails,https://moxfield.com/decks/Fh99bHrQZ0KLu34C2JXu5w,https://moxfield.com/decks/Jg16IgdT80G3KgLz0vI23g,Prismari Artistry,Doom Prevails,Prismari Artistry,Doom Prevails,Secrets of Strixhaven,Marvel Super Heroes,manual,0,0
liga-2x2-online-s3-e01,Liga 2x2 Online S3-E01,2026-07-09,2026-07,3,1,,AUhP5Up5iXACr6uoUCnt,Vande & Reva,X3seaKCvVnMNcozIBItG,Cássio Brancaleone & Carlos Spinola,0,,,Cássio Brancaleone & Carlos Spinola // Prismari Artistry & Draconic Dissent,Cássio Brancaleone & Carlos Spinola,carlos spinola & cassio brancaleone,Cássio Brancaleone,Carlos Spinola,Prismari Artistry,Dissidência Dracônica,https://moxfield.com/decks/Fh99bHrQZ0KLu34C2JXu5w,https://moxfield.com/decks/7hf3S7uxwE--7fSePH6i_Q,Prismari Artistry,Dissidência Dracônica,Prismari Artistry,Draconic Dissent,Secrets of Strixhaven,Commander Legends: Battle for Baldur's Gate,manual,0,0
liga-2x2-online-s3-e01,Liga 2x2 Online S3-E01,2026-07-09,2026-07,3,1,,AUhP5Up5iXACr6uoUCnt,Vande & Reva,AUhP5Up5iXACr6uoUCnt,Vande & Reva,1,,,Vande & Reva // Endless Punishment & Witherbloom Pestilence,Vande & Reva,reva & vande,Vande,Reva,Endless Punishment,Witherbloom Pestilence,https://moxfield.com/decks/eg5J71BzAU-yctY6lRn12Q,https://moxfield.com/decks/AfG94iTx-UeG0L1wvTfSug,Endless Punishment,Witherbloom Pestilence,Endless Punishment,Witherbloom Pestilence,Duskmourn: House of Horror,Secrets of Strixhaven,manual,0,0
liga-2x2-online-s3-e01,Liga 2x2 Online S3-E01,2026-07-09,2026-07,3,2,,3OB6CZ7mic8YoqHFcAiX,Jorel & Martin,Y9iFaDwirngZPL7Hbf1s,Marcos Sartori & Arthur Sartori,0,,,Marcos Sartori & Arthur Sartori // Counter blitz & Silverquill influence,Marcos Sartori & Arthur Sartori,arthur sartori & marcos sartori,Marcos Sartori,Arthur Sartori,Counter Blitz,Silverquill Influence,https://moxfield.com/decks/sDazpxFOb0S9IAdQSA_7lg,https://moxfield.com/decks/g9rcUGSiR02aO2Ozof0rNA,Counter Blitz,Silverquill Influence,Counter Blitz,Silverquill Influence,Final Fantasy,Secrets of Strixhaven,manual,0,0
liga-2x2-online-s3-e01,Liga 2x2 Online S3-E01,2026-07-09,2026-07,3,2,,3OB6CZ7mic8YoqHFcAiX,Jorel & Martin,3OB6CZ7mic8YoqHFcAiX,Jorel & Martin,1,,,Jorel & Martin // Lorehold Spirit & Doom Prevails,Jorel & Martin,jorel & martin,Jorel,Martin,Lorehold Spirit,Doom Prevails,https://moxfield.com/decks/u6bBAgiZn0aXxjms4_-J9A,https://moxfield.com/decks/Jg16IgdT80G3KgLz0vI23g,Lorehold Spirit,Doom Prevails,Lorehold Spirit,Doom Prevails,Secrets of Strixhaven,Marvel Super Heroes,manual,0,0
liga-2x2-online-s3-e01,Liga 2x2 Online S3-E01,2026-07-09,2026-07,3,3,,bnQlQMrmWWxVX3CD0ZDY,Guilherme Oliveira & Vicente Daye,bnQlQMrmWWxVX3CD0ZDY,Guilherme Oliveira & Vicente Daye,1,,,Guilherme Oliveira & Vicente Daye // Prismary Artistry & Doom Prevails,Guilherme Oliveira & Vicente Daye,guilherme oliveira & vicente daye,Guilherme Oliveira,Vicente Daye,Prismari Artistry,Doom Prevails,https://moxfield.com/decks/Fh99bHrQZ0KLu34C2JXu5w,https://moxfield.com/decks/Jg16IgdT80G3KgLz0vI23g,Prismari Artistry,Doom Prevails,Prismari Artistry,Doom Prevails,Secrets of Strixhaven,Marvel Super Heroes,manual,0,0
liga-2x2-online-s3-e01,Liga 2x2 Online S3-E01,2026-07-09,2026-07,3,3,,bnQlQMrmWWxVX3CD0ZDY,Guilherme Oliveira & Vicente Daye,TNZjZ6dfZuTBpFDH4g7n,Thiago Mattos & Samuel Maia,0,,,Thiago Mattos & Samuel Maia // Avengers Assemble & Silverquill Influence,Thiago Mattos & Samuel Maia,samuel & thiago mattos,Thiago Mattos,Samuel,Avengers Assemble,Silverquill Influence,https://moxfield.com/decks/dXgR2kmN2Uyovl7B9qHcPg,https://moxfield.com/decks/g9rcUGSiR02aO2Ozof0rNA,Avengers Assemble,Silverquill Influence,Avengers Assemble,Silverquill Influence,Marvel Super Heroes,Secrets of Strixhaven,manual,0,0
liga-2x2-online-s3-e01,Liga 2x2 Online S3-E01,2026-07-09,2026-07,3,4,,LpvOqL7c7cdIjZ6OwMig,Daniel Gentil & Marcel Zulian,L3hS2iYkwOhBqiCqMORC,Bells & Greowtty,0,,,Bells & Greowtty // Endless Punishment & Maestros Massacre's,Bells & Greowtty,bells & greowtty,Bells,Greowtty,Endless Punishment,Massacre dos Maestros,https://moxfield.com/decks/eg5J71BzAU-yctY6lRn12Q,https://moxfield.com/decks/LxPGBybSyEWQHFd87np1Xw,Endless Punishment,Massacre dos Maestros,Endless Punishment,Maestros Massacre,Duskmourn: House of Horror,Streets of New Capenna,manual,0,0
liga-2x2-online-s3-e01,Liga 2x2 Online S3-E01,2026-07-09,2026-07,3,4,,LpvOqL7c7cdIjZ6OwMig,Daniel Gentil & Marcel Zulian,LpvOqL7c7cdIjZ6OwMig,Daniel Gentil & Marcel Zulian,1,,,Daniel Gentil & Marcel Zulian // Wakanda Forever & Endless Punishment,Daniel Gentil & Marcel Zulian,daniel gentil & marcel zulian,Daniel Gentil,Marcel Zulian,Wakanda Forever,Endless Punishment,https://moxfield.com/decks/sWfwgd1bQUetBcj5gFVaYQ,https://moxfield.com/decks/eg5J71BzAU-yctY6lRn12Q,Wakanda Forever,Endless Punishment,Wakanda Forever,Endless Punishment,Marvel Super Heroes,Duskmourn: House of Horror,manual,0,0
liga-2x2-online-s3-e02,Liga 2x2 Online S3-E02,2026-07-23,2026-07,1,1,,JPtxX4239eJHZUILILYC,Martin & Jorel,JPtxX4239eJHZUILILYC,Martin & Jorel,1,,,Martin & Jorel,Martin & Jorel,jorel & martin,Martin,Jorel,,,,,,,,,,,manual,0,1
liga-2x2-online-s3-e02,Liga 2x2 Online S3-E02,2026-07-23,2026-07,1,1,,JPtxX4239eJHZUILILYC,Martin & Jorel,U3prcsUBqRzy2NrQ3TY8,Bells & Greowtty,0,,,Bells & Greowtty,Bells & Greowtty,bells & greowtty,Bells,Greowtty,,,,,,,,,,,manual,0,1
liga-2x2-online-s3-e02,Liga 2x2 Online S3-E02,2026-07-23,2026-07,1,2,,Draw,Draw,upCz9hFnKnnTsbTEPMvV,Marcos Sartori & Arthur Sartori,0,,,Marcos Sartori & Arthur Sartori,Marcos Sartori & Arthur Sartori,arthur sartori & marcos sartori,Marcos Sartori,Arthur Sartori,,,,,,,,,,,manual,0,1
liga-2x2-online-s3-e02,Liga 2x2 Online S3-E02,2026-07-23,2026-07,1,2,,Draw,Draw,Av9p57GFkMIbCaQWRzET,Reva & Vande,0,,,Reva & Vande,Reva & Vande,reva & vande,Reva,Vande,,,,,,,,,,,manual,0,1
liga-2x2-online-s3-e02,Liga 2x2 Online S3-E02,2026-07-23,2026-07,1,3,,1RUL6nCainD674UzOma6,Mateus & Matheus,1RUL6nCainD674UzOma6,Mateus & Matheus,1,,,Mateus & Matheus,Mateus & Matheus,mateus & matheus,Mateus,Matheus,,,,,,,,,,,manual,0,1
liga-2x2-online-s3-e02,Liga 2x2 Online S3-E02,2026-07-23,2026-07,1,3,,1RUL6nCainD674UzOma6,Mateus & Matheus,gR2C0w13cOggRNdlhbSr,Guilherme Oliveira & Vicente Daye,0,,,Guilherme Oliveira & Vicente Daye,Guilherme Oliveira & Vicente Daye,guilherme oliveira & vicente daye,Guilherme Oliveira,Vicente Daye,,,,,,,,,,,manual,0,1
liga-2x2-online-s3-e02,Liga 2x2 Online S3-E02,2026-07-23,2026-07,2,1,,JPtxX4239eJHZUILILYC,Martin & Jorel,6TiSNPRvRyN6PB6bYLOo,Marcelo & Carlindo,0,,,Marcelo & Carlindo,Marcelo & Carlindo,carlindo & marcelo,Marcelo,Carlindo,,,,,,,,,,,manual,0,1
liga-2x2-online-s3-e02,Liga 2x2 Online S3-E02,2026-07-23,2026-07,2,1,,JPtxX4239eJHZUILILYC,Martin & Jorel,JPtxX4239eJHZUILILYC,Martin & Jorel,1,,,Martin & Jorel,Martin & Jorel,jorel & martin,Martin,Jorel,,,,,,,,,,,manual,0,1
liga-2x2-online-s3-e02,Liga 2x2 Online S3-E02,2026-07-23,2026-07,2,2,,Av9p57GFkMIbCaQWRzET,Reva & Vande,1RUL6nCainD674UzOma6,Mateus & Matheus,0,,,Mateus & Matheus,Mateus & Matheus,mateus & matheus,Mateus,Matheus,,,,,,,,,,,manual,0,1
liga-2x2-online-s3-e02,Liga 2x2 Online S3-E02,2026-07-23,2026-07,2,2,,Av9p57GFkMIbCaQWRzET,Reva & Vande,Av9p57GFkMIbCaQWRzET,Reva & Vande,1,,,Reva & Vande,Reva & Vande,reva & vande,Reva,Vande,,,,,,,,,,,manual,0,1
liga-2x2-online-s3-e02,Liga 2x2 Online S3-E02,2026-07-23,2026-07,2,3,,upCz9hFnKnnTsbTEPMvV,Marcos Sartori & Arthur Sartori,upCz9hFnKnnTsbTEPMvV,Marcos Sartori & Arthur Sartori,1,,,Marcos Sartori & Arthur Sartori,Marcos Sartori & Arthur Sartori,arthur sartori & marcos sartori,Marcos Sartori,Arthur Sartori,,,,,,,,,,,manual,0,1
liga-2x2-online-s3-e02,Liga 2x2 Online S3-E02,2026-07-23,2026-07,2,3,,upCz9hFnKnnTsbTEPMvV,Marcos Sartori & Arthur Sartori,U3prcsUBqRzy2NrQ3TY8,Bells & Greowtty,0,,,Bells & Greowtty,Bells & Greowtty,bells & greowtty,Bells,Greowtty,,,,,,,,,,,manual,0,1
liga-2x2-online-s3-e02,Liga 2x2 Online S3-E02,2026-07-23,2026-07,3,1,,Av9p57GFkMIbCaQWRzET,Reva & Vande,JPtxX4239eJHZUILILYC,Martin & Jorel,0,,,Martin & Jorel,Martin & Jorel,jorel & martin,Martin,Jorel,,,,,,,,,,,manual,0,1
liga-2x2-online-s3-e02,Liga 2x2 Online S3-E02,2026-07-23,2026-07,3,1,,Av9p57GFkMIbCaQWRzET,Reva & Vande,Av9p57GFkMIbCaQWRzET,Reva & Vande,1,,,Reva & Vande,Reva & Vande,reva & vande,Reva,Vande,,,,,,,,,,,manual,0,1
liga-2x2-online-s3-e02,Liga 2x2 Online S3-E02,2026-07-23,2026-07,3,2,,upCz9hFnKnnTsbTEPMvV,Marcos Sartori & Arthur Sartori,upCz9hFnKnnTsbTEPMvV,Marcos Sartori & Arthur Sartori,1,,,Marcos Sartori & Arthur Sartori,Marcos Sartori & Arthur Sartori,arthur sartori & marcos sartori,Marcos Sartori,Arthur Sartori,,,,,,,,,,,manual,0,1
liga-2x2-online-s3-e02,Liga 2x2 Online S3-E02,2026-07-23,2026-07,3,2,,upCz9hFnKnnTsbTEPMvV,Marcos Sartori & Arthur Sartori,gR2C0w13cOggRNdlhbSr,Guilherme Oliveira & Vicente Daye,0,,,Guilherme Oliveira & Vicente Daye,Guilherme Oliveira & Vicente Daye,guilherme oliveira & vicente daye,Guilherme Oliveira,Vicente Daye,,,,,,,,,,,manual,0,1
liga-2x2-online-s3-e02,Liga 2x2 Online S3-E02,2026-07-23,2026-07,3,3,,6TiSNPRvRyN6PB6bYLOo,Marcelo & Carlindo,6TiSNPRvRyN6PB6bYLOo,Marcelo & Carlindo,1,,,Marcelo & Carlindo,Marcelo & Carlindo,carlindo & marcelo,Marcelo,Carlindo,,,,,,,,,,,manual,0,1
liga-2x2-online-s3-e02,Liga 2x2 Online S3-E02,2026-07-23,2026-07,3,3,,6TiSNPRvRyN6PB6bYLOo,Marcelo & Carlindo,1RUL6nCainD674UzOma6,Mateus & Matheus,0,,,Mateus & Matheus,Mateus & Matheus,mateus & matheus,Mateus,Matheus,,,,,,,,,,,manual,0,1
liga-2x2-online-s3-e03,Liga 2x2 Online S3-E03,2026-08-06,2026-08,1,1,,Jx1185OjNTYQHcQpf2Ou,Reva & Vande,s4NJHPXyWxa03tH28ZN8,Thiago Cunha & Carlos Spinola,0,,,Thiago Cunha & Carlos Spinola,Thiago Cunha & Carlos Spinola,carlos spinola & thiago cunha,Thiago Cunha,Carlos Spinola,,,,,,,,,,,manual,0,1
liga-2x2-online-s3-e03,Liga 2x2 Online S3-E03,2026-08-06,2026-08,1,1,,Jx1185OjNTYQHcQpf2Ou,Reva & Vande,Jx1185OjNTYQHcQpf2Ou,Reva & Vande,1,,,Reva & Vande,Reva & Vande,reva & vande,Reva,Vande,,,,,,,,,,,manual,0,1
liga-2x2-online-s3-e03,Liga 2x2 Online S3-E03,2026-08-06,2026-08,1,2,,sgf7wv70ODbHhDEaGBxE,Felipe & Pinho,sgf7wv70ODbHhDEaGBxE,Felipe & Pinho,1,,,Felipe & Pinho,Felipe & Pinho,felipe & pinho,Felipe,Pinho,,,,,,,,,,,manual,0,1
liga-2x2-online-s3-e03,Liga 2x2 Online S3-E03,2026-08-06,2026-08,1,2,,sgf7wv70ODbHhDEaGBxE,Felipe & Pinho,spaGZKQ5fd6hXm1YJg2Z,Bells & Greowtty,0,,,Bells & Greowty,Bells & Greowtty,bells & greowtty,Bells,Greowtty,Counter Inteligence,Blast from the Past,https://moxfield.com/decks/3_8jtm_lzESK6BdFtnM3iA,https://moxfield.com/decks/DrrgKpdOf0mmfCVUIyraLw,Counter Inteligence,Blast from the Past,Counter Inteligence,Blast from the Past,Edge of Eternities,Doctor Who,manual,0,0
liga-2x2-online-s3-e03,Liga 2x2 Online S3-E03,2026-08-06,2026-08,1,3,,R7VuzUKIjBTa4XXrMPH5,Guilherme Oliveira & Vicente Daye,R7VuzUKIjBTa4XXrMPH5,Guilherme Oliveira & Vicente Daye,1,,,Guilherme Oliveira & Vicente Daye,Guilherme Oliveira & Vicente Daye,guilherme oliveira & vicente daye,Guilherme Oliveira,Vicente Daye,,,,,,,,,,,manual,0,1
liga-2x2-online-s3-e03,Liga 2x2 Online S3-E03,2026-08-06,2026-08,1,3,,R7VuzUKIjBTa4XXrMPH5,Guilherme Oliveira & Vicente Daye,7au8fF8YACgwm9CTBIKU,Kukaowty & Rafael Silva,0,,,Rafael Silva & Kukaowty,Kukaowty & Rafael Silva,kukaowty & rafael silva,Rafael Silva,Kukaowty,,,,,,,,,,,parsed,0,1
liga-2x2-online-s3-e03,Liga 2x2 Online S3-E03,2026-08-06,2026-08,2,1,,Jx1185OjNTYQHcQpf2Ou,Reva & Vande,Jx1185OjNTYQHcQpf2Ou,Reva & Vande,1,,,Reva & Vande,Reva & Vande,reva & vande,Reva,Vande,,,,,,,,,,,manual,0,1
liga-2x2-online-s3-e03,Liga 2x2 Online S3-E03,2026-08-06,2026-08,2,1,,Jx1185OjNTYQHcQpf2Ou,Reva & Vande,sgf7wv70ODbHhDEaGBxE,Felipe & Pinho,0,,,Felipe & Pinho,Felipe & Pinho,felipe & pinho,Felipe,Pinho,,,,,,,,,,,manual,0,1
liga-2x2-online-s3-e03,Liga 2x2 Online S3-E03,2026-08-06,2026-08,2,2,,Draw,Draw,R7VuzUKIjBTa4XXrMPH5,Guilherme Oliveira & Vicente Daye,0,,,Guilherme Oliveira & Vicente Daye,Guilherme Oliveira & Vicente Daye,guilherme oliveira & vicente daye,Guilherme Oliveira,Vicente Daye,,,,,,,,,,,manual,0,1
liga-2x2-online-s3-e03,Liga 2x2 Online S3-E03,2026-08-06,2026-08,2,2,,Draw,Draw,spaGZKQ5fd6hXm1YJg2Z,Bells & Greowtty,0,,,Bells & Greowty,Bells & Greowtty,bells & greowtty,Bells,Greowtty,Counter Inteligence,Blast from the Past,https://moxfield.com/decks/3_8jtm_lzESK6BdFtnM3iA,https://moxfield.com/decks/DrrgKpdOf0mmfCVUIyraLw,Counter Inteligence,Blast from the Past,Counter Inteligence,Blast from the Past,Edge of Eternities,Doctor Who,manual,0,0
liga-2x2-online-s3-e03,Liga 2x2 Online S3-E03,2026-08-06,2026-08,2,3,,Draw,Draw,s4NJHPXyWxa03tH28ZN8,Thiago Cunha & Carlos Spinola,0,,,Thiago Cunha & Carlos Spinola,Thiago Cunha & Carlos Spinola,carlos spinola & thiago cunha,Thiago Cunha,Carlos Spinola,,,,,,,,,,,manual,0,1
liga-2x2-online-s3-e03,Liga 2x2 Online S3-E03,2026-08-06,2026-08,2,3,,Draw,Draw,7au8fF8YACgwm9CTBIKU,Kukaowty & Rafael Silva,0,,,Rafael Silva & Kukaowty,Kukaowty & Rafael Silva,kukaowty & rafael silva,Rafael Silva,Kukaowty,,,,,,,,,,,parsed,0,1
liga-2x2-online-s3-e03,Liga 2x2 Online S3-E03,2026-08-06,2026-08,3,1,,Jx1185OjNTYQHcQpf2Ou,Reva & Vande,Jx1185OjNTYQHcQpf2Ou,Reva & Vande,1,,,Reva & Vande,Reva & Vande,reva & vande,Reva,Vande,,,,,,,,,,,manual,0,1
liga-2x2-online-s3-e03,Liga 2x2 Online S3-E03,2026-08-06,2026-08,3,1,,Jx1185OjNTYQHcQpf2Ou,Reva & Vande,R7VuzUKIjBTa4XXrMPH5,Guilherme Oliveira & Vicente Daye,0,,,Guilherme Oliveira & Vicente Daye,Guilherme Oliveira & Vicente Daye,guilherme oliveira & vicente daye,Guilherme Oliveira,Vicente Daye,,,,,,,,,,,manual,0,1
liga-2x2-online-s3-e03,Liga 2x2 Online S3-E03,2026-08-06,2026-08,3,2,,7au8fF8YACgwm9CTBIKU,Kukaowty & Rafael Silva,sgf7wv70ODbHhDEaGBxE,Felipe & Pinho,0,,,Felipe & Pinho,Felipe & Pinho,felipe & pinho,Felipe,Pinho,,,,,,,,,,,manual,0,1
liga-2x2-online-s3-e03,Liga 2x2 Online S3-E03,2026-08-06,2026-08,3,2,,7au8fF8YACgwm9CTBIKU,Kukaowty & Rafael Silva,7au8fF8YACgwm9CTBIKU,Kukaowty & Rafael Silva,1,,,Rafael Silva & Kukaowty,Kukaowty & Rafael Silva,kukaowty & rafael silva,Rafael Silva,Kukaowty,,,,,,,,,,,parsed,0,1
liga-2x2-online-s3-e03,Liga 2x2 Online S3-E03,2026-08-06,2026-08,3,3,,s4NJHPXyWxa03tH28ZN8,Thiago Cunha & Carlos Spinola,s4NJHPXyWxa03tH28ZN8,Thiago Cunha & Carlos Spinola,1,,,Thiago Cunha & Carlos Spinola,Thiago Cunha & Carlos Spinola,carlos spinola & thiago cunha,Thiago Cunha,Carlos Spinola,,,,,,,,,,,manual,0,1
liga-2x2-online-s3-e03,Liga 2x2 Online S3-E03,2026-08-06,2026-08,3,3,,s4NJHPXyWxa03tH28ZN8,Thiago Cunha & Carlos Spinola,spaGZKQ5fd6hXm1YJg2Z,Bells & Greowtty,0,,,Bells & Greowty,Bells & Greowtty,bells & greowtty,Bells,Greowtty,Counter Inteligence,Blast from the Past,https://moxfield.com/decks/3_8jtm_lzESK6BdFtnM3iA,https://moxfield.com/decks/DrrgKpdOf0mmfCVUIyraLw,Counter Inteligence,Blast from the Past,Counter Inteligence,Blast from the Past,Edge of Eternities,Doctor Who,manual,0,0
liga-2x2-online-s3-e04,Liga 2x2 Online S3-E04,2026-08-20,2026-08,1,1,,P7mv2ycdsBIS4GKTexK5,Reva & Vande,7QhUhrJzq2NrSOsN4zwY,Bell & Greowtty,0,,,Bell & Greowtty /Virtue and Valor & Adaptive enchantment,Bell & Greowtty,bell & greowtty,Bell,Greowtty,Virtude e Valor,Encantamento Adaptativo,https://moxfield.com/decks/Oo_99oH5K0ifS25Wzu5qLw,https://moxfield.com/decks/64xc7oFyak2RjPAWc5RdCQ,Virtude e Valor,Encantamento Adaptativo,Virtue and Valor,Adaptive Enchantment,Wilds of Eldraine,Commander 2018,manual,0,0
liga-2x2-online-s3-e04,Liga 2x2 Online S3-E04,2026-08-20,2026-08,1,1,,P7mv2ycdsBIS4GKTexK5,Reva & Vande,P7mv2ycdsBIS4GKTexK5,Reva & Vande,1,,,Reva & Vande // Jeskai Striker & Endless Punishment,Reva & Vande,reva & vande,Reva,Vande,Jeskai Striker,Endless Punishment,https://moxfield.com/decks/GqSQ24NIJkq-144dkab-HQ,https://moxfield.com/decks/eg5J71BzAU-yctY6lRn12Q,Jeskai Striker,Endless Punishment,Jeskai Striker,Endless Punishment,Tarkir Dragonstorm,Duskmourn: House of Horror,manual,0,0
liga-2x2-online-s3-e04,Liga 2x2 Online S3-E04,2026-08-20,2026-08,1,2,,7dBYiv9yOSHMOh9lbAnx,Romano & Martin,7dBYiv9yOSHMOh9lbAnx,Romano & Martin,1,,,Romano & Martin // Silverquill Inflluence & Jeskai Striker,Romano & Martin,martin & romano,Romano,Martin,Silverquill Influence,Jeskai Striker,https://moxfield.com/decks/g9rcUGSiR02aO2Ozof0rNA,https://moxfield.com/decks/GqSQ24NIJkq-144dkab-HQ,Silverquill Influence,Jeskai Striker,Silverquill Influence,Jeskai Striker,Secrets of Strixhaven,Tarkir Dragonstorm,manual,0,0
liga-2x2-online-s3-e04,Liga 2x2 Online S3-E04,2026-08-20,2026-08,1,2,,7dBYiv9yOSHMOh9lbAnx,Romano & Martin,0o3tmgg05DEjAc08hU9J,Metusa & Chueiry,0,,,Metusa & Chueiry // Massacre dos Maestros & Family Matters,Metusa & Chueiry,chueiry & metusa,Metusa,Chueiry,Massacre dos Maestros,Family Matters,https://moxfield.com/decks/LxPGBybSyEWQHFd87np1Xw,https://moxfield.com/decks/c6jPOurIekil4dXtwVWq8w,Massacre dos Maestros,Family Matters,Maestros Massacre,Family Matters,Streets of New Capenna,Bloomburrow,manual,0,0
liga-2x2-online-s3-e04,Liga 2x2 Online S3-E04,2026-08-20,2026-08,2,1,,P7mv2ycdsBIS4GKTexK5,Reva & Vande,P7mv2ycdsBIS4GKTexK5,Reva & Vande,1,,,Reva & Vande // Jeskai Striker & Endless Punishment,Reva & Vande,reva & vande,Reva,Vande,Jeskai Striker,Endless Punishment,https://moxfield.com/decks/GqSQ24NIJkq-144dkab-HQ,https://moxfield.com/decks/eg5J71BzAU-yctY6lRn12Q,Jeskai Striker,Endless Punishment,Jeskai Striker,Endless Punishment,Tarkir Dragonstorm,Duskmourn: House of Horror,manual,0,0
liga-2x2-online-s3-e04,Liga 2x2 Online S3-E04,2026-08-20,2026-08,2,1,,P7mv2ycdsBIS4GKTexK5,Reva & Vande,7dBYiv9yOSHMOh9lbAnx,Romano & Martin,0,,,Romano & Martin // Silverquill Inflluence & Jeskai Striker,Romano & Martin,martin & romano,Romano,Martin,Silverquill Influence,Jeskai Striker,https://moxfield.com/decks/g9rcUGSiR02aO2Ozof0rNA,https://moxfield.com/decks/GqSQ24NIJkq-144dkab-HQ,Silverquill Influence,Jeskai Striker,Silverquill Influence,Jeskai Striker,Secrets of Strixhaven,Tarkir Dragonstorm,manual,0,0
liga-2x2-online-s3-e04,Liga 2x2 Online S3-E04,2026-08-20,2026-08,2,2,,0o3tmgg05DEjAc08hU9J,Metusa & Chueiry,0o3tmgg05DEjAc08hU9J,Metusa & Chueiry,1,,,Metusa & Chueiry // Massacre dos Maestros & Family Matters,Metusa & Chueiry,chueiry & metusa,Metusa,Chueiry,Massacre dos Maestros,Family Matters,https://moxfield.com/decks/LxPGBybSyEWQHFd87np1Xw,https://moxfield.com/decks/c6jPOurIekil4dXtwVWq8w,Massacre dos Maestros,Family Matters,Maestros Massacre,Family Matters,Streets of New Capenna,Bloomburrow,manual,0,0
liga-2x2-online-s3-e04,Liga 2x2 Online S3-E04,2026-08-20,2026-08,2,2,,0o3tmgg05DEjAc08hU9J,Metusa & Chueiry,7QhUhrJzq2NrSOsN4zwY,Bell & Greowtty,0,,,Bell & Greowtty /Virtue and Valor & Adaptive enchantment,Bell & Greowtty,bell & greowtty,Bell,Greowtty,Virtude e Valor,Encantamento Adaptativo,https://moxfield.com/decks/Oo_99oH5K0ifS25Wzu5qLw,https://moxfield.com/decks/64xc7oFyak2RjPAWc5RdCQ,Virtude e Valor,Encantamento Adaptativo,Virtue and Valor,Adaptive Enchantment,Wilds of Eldraine,Commander 2018,manual,0,0
liga-2x2-online-s3-e04,Liga 2x2 Online S3-E04,2026-08-20,2026-08,3,1,,P7mv2ycdsBIS4GKTexK5,Reva & Vande,P7mv2ycdsBIS4GKTexK5,Reva & Vande,1,,,Reva & Vande // Jeskai Striker & Endless Punishment,Reva & Vande,reva & vande,Reva,Vande,Jeskai Striker,Endless Punishment,https://moxfield.com/decks/GqSQ24NIJkq-144dkab-HQ,https://moxfield.com/decks/eg5J71BzAU-yctY6lRn12Q,Jeskai Striker,Endless Punishment,Jeskai Striker,Endless Punishment,Tarkir Dragonstorm,Duskmourn: House of Horror,manual,0,0
liga-2x2-online-s3-e04,Liga 2x2 Online S3-E04,2026-08-20,2026-08,3,1,,P7mv2ycdsBIS4GKTexK5,Reva & Vande,0o3tmgg05DEjAc08hU9J,Metusa & Chueiry,0,,,Metusa & Chueiry // Massacre dos Maestros & Family Matters,Metusa & Chueiry,chueiry & metusa,Metusa,Chueiry,Massacre dos Maestros,Family Matters,https://moxfield.com/decks/LxPGBybSyEWQHFd87np1Xw,https://moxfield.com/decks/c6jPOurIekil4dXtwVWq8w,Massacre dos Maestros,Family Matters,Maestros Massacre,Family Matters,Streets of New Capenna,Bloomburrow,manual,0,0
liga-2x2-online-s3-e04,Liga 2x2 Online S3-E04,2026-08-20,2026-08,3,2,,7dBYiv9yOSHMOh9lbAnx,Romano & Martin,7dBYiv9yOSHMOh9lbAnx,Romano & Martin,1,,,Romano & Martin // Silverquill Inflluence & Jeskai Striker,Romano & Martin,martin & romano,Romano,Martin,Silverquill Influence,Jeskai Striker,https://moxfield.com/decks/g9rcUGSiR02aO2Ozof0rNA,https://moxfield.com/decks/GqSQ24NIJkq-144dkab-HQ,Silverquill Influence,Jeskai Striker,Silverquill Influence,Jeskai Striker,Secrets of Strixhaven,Tarkir Dragonstorm,manual,0,0
liga-2x2-online-s3-e04,Liga 2x2 Online S3-E04,2026-08-20,2026-08,3,2,,7dBYiv9yOSHMOh9lbAnx,Romano & Martin,7QhUhrJzq2NrSOsN4zwY,Bell & Greowtty,0,,,Bell & Greowtty /Virtue and Valor & Adaptive enchantment,Bell & Greowtty,bell & greowtty,Bell,Greowtty,Virtude e Valor,Encantamento Adaptativo,https://moxfield.com/decks/Oo_99oH5K0ifS25Wzu5qLw,https://moxfield.com/decks/64xc7oFyak2RjPAWc5RdCQ,Virtude e Valor,Encantamento Adaptativo,Virtue and Valor,Adaptive Enchantment,Wilds of Eldraine,Commander 2018,manual,0,0
liga-2x2-online-s3-e05,Liga 2x2 Online S3-E05,2026-09-03,2026-09,1,1,,6GG2e1gv1mfcHq5wQZnv,Reva & Vande,6GG2e1gv1mfcHq5wQZnv,Reva & Vande,1,,,Reva & Vande // Jeskai Striker & Whiterbloom Pestilence,Reva & Vande,reva & vande,Reva,Vande,Jeskai Striker,Witherbloom Pestilence,https://moxfield.com/decks/GqSQ24NIJkq-144dkab-HQ,https://moxfield.com/decks/AfG94iTx-UeG0L1wvTfSug,Jeskai Striker,Witherbloom Pestilence,Jeskai Striker,Witherbloom Pestilence,Tarkir Dragonstorm,Secrets of Strixhaven,manual,0,0
liga-2x2-online-s3-e05,Liga 2x2 Online S3-E05,2026-09-03,2026-09,1,1,,6GG2e1gv1mfcHq5wQZnv,Reva & Vande,bdINJzFvkj3CmKLPAX07,Thiago Cunha & Carlos Spinola,0,,,Thiago Cunha & Carlos Spinola // Sneak Attack e Mind Flayarrrs,Thiago Cunha & Carlos Spinola,carlos spinola & thiago cunha,Thiago Cunha,Carlos Spinola,Ataque Surpresa,Devorarrrdores de Mentes,https://moxfield.com/decks/RzsmVOnyREuqPhNrhrA-ow,https://moxfield.com/decks/fmt6yaMreU2LXsLELVt7xw,Ataque Surpresa,Devorarrrdores de Mentes,Sneak Attack,Mind Flayarrrs,Zendikar Rising,Commander Legends: Battle for Baldur's Gate,manual,0,0
liga-2x2-online-s3-e05,Liga 2x2 Online S3-E05,2026-09-03,2026-09,1,2,,zlclkm2uSTX42W2tXhGY,Felipe & Pinho,FyEfRdq31ENZMkjpBRkM,Marcos Sartori & Arthur Sartori,0,,,Marcos Sartori & Arthur Sartori // Animated Army & Family Matters,Marcos Sartori & Arthur Sartori,arthur sartori & marcos sartori,Marcos Sartori,Arthur Sartori,Animated Army,Family Matters,https://moxfield.com/decks/IZBQnOST_kWlQtqytb75rg,https://moxfield.com/decks/c6jPOurIekil4dXtwVWq8w,Animated Army,Family Matters,Animated Army,Family Matters,Bloomburrow,Bloomburrow,manual,0,0
liga-2x2-online-s3-e05,Liga 2x2 Online S3-E05,2026-09-03,2026-09,1,2,,zlclkm2uSTX42W2tXhGY,Felipe & Pinho,zlclkm2uSTX42W2tXhGY,Felipe & Pinho,1,,,Felipe & Pinho // Explores of the Deep & Counter Blitz,Felipe & Pinho,felipe & pinho,Felipe,Pinho,Exploradores das Profundezas,Counter Blitz,https://moxfield.com/decks/SvrXYfEIn0q5EprNPf0mqQ,https://moxfield.com/decks/sDazpxFOb0S9IAdQSA_7lg,Exploradores das Profundezas,Counter Blitz,Explorers of the Deep,Counter Blitz,The Lost Caverns of Ixalan,Final Fantasy,manual,0,0
liga-2x2-online-s3-e05,Liga 2x2 Online S3-E05,2026-09-03,2026-09,1,3,,HTFNbyBHYWEMiUyEqkRG,Jorel & Martin,HTFNbyBHYWEMiUyEqkRG,Jorel & Martin,1,,,Jorel & Martin // Turtle Power & Silverquill Influence,Jorel & Martin,jorel & martin,Jorel,Martin,Turtle Power!,Silverquill Influence,https://moxfield.com/decks/igKb7qATmkmYaX3M7hB4Sg,https://moxfield.com/decks/g9rcUGSiR02aO2Ozof0rNA,Turtle Power!,Silverquill Influence,Turtle Power!,Silverquill Influence,Teenage Mutant Ninja Turtles,Secrets of Strixhaven,manual,0,0
liga-2x2-online-s3-e05,Liga 2x2 Online S3-E05,2026-09-03,2026-09,1,3,,HTFNbyBHYWEMiUyEqkRG,Jorel & Martin,UTJKLldD7KFZsQLAIOZi,Vini Chaca & Susan Ferreira,0,,,Vini Chaca & Susan Ferreira // Corrupting Influence & Counter Intelligence,Vini Chaca & Susan Ferreira,susan ferreira & vini chaca,Vini Chaca,Susan Ferreira,Influência Corruptora,Counter Inteligence,https://moxfield.com/decks/wRdT-auSDE6XcMJPM0aHDA,https://moxfield.com/decks/3_8jtm_lzESK6BdFtnM3iA,Influência Corruptora,Counter Inteligence,Corrupting Influence,Counter Inteligence,Phyrexia: All Will Be One,Edge of Eternities,manual,0,0
liga-2x2-online-s3-e05,Liga 2x2 Online S3-E05,2026-09-03,2026-09,2,1,,Draw,Draw,zlclkm2uSTX42W2tXhGY,Felipe & Pinho,0,,,Felipe & Pinho // Explores of the Deep & Counter Blitz,Felipe & Pinho,felipe & pinho,Felipe,Pinho,Exploradores das Profundezas,Counter Blitz,https://moxfield.com/decks/SvrXYfEIn0q5EprNPf0mqQ,https://moxfield.com/decks/sDazpxFOb0S9IAdQSA_7lg,Exploradores das Profundezas,Counter Blitz,Explorers of the Deep,Counter Blitz,The Lost Caverns of Ixalan,Final Fantasy,manual,0,0
liga-2x2-online-s3-e05,Liga 2x2 Online S3-E05,2026-09-03,2026-09,2,1,,Draw,Draw,6GG2e1gv1mfcHq5wQZnv,Reva & Vande,0,,,Reva & Vande // Jeskai Striker & Whiterbloom Pestilence,Reva & Vande,reva & vande,Reva,Vande,Jeskai Striker,Witherbloom Pestilence,https://moxfield.com/decks/GqSQ24NIJkq-144dkab-HQ,https://moxfield.com/decks/AfG94iTx-UeG0L1wvTfSug,Jeskai Striker,Witherbloom Pestilence,Jeskai Striker,Witherbloom Pestilence,Tarkir Dragonstorm,Secrets of Strixhaven,manual,0,0
liga-2x2-online-s3-e05,Liga 2x2 Online S3-E05,2026-09-03,2026-09,2,2,,bdINJzFvkj3CmKLPAX07,Thiago Cunha & Carlos Spinola,HTFNbyBHYWEMiUyEqkRG,Jorel & Martin,0,,,Jorel & Martin // Turtle Power & Silverquill Influence,Jorel & Martin,jorel & martin,Jorel,Martin,Turtle Power!,Silverquill Influence,https://moxfield.com/decks/igKb7qATmkmYaX3M7hB4Sg,https://moxfield.com/decks/g9rcUGSiR02aO2Ozof0rNA,Turtle Power!,Silverquill Influence,Turtle Power!,Silverquill Influence,Teenage Mutant Ninja Turtles,Secrets of Strixhaven,manual,0,0
liga-2x2-online-s3-e05,Liga 2x2 Online S3-E05,2026-09-03,2026-09,2,2,,bdINJzFvkj3CmKLPAX07,Thiago Cunha & Carlos Spinola,bdINJzFvkj3CmKLPAX07,Thiago Cunha & Carlos Spinola,1,,,Thiago Cunha & Carlos Spinola // Sneak Attack e Mind Flayarrrs,Thiago Cunha & Carlos Spinola,carlos spinola & thiago cunha,Thiago Cunha,Carlos Spinola,Ataque Surpresa,Devorarrrdores de Mentes,https://moxfield.com/decks/RzsmVOnyREuqPhNrhrA-ow,https://moxfield.com/decks/fmt6yaMreU2LXsLELVt7xw,Ataque Surpresa,Devorarrrdores de Mentes,Sneak Attack,Mind Flayarrrs,Zendikar Rising,Commander Legends: Battle for Baldur's Gate,manual,0,0
liga-2x2-online-s3-e05,Liga 2x2 Online S3-E05,2026-09-03,2026-09,2,3,,FyEfRdq31ENZMkjpBRkM,Marcos Sartori & Arthur Sartori,UTJKLldD7KFZsQLAIOZi,Vini Chaca & Susan Ferreira,0,,,Vini Chaca & Susan Ferreira // Corrupting Influence & Counter Intelligence,Vini Chaca & Susan Ferreira,susan ferreira & vini chaca,Vini Chaca,Susan Ferreira,Influência Corruptora,Counter Inteligence,https://moxfield.com/decks/wRdT-auSDE6XcMJPM0aHDA,https://moxfield.com/decks/3_8jtm_lzESK6BdFtnM3iA,Influência Corruptora,Counter Inteligence,Corrupting Influence,Counter Inteligence,Phyrexia: All Will Be One,Edge of Eternities,manual,0,0
liga-2x2-online-s3-e05,Liga 2x2 Online S3-E05,2026-09-03,2026-09,2,3,,FyEfRdq31ENZMkjpBRkM,Marcos Sartori & Arthur Sartori,FyEfRdq31ENZMkjpBRkM,Marcos Sartori & Arthur Sartori,1,,,Marcos Sartori & Arthur Sartori // Animated Army & Family Matters,Marcos Sartori & Arthur Sartori,arthur sartori & marcos sartori,Marcos Sartori,Arthur Sartori,Animated Army,Family Matters,https://moxfield.com/decks/IZBQnOST_kWlQtqytb75rg,https://moxfield.com/decks/c6jPOurIekil4dXtwVWq8w,Animated Army,Family Matters,Animated Army,Family Matters,Bloomburrow,Bloomburrow,manual,0,0
liga-2x2-online-s3-e05,Liga 2x2 Online S3-E05,2026-09-03,2026-09,3,1,,HTFNbyBHYWEMiUyEqkRG,Jorel & Martin,6GG2e1gv1mfcHq5wQZnv,Reva & Vande,0,,,Reva & Vande // Jeskai Striker & Whiterbloom Pestilence,Reva & Vande,reva & vande,Reva,Vande,Jeskai Striker,Witherbloom Pestilence,https://moxfield.com/decks/GqSQ24NIJkq-144dkab-HQ,https://moxfield.com/decks/AfG94iTx-UeG0L1wvTfSug,Jeskai Striker,Witherbloom Pestilence,Jeskai Striker,Witherbloom Pestilence,Tarkir Dragonstorm,Secrets of Strixhaven,manual,0,0
liga-2x2-online-s3-e05,Liga 2x2 Online S3-E05,2026-09-03,2026-09,3,1,,HTFNbyBHYWEMiUyEqkRG,Jorel & Martin,HTFNbyBHYWEMiUyEqkRG,Jorel & Martin,1,,,Jorel & Martin // Turtle Power & Silverquill Influence,Jorel & Martin,jorel & martin,Jorel,Martin,Turtle Power!,Silverquill Influence,https://moxfield.com/decks/igKb7qATmkmYaX3M7hB4Sg,https://moxfield.com/decks/g9rcUGSiR02aO2Ozof0rNA,Turtle Power!,Silverquill Influence,Turtle Power!,Silverquill Influence,Teenage Mutant Ninja Turtles,Secrets of Strixhaven,manual,0,0
liga-2x2-online-s3-e05,Liga 2x2 Online S3-E05,2026-09-03,2026-09,3,2,,zlclkm2uSTX42W2tXhGY,Felipe & Pinho,zlclkm2uSTX42W2tXhGY,Felipe & Pinho,1,,,Felipe & Pinho // Explores of the Deep & Counter Blitz,Felipe & Pinho,felipe & pinho,Felipe,Pinho,Exploradores das Profundezas,Counter Blitz,https://moxfield.com/decks/SvrXYfEIn0q5EprNPf0mqQ,https://moxfield.com/decks/sDazpxFOb0S9IAdQSA_7lg,Exploradores das Profundezas,Counter Blitz,Explorers of the Deep,Counter Blitz,The Lost Caverns of Ixalan,Final Fantasy,manual,0,0
liga-2x2-online-s3-e05,Liga 2x2 Online S3-E05,2026-09-03,2026-09,3,2,,zlclkm2uSTX42W2tXhGY,Felipe & Pinho,UTJKLldD7KFZsQLAIOZi,Vini Chaca & Susan Ferreira,0,,,Vini Chaca & Susan Ferreira // Corrupting Influence & Counter Intelligence,Vini Chaca & Susan Ferreira,susan ferreira & vini chaca,Vini Chaca,Susan Ferreira,Influência Corruptora,Counter Inteligence,https://moxfield.com/decks/wRdT-auSDE6XcMJPM0aHDA,https://moxfield.com/decks/3_8jtm_lzESK6BdFtnM3iA,Influência Corruptora,Counter Inteligence,Corrupting Influence,Counter Inteligence,Phyrexia: All Will Be One,Edge of Eternities,manual,0,0
liga-2x2-online-s3-e05,Liga 2x2 Online S3-E05,2026-09-03,2026-09,3,3,,bdINJzFvkj3CmKLPAX07,Thiago Cunha & Carlos Spinola,bdINJzFvkj3CmKLPAX07,Thiago Cunha & Carlos Spinola,1,,,Thiago Cunha & Carlos Spinola // Sneak Attack e Mind Flayarrrs,Thiago Cunha & Carlos Spinola,carlos spinola & thiago cunha,Thiago Cunha,Carlos Spinola,Ataque Surpresa,Devorarrrdores de Mentes,https://moxfield.com/decks/RzsmVOnyREuqPhNrhrA-ow,https://moxfield.com/decks/fmt6yaMreU2LXsLELVt7xw,Ataque Surpresa,Devorarrrdores de Mentes,Sneak Attack,Mind Flayarrrs,Zendikar Rising,Commander Legends: Battle for Baldur's Gate,manual,0,0
liga-2x2-online-s3-e05,Liga 2x2 Online S3-E05,2026-09-03,2026-09,3,3,,bdINJzFvkj3CmKLPAX07,Thiago Cunha & Carlos Spinola,FyEfRdq31ENZMkjpBRkM,Marcos Sartori & Arthur Sartori,0,,,Marcos Sartori & Arthur Sartori // Animated Army & Family Matters,Marcos Sartori & Arthur Sartori,arthur sartori & marcos sartori,Marcos Sartori,Arthur Sartori,Animated Army,Family Matters,https://moxfield.com/decks/IZBQnOST_kWlQtqytb75rg,https://moxfield.com/decks/c6jPOurIekil4dXtwVWq8w,Animated Army,Family Matters,Animated Army,Family Matters,Bloomburrow,Bloomburrow,manual,0,0
